{
	"credit": "Made with Blockbench",
	"texture_size": [192, 192],
	"textures": {
		"1": "models/battlebot-robot/battlebot-robot"
		"particle": "models/battlebot-robot/battlebot-robot"
	},
	"elements": [
		{
			"from": [7, -6, -2],
			"to": [12, 6, 3],
			"rotation": {"angle": 22.5, "axis": "x", "origin": [0, 0, 0]},
			"faces": {
				"north": {"uv": [5.33333, 5.33333, 6.16667, 7.33333], "texture": "#1"},
				"east": {"uv": [6.16667, 5.33333, 7, 7.33333], "texture": "#1"},
				"south": {"uv": [7, 5.33333, 7.83333, 7.33333], "texture": "#1"},
				"west": {"uv": [5.33333, 7.33333, 6.16667, 9.33333], "texture": "#1"},
				"up": {"uv": [7, 8.16667, 6.16667, 7.33333], "texture": "#1"},
				"down": {"uv": [7.83333, 7.33333, 7, 8.16667], "texture": "#1"}
			}
		},
		{
			"from": [0, -8, 0],
			"to": [5, 4, 5],
			"rotation": {"angle": -22.5, "axis": "x", "origin": [0, 0, 0]},
			"faces": {
				"north": {"uv": [5.33333, 5.33333, 6.16667, 7.33333], "texture": "#1"},
				"east": {"uv": [6.16667, 5.33333, 7, 7.33333], "texture": "#1"},
				"south": {"uv": [7, 5.33333, 7.83333, 7.33333], "texture": "#1"},
				"west": {"uv": [5.33333, 7.33333, 6.16667, 9.33333], "texture": "#1"},
				"up": {"uv": [7, 8.16667, 6.16667, 7.33333], "texture": "#1"},
				"down": {"uv": [7.83333, 7.33333, 7, 8.16667], "texture": "#1"}
			}
		},
		{
			"from": [14, 10, 3],
			"to": [19, 17, 16],
			"rotation": {"angle": 22.5, "axis": "x", "origin": [0, 0, 0]},
			"faces": {
				"north": {"uv": [13.16667, 3.33333, 12.33333, 2.16667], "rotation": 180, "texture": "#1"},
				"east": {"uv": [10.66667, 0, 11.83333, 2.16667], "rotation": 90, "texture": "#1"},
				"south": {"uv": [13.83333, 0, 13, 1.16667], "texture": "#1"},
				"west": {"uv": [11.83333, 0, 13, 2.16667], "rotation": 270, "texture": "#1"},
				"up": {"uv": [11.5, 2.16667, 12.33333, 4.33333], "texture": "#1"},
				"down": {"uv": [10.66667, 2.16667, 11.5, 4.33333], "rotation": 180, "texture": "#1"}
			}
		},
		{
			"from": [-12, 13, 8],
			"to": [-7, 20, 21],
			"rotation": {"angle": 22.5, "axis": "y", "origin": [0, 0, 0]},
			"faces": {
				"north": {"uv": [13.16667, 3.33333, 12.33333, 2.16667], "rotation": 180, "texture": "#1"},
				"east": {"uv": [10.66667, 0, 11.83333, 2.16667], "rotation": 90, "texture": "#1"},
				"south": {"uv": [13.83333, 0, 13, 1.16667], "texture": "#1"},
				"west": {"uv": [11.83333, 0, 13, 2.16667], "rotation": 270, "texture": "#1"},
				"up": {"uv": [11.5, 2.16667, 12.33333, 4.33333], "texture": "#1"},
				"down": {"uv": [10.66667, 2.16667, 11.5, 4.33333], "rotation": 180, "texture": "#1"}
			}
		},
		{
			"from": [0, 8, -5],
			"to": [12, 21, 2],
			"rotation": {"angle": 22.5, "axis": "x", "origin": [0, 0, 0]},
			"faces": {
				"north": {"uv": [0, 5.33333, 2, 7.5], "texture": "#1"},
				"east": {"uv": [0, 7.5, 1.16667, 9.66667], "texture": "#1"},
				"south": {"uv": [2, 5.33333, 4, 7.5], "texture": "#1"},
				"west": {"uv": [1.16667, 7.5, 2.33333, 9.66667], "texture": "#1"},
				"up": {"uv": [4.33333, 8.66667, 2.33333, 7.5], "texture": "#1"},
				"down": {"uv": [4.33333, 8.66667, 2.33333, 9.83333], "texture": "#1"}
			}
		},
		{
			"from": [13, 14, -5],
			"to": [20, 21, 2],
			"rotation": {"angle": 22.5, "axis": "x", "origin": [0, 0, 0]},
			"faces": {
				"north": {"uv": [5.33333, 0, 6.5, 1.16667], "texture": "#1"},
				"east": {"uv": [5.33333, 1.16667, 6.5, 2.33333], "texture": "#1"},
				"south": {"uv": [6.5, 0, 7.66667, 1.16667], "texture": "#1"},
				"west": {"uv": [6.5, 1.16667, 7.66667, 2.33333], "texture": "#1"},
				"up": {"uv": [6.5, 3.5, 5.33333, 2.33333], "texture": "#1"},
				"down": {"uv": [8.83333, 0, 7.66667, 1.16667], "texture": "#1"}
			}
		},
		{
			"from": [-8, 14, 2],
			"to": [-1, 21, 9],
			"faces": {
				"north": {"uv": [5.33333, 0, 6.5, 1.16667], "texture": "#1"},
				"east": {"uv": [5.33333, 1.16667, 6.5, 2.33333], "texture": "#1"},
				"south": {"uv": [6.5, 0, 7.66667, 1.16667], "texture": "#1"},
				"west": {"uv": [6.5, 1.16667, 7.66667, 2.33333], "texture": "#1"},
				"up": {"uv": [6.5, 3.5, 5.33333, 2.33333], "texture": "#1"},
				"down": {"uv": [8.83333, 0, 7.66667, 1.16667], "texture": "#1"}
			}
		},
		{
			"from": [12, 7, -4],
			"to": [13, 12, 1],
			"rotation": {"angle": 22.5, "axis": "x", "origin": [0, 0, 0]},
			"faces": {
				"north": {"uv": [1.66667, 0, 2, 1.66667], "texture": "#1"},
				"east": {"uv": [0, 0, 1.66667, 1.66667], "texture": "#1"},
				"south": {"uv": [1.66667, 1.66667, 2, 3.33333], "texture": "#1"},
				"west": {"uv": [0, 1.66667, 1.66667, 3.33333], "texture": "#1"},
				"up": {"uv": [2.33333, 1.66667, 2, 0], "texture": "#1"},
				"down": {"uv": [2.33333, 1.66667, 2, 3.33333], "texture": "#1"}
			}
		},
		{
			"from": [-1, 7, -4],
			"to": [0, 12, 1],
			"rotation": {"angle": 22.5, "axis": "x", "origin": [0, 0, 0]},
			"faces": {
				"north": {"uv": [1.66667, 0, 2, 1.66667], "texture": "#1"},
				"east": {"uv": [0, 0, 1.66667, 1.66667], "texture": "#1"},
				"south": {"uv": [1.66667, 1.66667, 2, 3.33333], "texture": "#1"},
				"west": {"uv": [0, 1.66667, 1.66667, 3.33333], "texture": "#1"},
				"up": {"uv": [2.33333, 1.66667, 2, 0], "texture": "#1"},
				"down": {"uv": [2.33333, 1.66667, 2, 3.33333], "texture": "#1"}
			}
		},
		{
			"from": [-16, 13, 16],
			"to": [10, 15, 18],
			"rotation": {"angle": -45, "axis": "z", "origin": [0, 0, 0]},
			"faces": {
				"north": {"uv": [10.66667, 5.33333, 15, 5.66667], "texture": "#1"},
				"east": {"uv": [10.66667, 6.66667, 11, 7], "texture": "#1"},
				"south": {"uv": [10.66667, 5.66667, 15, 6], "texture": "#1"},
				"west": {"uv": [11, 6.66667, 11.33333, 7], "texture": "#1"},
				"up": {"uv": [15, 6.33333, 10.66667, 6], "texture": "#1"},
				"down": {"uv": [15, 6.33333, 10.66667, 6.66667], "texture": "#1"}
			}
		},
		{
			"from": [-1, 20, 11],
			"to": [0, 29, 17],
			"rotation": {"angle": -22.5, "axis": "x", "origin": [0, 0, 0]},
			"faces": {
				"north": {"uv": [5.33333, 12.16667, 5.5, 13.66667], "texture": "#1"},
				"east": {"uv": [5.33333, 10.66667, 6.33333, 12.16667], "texture": "#1"},
				"south": {"uv": [5.5, 12.16667, 5.66667, 13.66667], "texture": "#1"},
				"west": {"uv": [6.33333, 10.66667, 7.33333, 12.16667], "texture": "#1"},
				"up": {"uv": [5.83333, 13.16667, 5.66667, 12.16667], "texture": "#1"},
				"down": {"uv": [6, 12.16667, 5.83333, 13.16667], "texture": "#1"}
			}
		},
		{
			"from": [12, 20, 11],
			"to": [13, 29, 17],
			"rotation": {"angle": -22.5, "axis": "x", "origin": [0, 0, 0]},
			"faces": {
				"north": {"uv": [5.33333, 12.16667, 5.5, 13.66667], "texture": "#1"},
				"east": {"uv": [5.33333, 10.66667, 6.33333, 12.16667], "texture": "#1"},
				"south": {"uv": [5.5, 12.16667, 5.66667, 13.66667], "texture": "#1"},
				"west": {"uv": [6.33333, 10.66667, 7.33333, 12.16667], "texture": "#1"},
				"up": {"uv": [5.83333, 13.16667, 5.66667, 12.16667], "texture": "#1"},
				"down": {"uv": [6, 12.16667, 5.83333, 13.16667], "texture": "#1"}
			}
		},
		{
			"from": [1, 22, 1],
			"to": [11, 32, 11],
			"faces": {
				"north": {"uv": [0, 10.66667, 1.66667, 12.33333], "texture": "#1"},
				"east": {"uv": [0, 12.33333, 1.66667, 14], "texture": "#1"},
				"south": {"uv": [1.66667, 10.66667, 3.33333, 12.33333], "texture": "#1"},
				"west": {"uv": [1.66667, 12.33333, 3.33333, 14], "texture": "#1"},
				"up": {"uv": [1.66667, 15.66667, 0, 14], "texture": "#1"},
				"down": {"uv": [5, 10.66667, 3.33333, 12.33333], "texture": "#1"}
			}
		},
		{
			"from": [-16, 12.5, 15.5],
			"to": [-2, 15.5, 18.5],
			"rotation": {"angle": -45, "axis": "z", "origin": [0, 0, 0]},
			"faces": {
				"north": {"uv": [10.83333, 8.58333, 15.16667, 8.91667], "texture": "#1"},
				"east": {"uv": [10.83333, 9.91667, 11.16667, 10.25], "texture": "#1"},
				"south": {"uv": [10.83333, 8.91667, 15.16667, 9.25], "texture": "#1"},
				"west": {"uv": [11.16667, 9.91667, 11.5, 10.25], "texture": "#1"},
				"up": {"uv": [15.16667, 9.58333, 10.83333, 9.25], "texture": "#1"},
				"down": {"uv": [15.16667, 9.58333, 10.83333, 9.91667], "texture": "#1"}
			}
		},
		{
			"from": [1, 16, 2],
			"to": [4, 19, 3],
			"rotation": {"angle": 22.5, "axis": "x", "origin": [0, 0, 0]},
			"faces": {
				"north": {"uv": [13, 12.66667, 13.25, 12.91667], "texture": "#1"},
				"east": {"uv": [13, 12.66667, 13.08333, 12.91667], "texture": "#1"},
				"south": {"uv": [13, 12.66667, 13.25, 12.91667], "texture": "#1"},
				"west": {"uv": [13, 12.66667, 13.08333, 12.91667], "texture": "#1"},
				"up": {"uv": [13, 12.66667, 13.25, 12.75], "texture": "#1"},
				"down": {"uv": [13, 12.66667, 13.25, 12.75], "texture": "#1"}
			}
		}
	],
	"display": {
		"thirdperson_righthand": {
			"translation": [-5.75, 4.5, 14]
		},
		"gui": {
			"rotation": [18, -22, 0],
			"translation": [0.75, -2.75, 0],
			"scale": [0.46, 0.4, 0.46]
		},
		"head": {
			"rotation": [0, 180, 0],
			"translation": [-4.5, -20.75, -9],
			"scale": [1.69, 1.69, 1.69]
		}
	}
}