{
	"credit": "Made with Blockbench",
	"texture_size": [64, 64],
	"textures": {
		"1": "models/beacondevice/beacondevice_side",
		"3": "models/beacondevice/beacondevice_bottom",
		"5": "models/beacondevice/beacondevice_platform",
		"particle": "models/beacondevice/beacondevice_platform"
	},
	"elements": [
		{
			"from": [-6, -4, -10],
			"to": [22, 2, 18],
			"faces": {
				"north": {"uv": [7, 0, 14, 1], "texture": "#3"},
				"east": {"uv": [7, 1, 14, 2], "texture": "#3"},
				"south": {"uv": [7, 2, 14, 3], "texture": "#3"},
				"west": {"uv": [7, 3, 14, 4], "texture": "#3"},
				"up": {"uv": [7, 7, 0, 0], "texture": "#3"},
				"down": {"uv": [7, 7, 0, 14], "texture": "#3"}
			}
		},
		{
			"from": [-8, 2, -12],
			"to": [24, 6, 20],
			"faces": {
				"north": {"uv": [8, 0, 16, 1], "texture": "#5"},
				"east": {"uv": [8, 1, 16, 2], "texture": "#5"},
				"south": {"uv": [8, 2, 16, 3], "texture": "#5"},
				"west": {"uv": [8, 3, 16, 4], "texture": "#5"},
				"up": {"uv": [8, 8, 0, 0], "texture": "#5"},
				"down": {"uv": [8, 8, 0, 16], "texture": "#5"}
			}
		},
		{
			"from": [19, 1, 15],
			"to": [25, 7, 21],
			"faces": {
				"north": {"uv": [0, 0, 4, 4], "texture": "#1"},
				"east": {"uv": [0, 4, 4, 8], "texture": "#1"},
				"south": {"uv": [4, 0, 8, 4], "texture": "#1"},
				"west": {"uv": [4, 4, 8, 8], "texture": "#1"},
				"up": {"uv": [4, 12, 0, 8], "texture": "#1"},
				"down": {"uv": [12, 0, 8, 4], "texture": "#1"}
			}
		},
		{
			"from": [-9, 1, 15],
			"to": [-3, 7, 21],
			"faces": {
				"north": {"uv": [0, 0, 4, 4], "texture": "#1"},
				"east": {"uv": [0, 4, 4, 8], "texture": "#1"},
				"south": {"uv": [4, 0, 8, 4], "texture": "#1"},
				"west": {"uv": [4, 4, 8, 8], "texture": "#1"},
				"up": {"uv": [4, 12, 0, 8], "texture": "#1"},
				"down": {"uv": [12, 0, 8, 4], "texture": "#1"}
			}
		},
		{
			"from": [-9, 1, -13],
			"to": [-3, 7, -7],
			"faces": {
				"north": {"uv": [0, 0, 4, 4], "texture": "#1"},
				"east": {"uv": [0, 4, 4, 8], "texture": "#1"},
				"south": {"uv": [4, 0, 8, 4], "texture": "#1"},
				"west": {"uv": [4, 4, 8, 8], "texture": "#1"},
				"up": {"uv": [4, 12, 0, 8], "texture": "#1"},
				"down": {"uv": [12, 0, 8, 4], "texture": "#1"}
			}
		},
		{
			"from": [19, 1, -13],
			"to": [25, 7, -7],
			"faces": {
				"north": {"uv": [0, 0, 4, 4], "texture": "#1"},
				"east": {"uv": [0, 4, 4, 8], "texture": "#1"},
				"south": {"uv": [4, 0, 8, 4], "texture": "#1"},
				"west": {"uv": [4, 4, 8, 8], "texture": "#1"},
				"up": {"uv": [4, 12, 0, 8], "texture": "#1"},
				"down": {"uv": [12, 0, 8, 4], "texture": "#1"}
			}
		}
	],
	"display": {
		"gui": {
			"rotation": [20, -27, 0],
			"translation": [0, 0.25, 0],
			"scale": [0.38, 0.37, 0.38]
		},
		"head": {
			"rotation": [0, 180, 0],
			"translation": [0, 13.5, -0.75],
			"scale": [0.48, 0.88, 0.48]
		},
		"fixed": {
			"rotation": [-90, 180, 0],
			"translation": [-0.5, -10, -39],
			"scale": [3.19, 3.25, 3.19]
		}
	}
}