{
	"credit": "Made with Blockbench",
	"texture_size": [32, 32],
	"textures": {
		"1": "models/bigarrow/1a",
		"2": "models/bigarrow/2a",
		"3": "models/bigarrow/3a",
		"4": "models/bigarrow/4a",
		"5": "models/bigarrow/5a",
		"7": "models/bigarrow/7a",
		"8": "models/bigarrow/6a",
		"9": "models/bigarrow/8a",
		"10": "models/bigarrow/0a",
		"particle": "0a"
	},
	"elements": [
		{
			"from": [1, 5, 7],
			"to": [2, 14, 11],
			"faces": {
				"north": {"uv": [4, 0, 4.5, 4.5], "texture": "#10"},
				"east": {"uv": [0, 0, 2, 4.5], "texture": "#10"},
				"south": {"uv": [0, 4.5, 0.5, 9], "texture": "#10"},
				"west": {"uv": [2, 0, 4, 4.5], "texture": "#10"},
				"up": {"uv": [5, 2, 4.5, 0], "texture": "#10"},
				"down": {"uv": [1, 4.5, 0.5, 6.5], "texture": "#10"}
			}
		},
		{
			"from": [1, 14, 1],
			"to": [2, 15, 17],
			"faces": {
				"north": {"uv": [1, 1, 1.5, 1.5], "texture": "#1"},
				"east": {"uv": [0, 0, 8, 0.5], "texture": "#1"},
				"south": {"uv": [1, 1.5, 1.5, 2], "texture": "#1"},
				"west": {"uv": [0, 0.5, 8, 1], "texture": "#1"},
				"up": {"uv": [0.5, 9, 0, 1], "texture": "#1"},
				"down": {"uv": [1, 1, 0.5, 9], "texture": "#1"}
			}
		},
		{
			"from": [1, 15, 2],
			"to": [2, 16, 16],
			"faces": {
				"north": {"uv": [2, 2, 3, 3], "texture": "#2"},
				"east": {"uv": [0, 0, 14, 1], "texture": "#2"},
				"south": {"uv": [2, 3, 3, 4], "texture": "#2"},
				"west": {"uv": [0, 1, 14, 2], "texture": "#2"},
				"up": {"uv": [1, 16, 0, 2], "texture": "#2"},
				"down": {"uv": [2, 2, 1, 16], "texture": "#2"}
			}
		},
		{
			"from": [1, 16, 3],
			"to": [2, 17, 15],
			"faces": {
				"north": {"uv": [2, 2, 3, 3], "texture": "#3"},
				"east": {"uv": [0, 0, 12, 1], "texture": "#3"},
				"south": {"uv": [2, 3, 3, 4], "texture": "#3"},
				"west": {"uv": [0, 1, 12, 2], "texture": "#3"},
				"up": {"uv": [1, 14, 0, 2], "texture": "#3"},
				"down": {"uv": [2, 2, 1, 14], "texture": "#3"}
			}
		},
		{
			"from": [1, 17, 4],
			"to": [2, 18, 14],
			"faces": {
				"north": {"uv": [2, 2, 3, 3], "texture": "#4"},
				"east": {"uv": [0, 0, 10, 1], "texture": "#4"},
				"south": {"uv": [2, 3, 3, 4], "texture": "#4"},
				"west": {"uv": [0, 1, 10, 2], "texture": "#4"},
				"up": {"uv": [1, 12, 0, 2], "texture": "#4"},
				"down": {"uv": [2, 2, 1, 12], "texture": "#4"}
			}
		},
		{
			"from": [1, 18, 5],
			"to": [2, 19, 13],
			"faces": {
				"north": {"uv": [2, 2, 3, 3], "texture": "#5"},
				"east": {"uv": [0, 0, 8, 1], "texture": "#5"},
				"south": {"uv": [2, 3, 3, 4], "texture": "#5"},
				"west": {"uv": [0, 1, 8, 2], "texture": "#5"},
				"up": {"uv": [1, 10, 0, 2], "texture": "#5"},
				"down": {"uv": [2, 2, 1, 10], "texture": "#5"}
			}
		},
		{
			"from": [1, 19, 6],
			"to": [2, 20, 12],
			"faces": {
				"north": {"uv": [4, 4, 6, 6], "texture": "#8"},
				"east": {"uv": [0, 0, 12, 2], "texture": "#8"},
				"south": {"uv": [4, 6, 6, 8], "texture": "#8"},
				"west": {"uv": [0, 2, 12, 4], "texture": "#8"},
				"up": {"uv": [2, 16, 0, 4], "texture": "#8"},
				"down": {"uv": [4, 4, 2, 16], "texture": "#8"}
			}
		},
		{
			"from": [1, 20, 7],
			"to": [2, 21, 11],
			"faces": {
				"north": {"uv": [4, 4, 6, 6], "texture": "#7"},
				"east": {"uv": [0, 0, 8, 2], "texture": "#7"},
				"south": {"uv": [4, 6, 6, 8], "texture": "#7"},
				"west": {"uv": [0, 2, 8, 4], "texture": "#7"},
				"up": {"uv": [2, 12, 0, 4], "texture": "#7"},
				"down": {"uv": [4, 4, 2, 12], "texture": "#7"}
			}
		},
		{
			"from": [1, 21, 8],
			"to": [2, 22, 10],
			"faces": {
				"north": {"uv": [2, 4, 4, 6], "texture": "#9"},
				"east": {"uv": [0, 0, 4, 2], "texture": "#9"},
				"south": {"uv": [4, 4, 6, 6], "texture": "#9"},
				"west": {"uv": [0, 2, 4, 4], "texture": "#9"},
				"up": {"uv": [2, 8, 0, 4], "texture": "#9"},
				"down": {"uv": [6, 0, 4, 4], "texture": "#9"}
			}
		}
	],
	"display": {
		"head": {
			"rotation": [0, -90, 180],
			"translation": [3, -6.75, -15.5],
			"scale": [2.34, 2.65, 2.9]
		}
	}
}