{
	"credit": "From Our Team",
	"texture_size": [32, 32],
	"textures": {
		"0": "models/bigbin/base",
		"1": "models/bigbin/base1",
		"2": "models/bigbin/base2",
		"3": "models/bigbin/lid1",
		"particle": "bin"
	},
	"elements": [
		{
			"from": [2, 0, 0],
			"to": [14, 6, 16],
			"faces": {
				"north": {"uv": [0, 11, 6, 14], "texture": "#0"},
				"east": {"uv": [0, 8, 8, 11], "texture": "#0"},
				"south": {"uv": [6, 11, 12, 14], "texture": "#0"},
				"west": {"uv": [8, 8, 16, 11], "texture": "#0"},
				"up": {"uv": [6, 8, 0, 0], "texture": "#0"},
				"down": {"uv": [12, 0, 6, 8], "texture": "#0"}
			}
		},
		{
			"from": [9, 6, 0],
			"to": [14, 8, 16],
			"faces": {
				"north": {"uv": [5, 2, 7.5, 3], "texture": "#1"},
				"east": {"uv": [5, 0, 13, 1], "texture": "#1"},
				"south": {"uv": [5, 3, 7.5, 4], "texture": "#1"},
				"west": {"uv": [5, 1, 13, 2], "texture": "#1"},
				"up": {"uv": [2.5, 8, 0, 0], "texture": "#1"},
				"down": {"uv": [5, 0, 2.5, 8], "texture": "#1"}
			}
		},
		{
			"from": [4, 2, 0],
			"to": [16, 5, 16],
			"rotation": {"angle": 22.5, "axis": "z", "origin": [0, 0, 0]},
			"faces": {
				"north": {"uv": [0, 9.5, 6, 11], "texture": "#2"},
				"east": {"uv": [0, 8, 8, 9.5], "texture": "#2"},
				"south": {"uv": [6, 9.5, 12, 11], "texture": "#2"},
				"west": {"uv": [8, 8, 16, 9.5], "texture": "#2"},
				"up": {"uv": [6, 8, 0, 0], "texture": "#2"},
				"down": {"uv": [12, 0, 6, 8], "texture": "#2"}
			}
		},
		{
			"from": [-10, 16, 0],
			"to": [2, 17, 16],
			"rotation": {"angle": -45, "axis": "z", "origin": [0, 0, 0]},
			"faces": {
				"north": {"uv": [0, 8.5, 6, 9], "texture": "#3"},
				"east": {"uv": [0, 8, 8, 8.5], "texture": "#3"},
				"south": {"uv": [6, 8.5, 12, 9], "texture": "#3"},
				"west": {"uv": [8, 8, 16, 8.5], "texture": "#3"},
				"up": {"uv": [6, 8, 0, 0], "texture": "#3"},
				"down": {"uv": [12, 0, 6, 8], "texture": "#3"}
			}
		}
	],
	"display": {
		"head": {
			"rotation": [0, -90, 0],
			"translation": [0, -21.5, 0],
			"scale": [2.93, 2.93, 2.93]
		}
	}
}