{
	"credit": "Made with Blockbench",
	"texture_size": [1024, 1024],
	"textures": {
		"13": "models/bluetruck/bluetruck"
	},
	"elements": [
		{
			"from": [14, 1, -8],
			"to": [20, 8, -1],
			"faces": {
				"north": {"uv": [8.875, 4, 9.625, 4.875], "texture": "#13"},
				"east": {"uv": [8, 4, 8.875, 4.875], "texture": "#13"},
				"south": {"uv": [8.875, 4.875, 9.625, 5.75], "texture": "#13"},
				"west": {"uv": [8, 4.875, 8.875, 5.75], "texture": "#13"},
				"up": {"uv": [10.375, 4.875, 9.625, 4], "texture": "#13"},
				"down": {"uv": [10.375, 4.875, 9.625, 5.75], "texture": "#13"}
			}
		},
		{
			"from": [14, 1, 15],
			"to": [20, 8, 22],
			"faces": {
				"north": {"uv": [8.875, 4, 9.625, 4.875], "texture": "#13"},
				"east": {"uv": [8, 4, 8.875, 4.875], "texture": "#13"},
				"south": {"uv": [8.875, 4.875, 9.625, 5.75], "texture": "#13"},
				"west": {"uv": [8, 4.875, 8.875, 5.75], "texture": "#13"},
				"up": {"uv": [10.375, 4.875, 9.625, 4], "texture": "#13"},
				"down": {"uv": [10.375, 4.875, 9.625, 5.75], "texture": "#13"}
			}
		},
		{
			"from": [-3, 1, 15],
			"to": [3, 8, 22],
			"faces": {
				"north": {"uv": [8.875, 4.875, 9.625, 5.75], "texture": "#13"},
				"east": {"uv": [8, 4.875, 8.875, 5.75], "texture": "#13"},
				"south": {"uv": [8.875, 4, 9.625, 4.875], "texture": "#13"},
				"west": {"uv": [8, 4, 8.875, 4.875], "texture": "#13"},
				"up": {"uv": [10.375, 4.875, 9.625, 4], "rotation": 180, "texture": "#13"},
				"down": {"uv": [10.375, 4.875, 9.625, 5.75], "rotation": 180, "texture": "#13"}
			}
		},
		{
			"from": [-3, 1, -8],
			"to": [3, 8, -1],
			"faces": {
				"north": {"uv": [8.875, 4.875, 9.625, 5.75], "texture": "#13"},
				"east": {"uv": [8, 4.875, 8.875, 5.75], "texture": "#13"},
				"south": {"uv": [8.875, 4, 9.625, 4.875], "texture": "#13"},
				"west": {"uv": [8, 4, 8.875, 4.875], "texture": "#13"},
				"up": {"uv": [10.375, 4.875, 9.625, 4], "rotation": 180, "texture": "#13"},
				"down": {"uv": [10.375, 4.875, 9.625, 5.75], "rotation": 180, "texture": "#13"}
			}
		},
		{
			"from": [19, 3, -1],
			"to": [21, 8, 1],
			"faces": {
				"north": {"uv": [4, 0, 4.75, 1.25], "texture": "#13"},
				"east": {"uv": [4, 1.25, 4.5, 2.5], "texture": "#13"},
				"south": {"uv": [4.75, 0, 5.5, 1.25], "texture": "#13"},
				"west": {"uv": [4.5, 1.25, 5, 2.5], "texture": "#13"},
				"up": {"uv": [5.75, 1.75, 5, 1.25], "texture": "#13"},
				"down": {"uv": [6.25, 0, 5.5, 0.5], "texture": "#13"}
			}
		},
		{
			"from": [19, 3, 22],
			"to": [21, 8, 24],
			"faces": {
				"north": {"uv": [4, 0, 4.75, 1.25], "texture": "#13"},
				"east": {"uv": [4, 1.25, 4.5, 2.5], "texture": "#13"},
				"south": {"uv": [4.75, 0, 5.5, 1.25], "texture": "#13"},
				"west": {"uv": [4.5, 1.25, 5, 2.5], "texture": "#13"},
				"up": {"uv": [5.75, 1.75, 5, 1.25], "texture": "#13"},
				"down": {"uv": [6.25, 0, 5.5, 0.5], "texture": "#13"}
			}
		},
		{
			"from": [-4, 3, 22],
			"to": [-2, 8, 24],
			"faces": {
				"north": {"uv": [4, 0, 4.75, 1.25], "texture": "#13"},
				"east": {"uv": [4, 1.25, 4.5, 2.5], "texture": "#13"},
				"south": {"uv": [4.75, 0, 5.5, 1.25], "texture": "#13"},
				"west": {"uv": [4.5, 1.25, 5, 2.5], "texture": "#13"},
				"up": {"uv": [5.75, 1.75, 5, 1.25], "texture": "#13"},
				"down": {"uv": [6.25, 0, 5.5, 0.5], "texture": "#13"}
			}
		},
		{
			"from": [19, 3, -10],
			"to": [21, 8, -8],
			"faces": {
				"north": {"uv": [0, 0, 0.75, 1.25], "texture": "#13"},
				"east": {"uv": [0, 1.25, 0.5, 2.5], "texture": "#13"},
				"south": {"uv": [0.75, 0, 1.5, 1.25], "texture": "#13"},
				"west": {"uv": [0.5, 1.25, 1, 2.5], "texture": "#13"},
				"up": {"uv": [1.75, 1.75, 1, 1.25], "texture": "#13"},
				"down": {"uv": [2.25, 0, 1.5, 0.5], "texture": "#13"}
			}
		},
		{
			"from": [-4, 3, -10],
			"to": [-2, 8, -8],
			"faces": {
				"north": {"uv": [0, 0, 0.75, 1.25], "texture": "#13"},
				"east": {"uv": [0, 1.25, 0.5, 2.5], "texture": "#13"},
				"south": {"uv": [0.75, 0, 1.5, 1.25], "texture": "#13"},
				"west": {"uv": [0.5, 1.25, 1, 2.5], "texture": "#13"},
				"up": {"uv": [1.75, 1.75, 1, 1.25], "texture": "#13"},
				"down": {"uv": [2.25, 0, 1.5, 0.5], "texture": "#13"}
			}
		},
		{
			"from": [19, 3, 13],
			"to": [21, 8, 15],
			"faces": {
				"north": {"uv": [0, 0, 0.75, 1.25], "texture": "#13"},
				"east": {"uv": [0, 1.25, 0.5, 2.5], "texture": "#13"},
				"south": {"uv": [0.75, 0, 1.5, 1.25], "texture": "#13"},
				"west": {"uv": [0.5, 1.25, 1, 2.5], "texture": "#13"},
				"up": {"uv": [1.75, 1.75, 1, 1.25], "texture": "#13"},
				"down": {"uv": [2.25, 0, 1.5, 0.5], "texture": "#13"}
			}
		},
		{
			"from": [-4, 3, 13],
			"to": [-2, 8, 15],
			"faces": {
				"north": {"uv": [0, 0, 0.75, 1.25], "texture": "#13"},
				"east": {"uv": [0, 1.25, 0.5, 2.5], "texture": "#13"},
				"south": {"uv": [0.75, 0, 1.5, 1.25], "texture": "#13"},
				"west": {"uv": [0.5, 1.25, 1, 2.5], "texture": "#13"},
				"up": {"uv": [1.75, 1.75, 1, 1.25], "texture": "#13"},
				"down": {"uv": [2.25, 0, 1.5, 0.5], "texture": "#13"}
			}
		},
		{
			"from": [-4, 3, -1],
			"to": [-2, 8, 1],
			"faces": {
				"north": {"uv": [0, 0, 0.75, 1.25], "texture": "#13"},
				"east": {"uv": [0, 1.25, 0.5, 2.5], "texture": "#13"},
				"south": {"uv": [0.75, 0, 1.5, 1.25], "texture": "#13"},
				"west": {"uv": [0.5, 1.25, 1, 2.5], "texture": "#13"},
				"up": {"uv": [1.75, 1.75, 1, 1.25], "texture": "#13"},
				"down": {"uv": [2.25, 0, 1.5, 0.5], "texture": "#13"}
			}
		},
		{
			"from": [19, 8, -10],
			"to": [21, 10, 1],
			"faces": {
				"north": {"uv": [4.75, 4.5, 5.125, 4.75], "texture": "#13"},
				"east": {"uv": [4.75, 4, 6.125, 4.25], "texture": "#13"},
				"south": {"uv": [4.75, 4.75, 5.125, 5], "texture": "#13"},
				"west": {"uv": [4.75, 4.25, 6.125, 4.5], "texture": "#13"},
				"up": {"uv": [4.375, 5.375, 4, 4], "texture": "#13"},
				"down": {"uv": [4.75, 4, 4.375, 5.375], "texture": "#13"}
			}
		},
		{
			"from": [-4, 8, -10],
			"to": [-2, 10, 1],
			"faces": {
				"north": {"uv": [4.75, 4.5, 5.125, 4.75], "texture": "#13"},
				"east": {"uv": [4.75, 4, 6.125, 4.25], "texture": "#13"},
				"south": {"uv": [4.75, 4.75, 5.125, 5], "texture": "#13"},
				"west": {"uv": [4.75, 4.25, 6.125, 4.5], "texture": "#13"},
				"up": {"uv": [4.375, 5.375, 4, 4], "texture": "#13"},
				"down": {"uv": [4.75, 4, 4.375, 5.375], "texture": "#13"}
			}
		},
		{
			"from": [-4, 8, 13],
			"to": [-2, 10, 24],
			"faces": {
				"north": {"uv": [4.75, 4.5, 5.125, 4.75], "texture": "#13"},
				"east": {"uv": [4.75, 4, 6.125, 4.25], "texture": "#13"},
				"south": {"uv": [4.75, 4.75, 5.125, 5], "texture": "#13"},
				"west": {"uv": [4.75, 4.25, 6.125, 4.5], "texture": "#13"},
				"up": {"uv": [4.375, 5.375, 4, 4], "texture": "#13"},
				"down": {"uv": [4.75, 4, 4.375, 5.375], "texture": "#13"}
			}
		},
		{
			"from": [19, 8, 13],
			"to": [21, 10, 24],
			"faces": {
				"north": {"uv": [4.75, 4.5, 5.125, 4.75], "texture": "#13"},
				"east": {"uv": [4.75, 4, 6.125, 4.25], "texture": "#13"},
				"south": {"uv": [4.75, 4.75, 5.125, 5], "texture": "#13"},
				"west": {"uv": [4.75, 4.25, 6.125, 4.5], "texture": "#13"},
				"up": {"uv": [4.375, 5.375, 4, 4], "texture": "#13"},
				"down": {"uv": [4.75, 4, 4.375, 5.375], "texture": "#13"}
			}
		},
		{
			"from": [-2, 4, -14],
			"to": [19, 11, 30],
			"faces": {
				"north": {"uv": [1.3125, 12.5, 1.96875, 12.75], "texture": "#13"},
				"east": {"uv": [1.3125, 12, 2.6875, 12.25], "texture": "#13"},
				"south": {"uv": [1.3125, 12.75, 1.96875, 13], "texture": "#13"},
				"west": {"uv": [1.3125, 12.25, 2.6875, 12.5], "texture": "#13"},
				"up": {"uv": [0.65625, 13.375, 0, 12], "texture": "#13"},
				"down": {"uv": [1.3125, 12, 0.65625, 13.375], "texture": "#13"}
			}
		},
		{
			"from": [-2, 4, -15],
			"to": [19, 7, -14],
			"faces": {
				"north": {"uv": [0, 8, 2.625, 8.375], "texture": "#13"},
				"east": {"uv": [0, 9, 0.125, 9.375], "texture": "#13"},
				"south": {"uv": [0, 8.375, 2.625, 8.75], "texture": "#13"},
				"west": {"uv": [0.125, 9, 0.25, 9.375], "texture": "#13"},
				"up": {"uv": [2.625, 8.875, 0, 8.75], "texture": "#13"},
				"down": {"uv": [2.625, 8.875, 0, 9], "texture": "#13"}
			}
		},
		{
			"from": [-2, 4, 30],
			"to": [19, 7, 31],
			"faces": {
				"north": {"uv": [0, 8, 2.625, 8.375], "texture": "#13"},
				"east": {"uv": [0, 9, 0.125, 9.375], "texture": "#13"},
				"south": {"uv": [0, 8.375, 2.625, 8.75], "texture": "#13"},
				"west": {"uv": [0.125, 9, 0.25, 9.375], "texture": "#13"},
				"up": {"uv": [2.625, 8.875, 0, 8.75], "texture": "#13"},
				"down": {"uv": [2.625, 8.875, 0, 9], "texture": "#13"}
			}
		},
		{
			"from": [-3, 4, 1],
			"to": [-2, 7, 13],
			"faces": {
				"north": {"uv": [12.25, 4.75, 12.375, 5.125], "texture": "#13"},
				"east": {"uv": [12, 4, 13.5, 4.375], "texture": "#13"},
				"south": {"uv": [12.375, 4.75, 12.5, 5.125], "texture": "#13"},
				"west": {"uv": [12, 4.375, 13.5, 4.75], "texture": "#13"},
				"up": {"uv": [12.125, 6.25, 12, 4.75], "texture": "#13"},
				"down": {"uv": [12.25, 4.75, 12.125, 6.25], "texture": "#13"}
			}
		},
		{
			"from": [19, 4, 1],
			"to": [20, 7, 13],
			"faces": {
				"north": {"uv": [12.25, 4.75, 12.375, 5.125], "texture": "#13"},
				"east": {"uv": [12, 4, 13.5, 4.375], "texture": "#13"},
				"south": {"uv": [12.375, 4.75, 12.5, 5.125], "texture": "#13"},
				"west": {"uv": [12, 4.375, 13.5, 4.75], "texture": "#13"},
				"up": {"uv": [12.125, 6.25, 12, 4.75], "texture": "#13"},
				"down": {"uv": [12.25, 4.75, 12.125, 6.25], "texture": "#13"}
			}
		},
		{
			"from": [-3, 4, 24],
			"to": [-2, 7, 31],
			"faces": {
				"north": {"uv": [12.5, 1.5, 12.75, 2.25], "texture": "#13"},
				"east": {"uv": [12, 0, 13.75, 0.75], "texture": "#13"},
				"south": {"uv": [12.75, 1.5, 13, 2.25], "texture": "#13"},
				"west": {"uv": [12, 0.75, 13.75, 1.5], "texture": "#13"},
				"up": {"uv": [12.25, 3.25, 12, 1.5], "texture": "#13"},
				"down": {"uv": [12.5, 1.5, 12.25, 3.25], "texture": "#13"}
			}
		},
		{
			"from": [19, 4, 24],
			"to": [20, 7, 31],
			"faces": {
				"north": {"uv": [12.5, 1.5, 12.75, 2.25], "texture": "#13"},
				"east": {"uv": [12, 0, 13.75, 0.75], "texture": "#13"},
				"south": {"uv": [12.75, 1.5, 13, 2.25], "texture": "#13"},
				"west": {"uv": [12, 0.75, 13.75, 1.5], "texture": "#13"},
				"up": {"uv": [12.25, 3.25, 12, 1.5], "texture": "#13"},
				"down": {"uv": [12.5, 1.5, 12.25, 3.25], "texture": "#13"}
			}
		},
		{
			"from": [-3, 4, -15],
			"to": [-2, 7, -10],
			"faces": {
				"north": {"uv": [8, 1.5, 8.25, 2.25], "texture": "#13"},
				"east": {"uv": [8, 0, 9.25, 0.75], "texture": "#13"},
				"south": {"uv": [9.5, 0, 9.75, 0.75], "texture": "#13"},
				"west": {"uv": [8, 0.75, 9.25, 1.5], "texture": "#13"},
				"up": {"uv": [9.5, 1.25, 9.25, 0], "texture": "#13"},
				"down": {"uv": [9.5, 1.25, 9.25, 2.5], "texture": "#13"}
			}
		},
		{
			"from": [19, 4, -15],
			"to": [20, 7, -10],
			"faces": {
				"north": {"uv": [8, 1.5, 8.25, 2.25], "texture": "#13"},
				"east": {"uv": [8, 0, 9.25, 0.75], "texture": "#13"},
				"south": {"uv": [9.5, 0, 9.75, 0.75], "texture": "#13"},
				"west": {"uv": [8, 0.75, 9.25, 1.5], "texture": "#13"},
				"up": {"uv": [9.5, 1.25, 9.25, 0], "texture": "#13"},
				"down": {"uv": [9.5, 1.25, 9.25, 2.5], "texture": "#13"}
			}
		},
		{
			"from": [-2, 11, 9],
			"to": [19, 20, 22],
			"faces": {
				"north": {"uv": [13.3125, 8, 14.625, 8.5], "texture": "#13"},
				"east": {"uv": [13.3125, 9, 14.125, 9.5], "texture": "#13"},
				"south": {"uv": [13.3125, 8.5, 14.625, 9], "texture": "#13"},
				"west": {"uv": [13.3125, 9.5, 14.125, 10], "texture": "#13"},
				"up": {"uv": [13.3125, 8.8125, 12, 8], "texture": "#13"},
				"down": {"uv": [13.3125, 8.8125, 12, 9.625], "texture": "#13"}
			}
		},
		{
			"from": [5, 3, 31],
			"to": [12, 6, 32],
			"faces": {
				"north": {"uv": [0, 4, 3.5, 5.5], "texture": "#13"},
				"east": {"uv": [3.5, 4, 4, 5.5], "texture": "#13"},
				"south": {"uv": [0, 5.5, 3.5, 7], "texture": "#13"},
				"west": {"uv": [3.5, 5.5, 4, 7], "texture": "#13"},
				"up": {"uv": [3.5, 7.5, 0, 7], "texture": "#13"},
				"down": {"uv": [3.5, 7.5, 0, 8], "texture": "#13"}
			}
		},
		{
			"from": [5, 3, -16],
			"to": [12, 6, -15],
			"faces": {
				"north": {"uv": [0, 5.5, 3.5, 7], "texture": "#13"},
				"east": {"uv": [3.5, 5.5, 4, 7], "texture": "#13"},
				"south": {"uv": [0, 4, 3.5, 5.5], "texture": "#13"},
				"west": {"uv": [3.5, 4, 4, 5.5], "texture": "#13"},
				"up": {"uv": [3.5, 7.5, 0, 7], "rotation": 180, "texture": "#13"},
				"down": {"uv": [3.5, 7.5, 0, 8], "rotation": 180, "texture": "#13"}
			}
		},
		{
			"from": [-2, 11, -14],
			"to": [-1, 13, 9],
			"faces": {
				"north": {"uv": [4.25, 8.5, 4.375, 8.75], "texture": "#13"},
				"east": {"uv": [4, 8, 6.875, 8.25], "texture": "#13"},
				"south": {"uv": [4.375, 8.5, 4.5, 8.75], "texture": "#13"},
				"west": {"uv": [4, 8.25, 6.875, 8.5], "texture": "#13"},
				"up": {"uv": [4.125, 11.375, 4, 8.5], "texture": "#13"},
				"down": {"uv": [4.25, 8.5, 4.125, 11.375], "texture": "#13"}
			}
		},
		{
			"from": [18, 11, -14],
			"to": [19, 13, 9],
			"faces": {
				"north": {"uv": [4.25, 8.5, 4.375, 8.75], "texture": "#13"},
				"east": {"uv": [4, 8, 6.875, 8.25], "texture": "#13"},
				"south": {"uv": [4.375, 8.5, 4.5, 8.75], "texture": "#13"},
				"west": {"uv": [4, 8.25, 6.875, 8.5], "texture": "#13"},
				"up": {"uv": [4.125, 11.375, 4, 8.5], "texture": "#13"},
				"down": {"uv": [4.25, 8.5, 4.125, 11.375], "texture": "#13"}
			}
		},
		{
			"from": [-1, 11, -14],
			"to": [18, 13, -13],
			"faces": {
				"north": {"uv": [8, 8, 10.375, 8.25], "texture": "#13"},
				"east": {"uv": [8, 8.75, 8.125, 9], "texture": "#13"},
				"south": {"uv": [8, 8.25, 10.375, 8.5], "texture": "#13"},
				"west": {"uv": [8.125, 8.75, 8.25, 9], "texture": "#13"},
				"up": {"uv": [10.375, 8.625, 8, 8.5], "texture": "#13"},
				"down": {"uv": [10.375, 8.625, 8, 8.75], "texture": "#13"}
			}
		}
	],
	"display": {
		"gui": {
			"rotation": [20, -43, 0],
			"translation": [0, -0.25, 0],
			"scale": [0.45, 0.45, 0.38]
		},
		"head": {
			"rotation": [0, 180, 0],
			"translation": [1.5, -22.25, 0.5],
			"scale": [3.69, 3.3, 3.24]
		},
		"fixed": {
			"rotation": [-90, 0, 0],
			"translation": [0, 0, -16.75],
			"scale": [4, 4, 4]
		}
	}
}