{
	"credit": "Made with Blockbench",
	"textures": {
		"0": "models/bunting/1",
		"1": "models/bunting/2",
		"2": "models/bunting/3",
		"3": "models/bunting/4",
		"4": "models/bunting/5",
		"5": "models/bunting/6",
		"7": "models/bunting/flag2",
		"8": "models/bunting/flag3",
		"9": "models/bunting/flag4",
		"10": "models/bunting/flag5",
		"11": "models/bunting/flag6",
		"12": "models/bunting/pole",
		"13": "models/bunting/pole2",
		"14": "models/bunting/flag1",
		"particle": "models/bunting/1"
	},
	"elements": [
		{
			"from": [2, 6, 4],
			"to": [2, 7, 7],
			"faces": {
				"north": {"uv": [0, 0, 0, 1], "texture": "#3"},
				"east": {"uv": [0, 0, 3, 1], "texture": "#3"},
				"south": {"uv": [0, 0, 0, 1], "texture": "#3"},
				"west": {"uv": [0, 1, 3, 2], "texture": "#3"},
				"up": {"uv": [0, 3, 0, 0], "texture": "#3"},
				"down": {"uv": [0, 0, 0, 3], "texture": "#3"}
			}
		},
		{
			"from": [2, 7, 7],
			"to": [2, 8, 10],
			"faces": {
				"north": {"uv": [0, 0, 0, 1], "texture": "#4"},
				"east": {"uv": [0, 0, 3, 1], "texture": "#4"},
				"south": {"uv": [0, 0, 0, 1], "texture": "#4"},
				"west": {"uv": [0, 1, 3, 2], "texture": "#4"},
				"up": {"uv": [0, 3, 0, 0], "texture": "#4"},
				"down": {"uv": [0, 0, 0, 3], "texture": "#4"}
			}
		},
		{
			"from": [2, 5, 1],
			"to": [2, 6, 4],
			"faces": {
				"north": {"uv": [0, 0, 0, 1], "texture": "#2"},
				"east": {"uv": [0, 0, 3, 1], "texture": "#2"},
				"south": {"uv": [0, 0, 0, 1], "texture": "#2"},
				"west": {"uv": [0, 1, 3, 2], "texture": "#2"},
				"up": {"uv": [0, 3, 0, 0], "texture": "#2"},
				"down": {"uv": [0, 0, 0, 3], "texture": "#2"}
			}
		},
		{
			"from": [2, 6, -2],
			"to": [2, 7, 1],
			"faces": {
				"north": {"uv": [0, 0, 0, 1], "texture": "#1"},
				"east": {"uv": [0, 0, 3, 1], "texture": "#1"},
				"south": {"uv": [0, 0, 0, 1], "texture": "#1"},
				"west": {"uv": [0, 1, 3, 2], "texture": "#1"},
				"up": {"uv": [0, 3, 0, 0], "texture": "#1"},
				"down": {"uv": [0, 0, 0, 3], "texture": "#1"}
			}
		},
		{
			"from": [2, 7, -5],
			"to": [2, 8, -2],
			"faces": {
				"north": {"uv": [0, 0, 0, 1], "texture": "#0"},
				"east": {"uv": [0, 0, 3, 1], "texture": "#0"},
				"south": {"uv": [0, 0, 0, 1], "texture": "#0"},
				"west": {"uv": [0, 1, 3, 2], "texture": "#0"},
				"up": {"uv": [0, 3, 0, 0], "texture": "#0"},
				"down": {"uv": [0, 0, 0, 3], "texture": "#0"}
			}
		},
		{
			"from": [2, 7, 15],
			"to": [2, 8, 18],
			"faces": {
				"north": {"uv": [0, 0, 0, 1], "texture": "#5"},
				"east": {"uv": [0, 0, 3, 1], "texture": "#5"},
				"south": {"uv": [0, 0, 0, 1], "texture": "#5"},
				"west": {"uv": [0, 1, 3, 2], "texture": "#5"},
				"up": {"uv": [0, 3, 0, 0], "texture": "#5"},
				"down": {"uv": [0, 0, 0, 3], "texture": "#5"}
			}
		},
		{
			"from": [1, 0, 18],
			"to": [3, 8, 20],
			"faces": {
				"north": {"uv": [0, 0, 2, 8], "texture": "#12"},
				"east": {"uv": [2, 0, 4, 8], "texture": "#12"},
				"south": {"uv": [4, 0, 6, 8], "texture": "#12"},
				"west": {"uv": [6, 0, 8, 8], "texture": "#12"},
				"up": {"uv": [2, 10, 0, 8], "texture": "#12"},
				"down": {"uv": [10, 0, 8, 2], "texture": "#12"}
			}
		},
		{
			"from": [0, -1, 17],
			"to": [4, 0, 21],
			"faces": {
				"north": {"uv": [4, 0, 8, 1], "texture": "#13"},
				"east": {"uv": [4, 1, 8, 2], "texture": "#13"},
				"south": {"uv": [4, 2, 8, 3], "texture": "#13"},
				"west": {"uv": [4, 3, 8, 4], "texture": "#13"},
				"up": {"uv": [4, 4, 0, 0], "texture": "#13"},
				"down": {"uv": [4, 4, 0, 8], "texture": "#13"}
			}
		},
		{
			"from": [2, 5, 10],
			"to": [2, 8, 15],
			"faces": {
				"north": {"uv": [0, 0, 0, 3], "texture": "#14"},
				"east": {"uv": [0, 0, 5, 3], "texture": "#14"},
				"south": {"uv": [0, 0, 0, 3], "texture": "#14"},
				"west": {"uv": [0, 3, 5, 6], "texture": "#14"},
				"up": {"uv": [0, 5, 0, 0], "texture": "#14"},
				"down": {"uv": [0, 0, 0, 5], "texture": "#14"}
			}
		},
		{
			"from": [2, 3, 0],
			"to": [2, 5, 5],
			"faces": {
				"north": {"uv": [0, 0, 0, 2], "texture": "#9"},
				"east": {"uv": [0, 0, 5, 2], "texture": "#9"},
				"south": {"uv": [0, 0, 0, 2], "texture": "#9"},
				"west": {"uv": [0, 2, 5, 4], "texture": "#9"},
				"up": {"uv": [0, 5, 0, 0], "texture": "#9"},
				"down": {"uv": [0, 0, 0, 5], "texture": "#9"}
			}
		},
		{
			"from": [2, 1, 1],
			"to": [2, 3, 4],
			"faces": {
				"north": {"uv": [0, 0, 0, 2], "texture": "#10"},
				"east": {"uv": [0, 0, 3, 2], "texture": "#10"},
				"south": {"uv": [0, 0, 0, 2], "texture": "#10"},
				"west": {"uv": [0, 2, 3, 4], "texture": "#10"},
				"up": {"uv": [0, 3, 0, 0], "texture": "#10"},
				"down": {"uv": [0, 0, 0, 3], "texture": "#10"}
			}
		},
		{
			"from": [2, 0, 2],
			"to": [2, 1, 3],
			"faces": {
				"north": {"uv": [0, 0, 0, 1], "texture": "#11"},
				"east": {"uv": [0, 0, 1, 1], "texture": "#11"},
				"south": {"uv": [0, 0, 0, 1], "texture": "#11"},
				"west": {"uv": [0, 1, 1, 2], "texture": "#11"},
				"up": {"uv": [0, 1, 0, 0], "texture": "#11"},
				"down": {"uv": [0, 0, 0, 1], "texture": "#11"}
			}
		},
		{
			"from": [2, 2, 12],
			"to": [2, 3, 13],
			"faces": {
				"north": {"uv": [0, 0, 0, 1], "texture": "#8"},
				"east": {"uv": [0, 0, 1, 1], "texture": "#8"},
				"south": {"uv": [0, 0, 0, 1], "texture": "#8"},
				"west": {"uv": [0, 1, 1, 2], "texture": "#8"},
				"up": {"uv": [0, 1, 0, 0], "texture": "#8"},
				"down": {"uv": [0, 0, 0, 1], "texture": "#8"}
			}
		},
		{
			"from": [2, 3, 11],
			"to": [2, 5, 14],
			"faces": {
				"north": {"uv": [0, 0, 0, 2], "texture": "#7"},
				"east": {"uv": [0, 0, 3, 2], "texture": "#7"},
				"south": {"uv": [0, 0, 0, 2], "texture": "#7"},
				"west": {"uv": [0, 2, 3, 4], "texture": "#7"},
				"up": {"uv": [0, 3, 0, 0], "texture": "#7"},
				"down": {"uv": [0, 0, 0, 3], "texture": "#7"}
			}
		}
	],
	"display": {
		"ground": {
			"translation": [0, 5.5, 0]
		},
		"head": {
			"rotation": [0, -90, 0],
			"translation": [34.75, -14.5, 21],
			"scale": [3.44, 3.44, 3.44]
		}
	}
}