{
	"credit": "Made with Blockbench",
	"texture_size": [32, 32],
	"textures": {
		"1": "models/bussign/poll",
		"2": "models/bussign/xtable",
		"3": "models/bussign/poll_top",
		"4": "models/bussign/poll_side",
		"5": "models/bussign/sign",
		"particle": "sign"
	},
	"elements": [
		{
			"from": [7, 7, 5],
			"to": [9, 13, 8],
			"faces": {
				"north": {"uv": [0, 6, 2, 12], "texture": "#2"},
				"east": {"uv": [0, 0, 3, 6], "texture": "#2"},
				"south": {"uv": [6, 0, 8, 6], "texture": "#2"},
				"west": {"uv": [3, 0, 6, 6], "texture": "#2"},
				"up": {"uv": [4, 9, 2, 6], "texture": "#2"},
				"down": {"uv": [6, 6, 4, 9], "texture": "#2"}
			}
		},
		{
			"from": [8, 0, 6],
			"to": [9, 28, 7],
			"faces": {
				"north": {"uv": [0, 0, 0.5, 14], "texture": "#1"},
				"east": {"uv": [0.5, 0, 1, 14], "texture": "#1"},
				"south": {"uv": [1, 0, 1.5, 14], "texture": "#1"},
				"west": {"uv": [1.5, 0, 2, 14], "texture": "#1"},
				"up": {"uv": [2.5, 0.5, 2, 0], "texture": "#1"},
				"down": {"uv": [2.5, 0.5, 2, 1], "texture": "#1"}
			}
		},
		{
			"from": [8, 19, 17],
			"to": [9, 28, 18],
			"faces": {
				"north": {"uv": [0, 0, 1, 9], "texture": "#4"},
				"east": {"uv": [1, 0, 2, 9], "texture": "#4"},
				"south": {"uv": [2, 0, 3, 9], "texture": "#4"},
				"west": {"uv": [3, 0, 4, 9], "texture": "#4"},
				"up": {"uv": [5, 1, 4, 0], "texture": "#4"},
				"down": {"uv": [5, 1, 4, 2], "texture": "#4"}
			}
		},
		{
			"from": [9, 19, 7],
			"to": [9, 28, 17],
			"faces": {
				"north": {"uv": [0, 0, 0, 4.5], "texture": "#5"},
				"east": {"uv": [0, 0, 5, 4.5], "texture": "#5"},
				"south": {"uv": [0, 0, 0, 4.5], "texture": "#5"},
				"west": {"uv": [0, 4.5, 5, 9], "texture": "#5"},
				"up": {"uv": [0, 5, 0, 0], "texture": "#5"},
				"down": {"uv": [0, 0, 0, 5], "texture": "#5"}
			}
		},
		{
			"from": [8, 28, 6],
			"to": [9, 29, 18],
			"faces": {
				"north": {"uv": [2, 2, 3, 3], "texture": "#3"},
				"east": {"uv": [0, 0, 12, 1], "texture": "#3"},
				"south": {"uv": [2, 3, 3, 4], "texture": "#3"},
				"west": {"uv": [0, 1, 12, 2], "texture": "#3"},
				"up": {"uv": [1, 14, 0, 2], "texture": "#3"},
				"down": {"uv": [2, 2, 1, 14], "texture": "#3"}
			}
		}
	],
	"display": {
		"head": {
			"rotation": [0, -90, 0],
			"translation": [13.5, -19, 0],
			"scale": [3.36, 4, 3.31]
		}
	}
}