{
	"credit": "Made with Blockbench",
	"texture_size": [32, 32],
	"textures": {
		"0": "models/busstop/poll1",
		"1": "models/busstop/poll2",
		"2": "models/busstop/poll3",
		"4": "models/busstop/base1",
		"5": "models/busstop/base2",
		"6": "models/busstop/base3",
		"7": "models/busstop/base4",
		"8": "models/busstop/top1",
		"9": "models/busstop/top2",
		"10": "models/busstop/top3",
		"11": "models/busstop/poll4",
		"12": "models/busstop/top5",
		"13": "models/busstop/top6",
		"14": "models/busstop/glass1",
		"15": "models/busstop/glass2",
		"16": "models/busstop/ad1",
		"17": "models/busstop/ad2",
		"particle": "models/busstop/poll1"
	},
	"elements": [
		{
			"from": [16, 0, -2],
			"to": [18, 22, 0],
			"faces": {
				"north": {"uv": [0, 0, 1.5, 10.5], "texture": "#2"},
				"east": {"uv": [1.5, 0, 3, 10.5], "texture": "#2"},
				"south": {"uv": [3, 0, 4.5, 10.5], "texture": "#2"},
				"west": {"uv": [4.5, 0, 6, 10.5], "texture": "#2"},
				"up": {"uv": [7.5, 1.5, 6, 0], "texture": "#2"},
				"down": {"uv": [7.5, 1.5, 6, 3], "texture": "#2"}
			}
		},
		{
			"from": [17, 3, 0],
			"to": [18, 18, 13],
			"faces": {
				"north": {"uv": [0, 0, 0, 7.5], "texture": "#17"},
				"east": {"uv": [0, 0, 6, 7.5], "texture": "#17"},
				"south": {"uv": [0, 0, 0, 7.5], "texture": "#17"},
				"west": {"uv": [6, 0, 12, 7.5], "texture": "#17"},
				"up": {"uv": [0, 6, 0, 0], "texture": "#17"},
				"down": {"uv": [0, 0, 0, 6], "texture": "#17"}
			}
		},
		{
			"from": [-7, 0, 13],
			"to": [-5, 22, 15],
			"faces": {
				"north": {"uv": [0, 0, 1.5, 10.5], "texture": "#0"},
				"east": {"uv": [1.5, 0, 3, 10.5], "texture": "#0"},
				"south": {"uv": [3, 0, 4.5, 10.5], "texture": "#0"},
				"west": {"uv": [4.5, 0, 6, 10.5], "texture": "#0"},
				"up": {"uv": [7.5, 1.5, 6, 0], "texture": "#0"},
				"down": {"uv": [7.5, 1.5, 6, 3], "texture": "#0"}
			}
		},
		{
			"from": [16, 0, 13],
			"to": [18, 22, 15],
			"faces": {
				"north": {"uv": [0, 0, 1.5, 10.5], "texture": "#0"},
				"east": {"uv": [1.5, 0, 3, 10.5], "texture": "#0"},
				"south": {"uv": [3, 0, 4.5, 10.5], "texture": "#0"},
				"west": {"uv": [4.5, 0, 6, 10.5], "texture": "#0"},
				"up": {"uv": [7.5, 1.5, 6, 0], "texture": "#0"},
				"down": {"uv": [7.5, 1.5, 6, 3], "texture": "#0"}
			}
		},
		{
			"from": [-8, -1, 12],
			"to": [-4, 0, 16],
			"faces": {
				"north": {"uv": [5, 0, 10, 1], "texture": "#4"},
				"east": {"uv": [5, 1, 10, 2], "texture": "#4"},
				"south": {"uv": [5, 2, 10, 3], "texture": "#4"},
				"west": {"uv": [5, 3, 10, 4], "texture": "#4"},
				"up": {"uv": [5, 5, 0, 0], "texture": "#4"},
				"down": {"uv": [5, 5, 0, 10], "texture": "#4"}
			}
		},
		{
			"from": [15, -1, 12],
			"to": [19, 0, 16],
			"faces": {
				"north": {"uv": [5, 0, 10, 1], "texture": "#7"},
				"east": {"uv": [5, 1, 10, 2], "texture": "#7"},
				"south": {"uv": [5, 2, 10, 3], "texture": "#7"},
				"west": {"uv": [5, 3, 10, 4], "texture": "#7"},
				"up": {"uv": [5, 5, 0, 0], "texture": "#7"},
				"down": {"uv": [5, 5, 0, 10], "texture": "#7"}
			}
		},
		{
			"from": [15, -1, -3],
			"to": [19, 0, 1],
			"faces": {
				"north": {"uv": [5, 0, 10, 1], "texture": "#6"},
				"east": {"uv": [5, 1, 10, 2], "texture": "#6"},
				"south": {"uv": [5, 2, 10, 3], "texture": "#6"},
				"west": {"uv": [5, 3, 10, 4], "texture": "#6"},
				"up": {"uv": [5, 5, 0, 0], "texture": "#6"},
				"down": {"uv": [5, 5, 0, 10], "texture": "#6"}
			}
		},
		{
			"from": [-8, -1, -3],
			"to": [-4, 0, 1],
			"faces": {
				"north": {"uv": [5, 0, 10, 1], "texture": "#5"},
				"east": {"uv": [5, 1, 10, 2], "texture": "#5"},
				"south": {"uv": [5, 2, 10, 3], "texture": "#5"},
				"west": {"uv": [5, 3, 10, 4], "texture": "#5"},
				"up": {"uv": [5, 5, 0, 0], "texture": "#5"},
				"down": {"uv": [5, 5, 0, 10], "texture": "#5"}
			}
		},
		{
			"from": [-7, 0, -2],
			"to": [-5, 22, 0],
			"faces": {
				"north": {"uv": [0, 0, 1.5, 10.5], "texture": "#1"},
				"east": {"uv": [1.5, 0, 3, 10.5], "texture": "#1"},
				"south": {"uv": [3, 0, 4.5, 10.5], "texture": "#1"},
				"west": {"uv": [4.5, 0, 6, 10.5], "texture": "#1"},
				"up": {"uv": [7.5, 1.5, 6, 0], "texture": "#1"},
				"down": {"uv": [7.5, 1.5, 6, 3], "texture": "#1"}
			}
		},
		{
			"from": [-5, 4, -2],
			"to": [16, 18, -1],
			"faces": {
				"north": {"uv": [0, 0, 10.5, 7.5], "texture": "#16"},
				"east": {"uv": [0, 0, 0, 7.5], "texture": "#16"},
				"south": {"uv": [0, 7.5, 10.5, 15], "texture": "#16"},
				"west": {"uv": [0, 0, 0, 7.5], "texture": "#16"},
				"up": {"uv": [10.5, 0, 0, 0], "texture": "#16"},
				"down": {"uv": [10.5, 0, 0, 0], "texture": "#16"}
			}
		},
		{
			"from": [16, 22, 0],
			"to": [18, 24, 15],
			"faces": {
				"north": {"uv": [3, 3, 4.5, 4.5], "texture": "#10"},
				"east": {"uv": [0, 0, 7.5, 1.5], "texture": "#10"},
				"south": {"uv": [3, 4.5, 4.5, 6], "texture": "#10"},
				"west": {"uv": [0, 1.5, 7.5, 3], "texture": "#10"},
				"up": {"uv": [1.5, 10.5, 0, 3], "texture": "#10"},
				"down": {"uv": [3, 3, 1.5, 10.5], "texture": "#10"}
			}
		},
		{
			"from": [-7, 22, 0],
			"to": [-5, 24, 15],
			"faces": {
				"north": {"uv": [3, 3, 4.5, 4.5], "texture": "#9"},
				"east": {"uv": [0, 0, 7.5, 1.5], "texture": "#9"},
				"south": {"uv": [3, 4.5, 4.5, 6], "texture": "#9"},
				"west": {"uv": [0, 1.5, 7.5, 3], "texture": "#9"},
				"up": {"uv": [1.5, 10.5, 0, 3], "texture": "#9"},
				"down": {"uv": [3, 3, 1.5, 10.5], "texture": "#9"}
			}
		},
		{
			"from": [-5, 23, 0],
			"to": [16, 23, 15],
			"faces": {
				"north": {"uv": [0, 0, 10.5, 0], "texture": "#14"},
				"east": {"uv": [0, 0, 7.5, 0], "texture": "#14"},
				"south": {"uv": [0, 0, 10.5, 0], "texture": "#14"},
				"west": {"uv": [0, 0, 7.5, 0], "texture": "#14"},
				"up": {"uv": [10.5, 7.5, 0, 0], "texture": "#14"},
				"down": {"uv": [10.5, 7.5, 0, 15], "texture": "#14"}
			}
		},
		{
			"from": [-7, 26, 4],
			"to": [-5, 28, 10],
			"rotation": {"angle": 22.5, "axis": "x", "origin": [0, 0, 0]},
			"faces": {
				"north": {"uv": [3, 6, 6, 9], "texture": "#12"},
				"east": {"uv": [0, 0, 6, 3], "texture": "#12"},
				"south": {"uv": [6, 6, 9, 9], "texture": "#12"},
				"west": {"uv": [0, 3, 6, 6], "texture": "#12"},
				"up": {"uv": [3, 12, 0, 6], "texture": "#12"},
				"down": {"uv": [9, 0, 6, 6], "texture": "#12"}
			}
		},
		{
			"from": [-5, 27, 5],
			"to": [16, 27, 10],
			"rotation": {"angle": 22.5, "axis": "x", "origin": [0, 0, 0]},
			"faces": {
				"north": {"uv": [0, 0, 10.5, 0], "texture": "#15"},
				"east": {"uv": [0, 0, 2.5, 0], "texture": "#15"},
				"south": {"uv": [0, 0, 10.5, 0], "texture": "#15"},
				"west": {"uv": [0, 0, 2.5, 0], "texture": "#15"},
				"up": {"uv": [10.5, 2.5, 0, 0], "texture": "#15"},
				"down": {"uv": [10.5, 2.5, 0, 5], "texture": "#15"}
			}
		},
		{
			"from": [16, 26, 4],
			"to": [18, 28, 10],
			"rotation": {"angle": 22.5, "axis": "x", "origin": [0, 0, 0]},
			"faces": {
				"north": {"uv": [3, 6, 6, 9], "texture": "#11"},
				"east": {"uv": [0, 0, 6, 3], "texture": "#11"},
				"south": {"uv": [3, 6, 6, 9], "texture": "#11"},
				"west": {"uv": [0, 3, 6, 6], "texture": "#11"},
				"up": {"uv": [3, 10.5, 0, 4.5], "texture": "#11"},
				"down": {"uv": [6, 0, 3, 6], "texture": "#11"}
			}
		},
		{
			"from": [-7, 22, -2],
			"to": [18, 24, 0],
			"faces": {
				"north": {"uv": [0, 0, 13.5, 1.5], "texture": "#8"},
				"east": {"uv": [0, 6, 1.5, 7.5], "texture": "#8"},
				"south": {"uv": [0, 1.5, 13.5, 3], "texture": "#8"},
				"west": {"uv": [1.5, 6, 3, 7.5], "texture": "#8"},
				"up": {"uv": [13.5, 4.5, 0, 3], "texture": "#8"},
				"down": {"uv": [13.5, 4.5, 0, 6], "texture": "#8"}
			}
		},
		{
			"from": [-7, 20, 19],
			"to": [18, 22, 21],
			"faces": {
				"north": {"uv": [0, 0, 13.5, 1.5], "texture": "#13"},
				"east": {"uv": [0, 5.25, 3, 7.75], "texture": "#13"},
				"south": {"uv": [0, 1.5, 13.5, 3], "texture": "#13"},
				"west": {"uv": [1.5, 6.25, 3, 7.75], "texture": "#13"},
				"up": {"uv": [13.5, 4.5, 0, 3], "texture": "#13"},
				"down": {"uv": [13.5, 4.5, 0, 6], "texture": "#13"}
			}
		}
	],
	"display": {
		"firstperson_righthand": {
			"scale": [0.42, 0.41, 0.48]
		},
		"firstperson_lefthand": {
			"scale": [0.45, 0.45, 0.46]
		},
		"gui": {
			"rotation": [14, -16, 0],
			"translation": [1.5, -1.5, 0],
			"scale": [0.6, 0.57, 0.7]
		},
		"head": {
			"rotation": [0, 180, 0],
			"translation": [-1.25, 10.5, -0.75],
			"scale": [0.49, 0.47, 0.51]
		},
		"fixed": {
			"rotation": [-90, 0, 0],
			"translation": [11.25, 0, -35.5],
			"scale": [4, 4, 4]
		}
	}
}