{
	"credit": "Made with Blockbench",
	"texture_size": [32, 32],
	"textures": {
		"0": "models/cars/redcar",
		"1": "models/cars/windscreen",
		"particle": "models/cars/redcar"
	},
	"elements": [
		{
			"from": [-6, 0, -9],
			"to": [0, 8, -1],
			"faces": {
				"north": {"uv": [0, 12, 3, 16], "texture": "#0"},
				"east": {"uv": [0, 12, 4, 16], "texture": "#0"},
				"south": {"uv": [0, 12, 3, 16], "texture": "#0"},
				"west": {"uv": [0, 12, 4, 16], "texture": "#0"},
				"up": {"uv": [0, 12, 3, 16], "texture": "#0"},
				"down": {"uv": [0, 12, 3, 16], "texture": "#0"}
			}
		},
		{
			"from": [-5.5, 6.5, -8],
			"to": [-0.5, 8.5, -2],
			"faces": {
				"north": {"uv": [0, 15, 2.5, 16], "texture": "#0"},
				"east": {"uv": [0, 15, 3, 16], "texture": "#0"},
				"south": {"uv": [0, 15, 2.5, 16], "texture": "#0"},
				"west": {"uv": [0, 15, 3, 16], "texture": "#0"},
				"up": {"uv": [0, 13, 2.5, 16], "texture": "#0"},
				"down": {"uv": [0, 13, 2.5, 16], "texture": "#0"}
			}
		},
		{
			"from": [-5.5, 0, -2.5],
			"to": [-0.5, 7, -0.5],
			"faces": {
				"north": {"uv": [0, 12.5, 2.5, 16], "texture": "#0"},
				"east": {"uv": [0, 12.5, 1, 16], "texture": "#0"},
				"south": {"uv": [0, 12.5, 2.5, 16], "texture": "#0"},
				"west": {"uv": [0, 12.5, 1, 16], "texture": "#0"},
				"up": {"uv": [0, 15, 2.5, 16], "texture": "#0"},
				"down": {"uv": [0, 15, 2.5, 16], "texture": "#0"}
			}
		},
		{
			"from": [-5.5, 0.5, -9.5],
			"to": [-0.5, 7.5, -7.5],
			"faces": {
				"north": {"uv": [0, 12.5, 2.5, 16], "texture": "#0"},
				"east": {"uv": [0, 12.5, 1, 16], "texture": "#0"},
				"south": {"uv": [0, 12.5, 2.5, 16], "texture": "#0"},
				"west": {"uv": [0, 12.5, 1, 16], "texture": "#0"},
				"up": {"uv": [0, 15, 2.5, 16], "texture": "#0"},
				"down": {"uv": [0, 15, 2.5, 16], "texture": "#0"}
			}
		},
		{
			"from": [-6.5, 2, -7],
			"to": [-4.5, 6, -3],
			"faces": {
				"north": {"uv": [9.25, 13, 10.25, 15], "texture": "#0"},
				"east": {"uv": [13.25, 13.25, 15.25, 15.25], "texture": "#0"},
				"south": {"uv": [10.5, 13, 11.5, 15], "texture": "#0"},
				"west": {"uv": [13.25, 13.25, 15.25, 15.25], "texture": "#0"},
				"up": {"uv": [12.25, 12.75, 13.25, 14.75], "texture": "#0"},
				"down": {"uv": [11.5, 13, 12.5, 15], "texture": "#0"}
			}
		},
		{
			"from": [-6, 0, 16],
			"to": [0, 8, 24],
			"faces": {
				"north": {"uv": [0.75, 12, 3.75, 16], "texture": "#0"},
				"east": {"uv": [0, 12, 4, 16], "texture": "#0"},
				"south": {"uv": [0.5, 12, 3.5, 16], "texture": "#0"},
				"west": {"uv": [0, 12, 4, 16], "texture": "#0"},
				"up": {"uv": [3, 12, 6, 16], "texture": "#0"},
				"down": {"uv": [0, 12, 3, 16], "texture": "#0"}
			}
		},
		{
			"from": [-5.5, 6.5, 17],
			"to": [-0.5, 8.5, 23],
			"faces": {
				"north": {"uv": [0.25, 12.5, 2.75, 13.5], "texture": "#0"},
				"east": {"uv": [0, 15, 3, 16], "texture": "#0"},
				"south": {"uv": [0, 15, 2.5, 16], "texture": "#0"},
				"west": {"uv": [0, 15, 3, 16], "texture": "#0"},
				"up": {"uv": [0, 13, 2.5, 16], "texture": "#0"},
				"down": {"uv": [0, 13, 2.5, 16], "texture": "#0"}
			}
		},
		{
			"from": [-5.5, 0, 22.5],
			"to": [-0.5, 7, 24.5],
			"faces": {
				"north": {"uv": [0, 12.5, 2.5, 16], "texture": "#0"},
				"east": {"uv": [0.5, 12.5, 1.5, 16], "texture": "#0"},
				"south": {"uv": [0, 12.5, 2.5, 16], "texture": "#0"},
				"west": {"uv": [0, 12.5, 1, 16], "texture": "#0"},
				"up": {"uv": [0, 15, 2.5, 16], "texture": "#0"},
				"down": {"uv": [0, 15, 2.5, 16], "texture": "#0"}
			}
		},
		{
			"from": [-5.5, 0.5, 15.5],
			"to": [-0.5, 7.5, 17.5],
			"faces": {
				"north": {"uv": [0.5, 12.5, 3, 16], "texture": "#0"},
				"east": {"uv": [2.75, 12.5, 3.75, 16], "texture": "#0"},
				"south": {"uv": [0, 12.5, 2.5, 16], "texture": "#0"},
				"west": {"uv": [0, 12.5, 1, 16], "texture": "#0"},
				"up": {"uv": [1.5, 9.25, 4, 10.25], "texture": "#0"},
				"down": {"uv": [1.25, 10, 3.75, 11], "texture": "#0"}
			}
		},
		{
			"from": [-6.5, 2, 18],
			"to": [-4.5, 6, 22],
			"faces": {
				"north": {"uv": [12, 13.75, 13, 15.75], "texture": "#0"},
				"east": {"uv": [11.25, 13.75, 13.25, 15.75], "texture": "#0"},
				"south": {"uv": [12.75, 13.75, 13.75, 15.75], "texture": "#0"},
				"west": {"uv": [14, 13.75, 16, 15.75], "texture": "#0"},
				"up": {"uv": [8.75, 13.75, 9.75, 15.75], "texture": "#0"},
				"down": {"uv": [10, 13.75, 11, 15.75], "texture": "#0"}
			}
		},
		{
			"from": [16, 0, -9],
			"to": [22, 8, -1],
			"faces": {
				"north": {"uv": [0, 12, 3, 16], "texture": "#0"},
				"east": {"uv": [0, 12, 4, 16], "texture": "#0"},
				"south": {"uv": [0, 12, 3, 16], "texture": "#0"},
				"west": {"uv": [0, 12, 4, 16], "texture": "#0"},
				"up": {"uv": [0, 12, 3, 16], "texture": "#0"},
				"down": {"uv": [0, 12, 3, 16], "texture": "#0"}
			}
		},
		{
			"from": [16.5, 6.5, -8],
			"to": [21.5, 8.5, -2],
			"faces": {
				"north": {"uv": [0, 15, 2.5, 16], "texture": "#0"},
				"east": {"uv": [0, 15, 3, 16], "texture": "#0"},
				"south": {"uv": [0, 15, 2.5, 16], "texture": "#0"},
				"west": {"uv": [0, 15, 3, 16], "texture": "#0"},
				"up": {"uv": [0, 13, 2.5, 16], "texture": "#0"},
				"down": {"uv": [0, 13, 2.5, 16], "texture": "#0"}
			}
		},
		{
			"from": [16.5, 0, -2.5],
			"to": [21.5, 7, -0.5],
			"faces": {
				"north": {"uv": [0, 12.5, 2.5, 16], "texture": "#0"},
				"east": {"uv": [0, 12.5, 1, 16], "texture": "#0"},
				"south": {"uv": [0, 12.5, 2.5, 16], "texture": "#0"},
				"west": {"uv": [0, 12.5, 1, 16], "texture": "#0"},
				"up": {"uv": [2, 15, 4.5, 16], "texture": "#0"},
				"down": {"uv": [0, 15, 2.5, 16], "texture": "#0"}
			}
		},
		{
			"from": [16.5, 0.5, -9.5],
			"to": [21.5, 7.5, -7.5],
			"faces": {
				"north": {"uv": [0, 12.5, 2.5, 16], "texture": "#0"},
				"east": {"uv": [0, 12.5, 1, 16], "texture": "#0"},
				"south": {"uv": [0, 12.5, 2.5, 16], "texture": "#0"},
				"west": {"uv": [0, 12.5, 1, 16], "texture": "#0"},
				"up": {"uv": [0, 15, 2.5, 16], "texture": "#0"},
				"down": {"uv": [0, 15, 2.5, 16], "texture": "#0"}
			}
		},
		{
			"from": [20.5, 2, -7],
			"to": [22.5, 6, -3],
			"faces": {
				"north": {"uv": [8, 13.75, 9, 15.75], "texture": "#0"},
				"east": {"uv": [13.75, 13.5, 15.75, 15.5], "texture": "#0"},
				"south": {"uv": [10, 13.75, 11, 15.75], "texture": "#0"},
				"west": {"uv": [11.75, 13.5, 13.75, 15.5], "texture": "#0"},
				"up": {"uv": [9, 13.75, 10, 15.75], "texture": "#0"},
				"down": {"uv": [10.75, 13.5, 11.75, 15.5], "texture": "#0"}
			}
		},
		{
			"from": [16, 0, 16],
			"to": [22, 8, 24],
			"faces": {
				"north": {"uv": [0, 12, 3, 16], "texture": "#0"},
				"east": {"uv": [0, 12, 4, 16], "texture": "#0"},
				"south": {"uv": [0, 12, 3, 16], "texture": "#0"},
				"west": {"uv": [0, 12, 4, 16], "texture": "#0"},
				"up": {"uv": [0, 12, 3, 16], "texture": "#0"},
				"down": {"uv": [0, 12, 3, 16], "texture": "#0"}
			}
		},
		{
			"from": [16.5, 6.5, 17],
			"to": [21.5, 8.5, 23],
			"faces": {
				"north": {"uv": [0.25, 15, 2.75, 16], "texture": "#0"},
				"east": {"uv": [0, 15, 3, 16], "texture": "#0"},
				"south": {"uv": [0, 15, 2.5, 16], "texture": "#0"},
				"west": {"uv": [0, 15, 3, 16], "texture": "#0"},
				"up": {"uv": [0, 13, 2.5, 16], "texture": "#0"},
				"down": {"uv": [0, 13, 2.5, 16], "texture": "#0"}
			}
		},
		{
			"from": [16.5, 0, 22.5],
			"to": [21.5, 7, 24.5],
			"faces": {
				"north": {"uv": [1, 12.5, 3.5, 16], "texture": "#0"},
				"east": {"uv": [0, 12.5, 0.75, 16], "texture": "#0"},
				"south": {"uv": [0, 12.5, 2.5, 16], "texture": "#0"},
				"west": {"uv": [0, 12.5, 1, 16], "texture": "#0"},
				"up": {"uv": [0.25, 9, 2.75, 10], "texture": "#0"},
				"down": {"uv": [3, 9.25, 5.5, 10.25], "texture": "#0"}
			}
		},
		{
			"from": [16.5, 0.5, 15.5],
			"to": [21.5, 7.5, 17.5],
			"faces": {
				"north": {"uv": [0, 12.5, 2.5, 16], "texture": "#0"},
				"east": {"uv": [0, 12.5, 1, 16], "texture": "#0"},
				"south": {"uv": [0, 12.5, 2.5, 16], "texture": "#0"},
				"west": {"uv": [0, 12.5, 1, 16], "texture": "#0"},
				"up": {"uv": [0, 15, 2.5, 16], "texture": "#0"},
				"down": {"uv": [0, 15, 2.5, 16], "texture": "#0"}
			}
		},
		{
			"from": [20.5, 2, 18],
			"to": [22.5, 6, 22],
			"faces": {
				"north": {"uv": [10, 13.5, 11, 15.5], "texture": "#0"},
				"east": {"uv": [14, 13.5, 16, 15.5], "texture": "#0"},
				"south": {"uv": [11.5, 13.25, 12.5, 15.25], "texture": "#0"},
				"west": {"uv": [9.75, 13, 11.75, 15], "texture": "#0"},
				"up": {"uv": [8.75, 13.5, 9.75, 15.5], "texture": "#0"},
				"down": {"uv": [12.75, 13.5, 13.75, 15.5], "texture": "#0"}
			}
		},
		{
			"from": [-6, 4, -14.5],
			"to": [22, 12, -9.5],
			"faces": {
				"north": {"uv": [0, 0, 8, 4], "texture": "#0"},
				"east": {"uv": [0, 0, 2.5, 4], "texture": "#0"},
				"south": {"uv": [0, 0, 8, 4], "texture": "#0"},
				"west": {"uv": [0, 0, 2.5, 4], "texture": "#0"},
				"up": {"uv": [0, 0, 8, 2.5], "texture": "#0"},
				"down": {"uv": [0, 0, 8, 2.5], "texture": "#0"}
			}
		},
		{
			"name": "Grill",
			"from": [0, 7, -15],
			"to": [15, 11, -14],
			"faces": {
				"north": {"uv": [8.25, 8, 15.75, 10], "texture": "#0"},
				"east": {"uv": [8.25, 8, 8.75, 10], "texture": "#0"},
				"south": {"uv": [8.25, 8, 15.75, 10], "texture": "#0"},
				"west": {"uv": [8.25, 8, 8.75, 10], "texture": "#0"},
				"up": {"uv": [8.25, 8, 15.75, 8.5], "texture": "#0"},
				"down": {"uv": [8.25, 8, 15.75, 8.5], "texture": "#0"}
			}
		},
		{
			"from": [-6.5, 7, -15],
			"to": [-2.5, 11, -11],
			"faces": {
				"north": {"uv": [0, 0, 2, 2], "texture": "#0"},
				"east": {"uv": [0, 0, 2, 2], "texture": "#0"},
				"south": {"uv": [0, 0, 2, 2], "texture": "#0"},
				"west": {"uv": [0, 0, 2, 2], "texture": "#0"},
				"up": {"uv": [0, 0, 2, 2], "texture": "#0"},
				"down": {"uv": [0, 0, 2, 2], "texture": "#0"}
			}
		},
		{
			"from": [18.5, 7, -15],
			"to": [22.5, 11, -11],
			"faces": {
				"north": {"uv": [0, 0, 2, 2], "texture": "#0"},
				"east": {"uv": [0, 0, 2, 2], "texture": "#0"},
				"south": {"uv": [0, 0, 2, 2], "texture": "#0"},
				"west": {"uv": [0, 0, 2, 2], "texture": "#0"},
				"up": {"uv": [0, 0, 2, 2], "texture": "#0"},
				"down": {"uv": [0, 0, 2, 2], "texture": "#0"}
			}
		},
		{
			"name": "L-Light",
			"from": [-6, 7.5, -15.5],
			"to": [-3, 10.5, -13.5],
			"faces": {
				"north": {"uv": [9.25, 10.5, 10.75, 12], "texture": "#0"},
				"east": {"uv": [10.5, 10.5, 10.75, 12], "texture": "#0"},
				"south": {"uv": [9.25, 10.5, 10.75, 12], "texture": "#0"},
				"west": {"uv": [9.25, 10.5, 9.5, 12], "texture": "#0"},
				"up": {"uv": [9.25, 10.5, 10.75, 10.75], "texture": "#0"},
				"down": {"uv": [9.25, 11.75, 10.75, 12], "texture": "#0"}
			}
		},
		{
			"name": "R-Light",
			"from": [19, 7.5, -15.5],
			"to": [22, 10.5, -14.5],
			"faces": {
				"north": {"uv": [9.25, 10.5, 10.75, 12], "texture": "#0"},
				"east": {"uv": [10.5, 10.5, 10.75, 12], "texture": "#0"},
				"south": {"uv": [9.25, 10.5, 10.75, 12], "texture": "#0"},
				"west": {"uv": [9.25, 10.5, 9.5, 12], "texture": "#0"},
				"up": {"uv": [9.25, 10.5, 10.75, 10.75], "texture": "#0"},
				"down": {"uv": [9.25, 11.75, 10.75, 12], "texture": "#0"}
			}
		},
		{
			"from": [-6, 9, -9.5],
			"to": [22, 12, -0.5],
			"faces": {
				"north": {"uv": [0, 0, 8, 1.5], "texture": "#0"},
				"east": {"uv": [0, 0, 4.5, 1.5], "texture": "#0"},
				"south": {"uv": [0, 0, 8, 1.5], "texture": "#0"},
				"west": {"uv": [0, 0, 4.5, 1.5], "texture": "#0"},
				"up": {"uv": [8, 4.5, 0, 0], "texture": "#0"},
				"down": {"uv": [8, 0, 0, 4.5], "texture": "#0"}
			}
		},
		{
			"from": [-6, 4, -0.5],
			"to": [22, 12, 1.5],
			"faces": {
				"north": {"uv": [0, 0, 8, 4], "texture": "#0"},
				"east": {"uv": [0, 0, 1, 4], "texture": "#0"},
				"south": {"uv": [0, 0, 8, 4], "texture": "#0"},
				"west": {"uv": [0, 0, 1, 4], "texture": "#0"},
				"up": {"uv": [0, 0, 8, 1], "texture": "#0"},
				"down": {"uv": [0, 0, 8, 1], "texture": "#0"}
			}
		},
		{
			"from": [-6, 4, 1.5],
			"to": [22, 6, 13.5],
			"faces": {
				"north": {"uv": [0, 0, 8, 1], "texture": "#0"},
				"east": {"uv": [0, 0, 6, 1], "texture": "#0"},
				"south": {"uv": [0, 0, 8, 1], "texture": "#0"},
				"west": {"uv": [0, 0, 6, 1], "texture": "#0"},
				"up": {"uv": [0, 0, 8, 6], "texture": "#0"},
				"down": {"uv": [0, 0, 8, 6], "texture": "#0"}
			}
		},
		{
			"from": [-6, 4, 13.5],
			"to": [22, 12, 15.5],
			"faces": {
				"north": {"uv": [0, 0, 8, 4], "texture": "#0"},
				"east": {"uv": [0, 0, 1, 4], "texture": "#0"},
				"south": {"uv": [0, 0, 8, 4], "texture": "#0"},
				"west": {"uv": [0, 0, 1, 4], "texture": "#0"},
				"up": {"uv": [0, 0, 8, 1], "texture": "#0"},
				"down": {"uv": [0, 0, 8, 1], "texture": "#0"}
			}
		},
		{
			"from": [-6, 9, 15.5],
			"to": [22, 12, 24.5],
			"faces": {
				"north": {"uv": [0, 0, 8, 1.5], "texture": "#0"},
				"east": {"uv": [0, 0, 4.5, 1.5], "texture": "#0"},
				"south": {"uv": [0, 0, 8, 1.5], "texture": "#0"},
				"west": {"uv": [0, 0, 4.5, 1.5], "texture": "#0"},
				"up": {"uv": [0, 0, 8, 4.5], "texture": "#0"},
				"down": {"uv": [0, 0, 8, 4.5], "texture": "#0"}
			}
		},
		{
			"from": [-6, 4, 24.5],
			"to": [22, 12, 29.5],
			"faces": {
				"north": {"uv": [0, 0, 8, 4], "texture": "#0"},
				"east": {"uv": [0, 0, 2.5, 4], "texture": "#0"},
				"south": {"uv": [0, 0, 8, 4], "texture": "#0"},
				"west": {"uv": [0, 0, 2.5, 4], "texture": "#0"},
				"up": {"uv": [0, 0, 8, 2.5], "texture": "#0"},
				"down": {"uv": [0, 0, 8, 2.5], "texture": "#0"}
			}
		},
		{
			"name": "L-Door",
			"from": [-5.5, 6, 1.5],
			"to": [-3.5, 12, 13.5],
			"faces": {
				"north": {"uv": [0, 0, 1, 3], "texture": "#0"},
				"east": {"uv": [0, 0, 6, 3], "texture": "#0"},
				"south": {"uv": [0, 0, 1, 3], "texture": "#0"},
				"west": {"uv": [0, 0, 6, 3], "texture": "#0"},
				"up": {"uv": [0, 0, 1, 6], "texture": "#0"},
				"down": {"uv": [0, 0, 1, 6], "texture": "#0"}
			}
		},
		{
			"name": "R-Door",
			"from": [19.5, 6, 1.5],
			"to": [21.5, 12, 13.5],
			"faces": {
				"north": {"uv": [0, 0, 1, 3], "texture": "#0"},
				"east": {"uv": [0, 0, 6, 3], "texture": "#0"},
				"south": {"uv": [0, 0, 1, 3], "texture": "#0"},
				"west": {"uv": [0, 0, 6, 3], "texture": "#0"},
				"up": {"uv": [0, 0, 1, 6], "texture": "#0"},
				"down": {"uv": [0, 0, 1, 6], "texture": "#0"}
			}
		},
		{
			"from": [-6, 11, -5.5],
			"to": [-4, 21, -3.5],
			"rotation": {"angle": 22.5, "axis": "x", "origin": [0, 0, 0]},
			"faces": {
				"north": {"uv": [0, 0, 1, 5], "texture": "#0"},
				"east": {"uv": [0, 0, 1, 5], "texture": "#0"},
				"south": {"uv": [0, 0, 1, 5], "texture": "#0"},
				"west": {"uv": [0, 0, 1, 5], "texture": "#0"},
				"up": {"uv": [0, 0, 1, 1], "texture": "#0"},
				"down": {"uv": [0, 0, 1, 1], "texture": "#0"}
			}
		},
		{
			"from": [-4, 19, -5.5],
			"to": [20, 21, -3.5],
			"rotation": {"angle": 22.5, "axis": "x", "origin": [0, 0, 0]},
			"faces": {
				"north": {"uv": [0, 0, 8, 1], "texture": "#0"},
				"east": {"uv": [0, 0, 1, 1], "texture": "#0"},
				"south": {"uv": [0, 0, 8, 1], "texture": "#0"},
				"west": {"uv": [0, 0, 1, 1], "texture": "#0"},
				"up": {"uv": [0, 0, 8, 1], "texture": "#0"},
				"down": {"uv": [0, 0, 8, 1], "texture": "#0"}
			}
		},
		{
			"from": [20, 11, -5.5],
			"to": [22, 21, -3.5],
			"rotation": {"angle": 22.5, "axis": "x", "origin": [0, 0, 0]},
			"faces": {
				"north": {"uv": [0, 0, 1, 5], "texture": "#0"},
				"east": {"uv": [0, 0, 1, 5], "texture": "#0"},
				"south": {"uv": [0, 0, 1, 5], "texture": "#0"},
				"west": {"uv": [0, 0, 1, 5], "texture": "#0"},
				"up": {"uv": [0, 0, 1, 1], "texture": "#0"},
				"down": {"uv": [0, 0, 1, 1], "texture": "#0"}
			}
		},
		{
			"from": [-2, 6, 4],
			"to": [7, 8, 14],
			"faces": {
				"north": {"uv": [9.75, 2.5, 14.25, 3.5], "texture": "#0"},
				"east": {"uv": [9.25, 4.25, 14.25, 5.25], "texture": "#0"},
				"south": {"uv": [11, 0.25, 15.5, 1.25], "texture": "#0"},
				"west": {"uv": [11, 0, 16, 1], "texture": "#0"},
				"up": {"uv": [11.5, 0, 16, 5], "texture": "#0"},
				"down": {"uv": [8.25, 2.5, 12.75, 7.5], "texture": "#0"}
			}
		},
		{
			"from": [9, 6, 4],
			"to": [18, 8, 14],
			"faces": {
				"north": {"uv": [8.5, 3.75, 13, 4.75], "texture": "#0"},
				"east": {"uv": [10.75, 2.25, 15.75, 3.25], "texture": "#0"},
				"south": {"uv": [9.75, 1.75, 14.25, 2.75], "texture": "#0"},
				"west": {"uv": [11, 0.5, 16, 1.5], "texture": "#0"},
				"up": {"uv": [10, 0, 14.5, 5], "texture": "#0"},
				"down": {"uv": [10.25, 2.5, 14.75, 7.5], "texture": "#0"}
			}
		},
		{
			"from": [-2, 8, 12],
			"to": [7, 18, 14],
			"faces": {
				"north": {"uv": [11.5, 0, 16, 5], "texture": "#0"},
				"east": {"uv": [9.25, 1.75, 10.25, 6.75], "texture": "#0"},
				"south": {"uv": [11.5, 0, 16, 5], "texture": "#0"},
				"west": {"uv": [15, 0, 16, 5], "texture": "#0"},
				"up": {"uv": [11.5, 0.25, 16, 1.25], "texture": "#0"},
				"down": {"uv": [11.5, 0, 16, 1], "texture": "#0"}
			}
		},
		{
			"from": [9, 8, 12],
			"to": [18, 18, 14],
			"faces": {
				"north": {"uv": [11.5, 3, 16, 8], "texture": "#0"},
				"east": {"uv": [8.25, 2, 9.25, 7], "texture": "#0"},
				"south": {"uv": [11.5, 0, 16, 5], "texture": "#0"},
				"west": {"uv": [9.5, 1.5, 10.5, 6.5], "texture": "#0"},
				"up": {"uv": [8.75, 3.75, 13.25, 4.75], "texture": "#0"},
				"down": {"uv": [8.5, 1.5, 13, 2.5], "texture": "#0"}
			}
		},
		{
			"from": [-5, -4, 22],
			"to": [-3, 4, 31],
			"rotation": {"angle": -22.5, "axis": "x", "origin": [0, 0, 0]},
			"faces": {
				"north": {"uv": [0, 0, 1, 4], "rotation": 180, "texture": "#0"},
				"east": {"uv": [0, 0, 4, 4.5], "rotation": 270, "texture": "#0"},
				"south": {"uv": [0, 0, 1, 4], "texture": "#0"},
				"west": {"uv": [0, 0, 4, 4.5], "rotation": 90, "texture": "#0"},
				"up": {"uv": [0, 0, 1, 4.5], "rotation": 180, "texture": "#0"},
				"down": {"uv": [0, 0, 1, 4.5], "texture": "#0"}
			}
		},
		{
			"from": [19, -4, 22],
			"to": [21, 4, 31],
			"rotation": {"angle": -22.5, "axis": "x", "origin": [0, 0, 0]},
			"faces": {
				"north": {"uv": [0, 0, 1, 4], "rotation": 180, "texture": "#0"},
				"east": {"uv": [0, 0, 4, 4.5], "rotation": 270, "texture": "#0"},
				"south": {"uv": [0, 0, 1, 4], "texture": "#0"},
				"west": {"uv": [0, 0, 4, 4.5], "rotation": 90, "texture": "#0"},
				"up": {"uv": [0, 0, 1, 4.5], "rotation": 180, "texture": "#0"},
				"down": {"uv": [0, 0, 1, 4.5], "texture": "#0"}
			}
		},
		{
			"from": [0, 11, -14],
			"to": [15, 13, 2],
			"faces": {
				"north": {"uv": [0, 0, 7.5, 1], "texture": "#0"},
				"east": {"uv": [0, 0, 8, 1], "texture": "#0"},
				"south": {"uv": [0, 0, 7.5, 1], "texture": "#0"},
				"west": {"uv": [0, 0, 8, 1], "texture": "#0"},
				"up": {"uv": [0, 0, 7.5, 8], "texture": "#0"},
				"down": {"uv": [0, 0, 7.5, 8], "texture": "#0"}
			}
		},
		{
			"from": [-5, -4, 22],
			"to": [-3, 4, 31],
			"rotation": {"angle": -22.5, "axis": "x", "origin": [0, 0, 0]},
			"color": 0,
			"faces": {
				"north": {"uv": [0, 0, 1, 4], "rotation": 180, "texture": "#missing"},
				"east": {"uv": [0, 0, 4, 4.5], "rotation": 270, "texture": "#missing"},
				"south": {"uv": [0, 0, 1, 4], "texture": "#missing"},
				"west": {"uv": [0, 0, 4, 4.5], "rotation": 90, "texture": "#missing"},
				"up": {"uv": [0, 0, 1, 4.5], "rotation": 180, "texture": "#missing"},
				"down": {"uv": [0, 0, 1, 4.5], "texture": "#missing"}
			}
		},
		{
			"from": [0, 11, 14],
			"to": [15, 13, 29],
			"faces": {
				"north": {"uv": [0, 0, 7.5, 1], "texture": "#0"},
				"east": {"uv": [0, 0, 7.5, 1], "texture": "#0"},
				"south": {"uv": [0, 0, 7.5, 1], "texture": "#0"},
				"west": {"uv": [0, 0, 7.5, 1], "texture": "#0"},
				"up": {"uv": [0, 0, 7.5, 7.5], "texture": "#0"},
				"down": {"uv": [0, 0, 7.5, 7.5], "texture": "#0"}
			}
		},
		{
			"from": [1.5, 11, 8],
			"to": [2.5, 14, 9],
			"rotation": {"angle": -22.5, "axis": "x", "origin": [0, 0, 0]},
			"faces": {
				"north": {"uv": [0, 14.5, 0.5, 16], "rotation": 180, "texture": "#0"},
				"east": {"uv": [0, 15.5, 1.5, 16], "rotation": 270, "texture": "#0"},
				"south": {"uv": [0, 14.5, 0.5, 16], "texture": "#0"},
				"west": {"uv": [0, 15.5, 1.5, 16], "rotation": 90, "texture": "#0"},
				"up": {"uv": [0, 15.5, 0.5, 16], "rotation": 180, "texture": "#0"},
				"down": {"uv": [0, 15.5, 0.5, 16], "texture": "#0"}
			}
		},
		{
			"from": [1.5, 7, 8],
			"to": [2.5, 9, 9],
			"rotation": {"angle": -22.5, "axis": "x", "origin": [0, 0, 0]},
			"faces": {
				"north": {"uv": [0, 15, 0.5, 16], "rotation": 180, "texture": "#0"},
				"east": {"uv": [0, 15.5, 1, 16], "rotation": 270, "texture": "#0"},
				"south": {"uv": [0, 15, 0.5, 16], "texture": "#0"},
				"west": {"uv": [0, 15.5, 1, 16], "rotation": 90, "texture": "#0"},
				"up": {"uv": [0, 15.5, 0.5, 16], "rotation": 180, "texture": "#0"},
				"down": {"uv": [0, 15.5, 0.5, 16], "texture": "#0"}
			}
		},
		{
			"from": [3, 9.5, 8],
			"to": [5.5, 10.5, 9],
			"rotation": {"angle": -22.5, "axis": "x", "origin": [0, 0, 0]},
			"faces": {
				"north": {"uv": [5.75, 10.75, 7, 11.25], "rotation": 180, "texture": "#0"},
				"east": {"uv": [1, 13.5, 1.5, 14], "rotation": 270, "texture": "#0"},
				"south": {"uv": [2.75, 12.25, 4, 12.75], "texture": "#0"},
				"west": {"uv": [5.25, 13, 5.75, 13.5], "rotation": 90, "texture": "#0"},
				"up": {"uv": [0.75, 9.5, 2, 10], "rotation": 180, "texture": "#0"},
				"down": {"uv": [3, 9.75, 4.25, 10.25], "texture": "#0"}
			}
		},
		{
			"from": [1.5, 11, 8],
			"to": [2.5, 14, 9],
			"rotation": {"angle": -22.5, "axis": "x", "origin": [0, 0, 0]},
			"color": 4,
			"faces": {
				"north": {"uv": [0, 0, 0.5, 1.5], "rotation": 180, "texture": "#missing"},
				"east": {"uv": [0, 0, 1.5, 0.5], "rotation": 270, "texture": "#missing"},
				"south": {"uv": [0, 0, 0.5, 1.5], "texture": "#missing"},
				"west": {"uv": [0, 0, 1.5, 0.5], "rotation": 90, "texture": "#missing"},
				"up": {"uv": [0, 0, 0.5, 0.5], "rotation": 180, "texture": "#missing"},
				"down": {"uv": [0, 0, 0.5, 0.5], "texture": "#missing"}
			}
		},
		{
			"from": [-1.5, 9.5, 8],
			"to": [1, 10.5, 9],
			"rotation": {"angle": -22.5, "axis": "x", "origin": [0, 0, 0]},
			"faces": {
				"north": {"uv": [3, 12.25, 4.25, 12.75], "rotation": 180, "texture": "#0"},
				"east": {"uv": [4.75, 11, 5.25, 11.5], "rotation": 270, "texture": "#0"},
				"south": {"uv": [0, 15.5, 1.25, 16], "texture": "#0"},
				"west": {"uv": [1, 9.25, 1.5, 9.75], "rotation": 90, "texture": "#0"},
				"up": {"uv": [5.25, 13, 6.5, 13.5], "rotation": 180, "texture": "#0"},
				"down": {"uv": [2.5, 10, 3.75, 10.5], "texture": "#0"}
			}
		},
		{
			"from": [-1.5, 10.5, 8],
			"to": [-0.5, 12.5, 9],
			"rotation": {"angle": -22.5, "axis": "x", "origin": [0, 0, 0]},
			"faces": {
				"north": {"uv": [0, 11.5, 0.5, 12.5], "rotation": 180, "texture": "#0"},
				"east": {"uv": [3, 9.25, 4, 9.75], "rotation": 270, "texture": "#0"},
				"south": {"uv": [2.5, 9.25, 3, 10.25], "texture": "#0"},
				"west": {"uv": [3.5, 13.5, 4.5, 14], "rotation": 90, "texture": "#0"},
				"up": {"uv": [5.5, 11.5, 6, 12], "rotation": 180, "texture": "#0"},
				"down": {"uv": [6, 14.5, 6.5, 15], "texture": "#0"}
			}
		},
		{
			"from": [-1.5, 8.5, 8],
			"to": [-0.5, 9.5, 9],
			"rotation": {"angle": -22.5, "axis": "x", "origin": [0, 0, 0]},
			"faces": {
				"north": {"uv": [0.5, 9, 1, 9.5], "rotation": 180, "texture": "#0"},
				"east": {"uv": [3.5, 14.5, 4, 15], "rotation": 270, "texture": "#0"},
				"south": {"uv": [0, 15.5, 0.5, 16], "texture": "#0"},
				"west": {"uv": [5.5, 13, 6, 13.5], "rotation": 90, "texture": "#0"},
				"up": {"uv": [2.25, 9.75, 2.75, 10.25], "rotation": 180, "texture": "#0"},
				"down": {"uv": [4.75, 10.5, 5.25, 11], "texture": "#0"}
			}
		},
		{
			"from": [4.5, 10.5, 8],
			"to": [5.5, 12.5, 9],
			"rotation": {"angle": -22.5, "axis": "x", "origin": [0, 0, 0]},
			"faces": {
				"north": {"uv": [5.75, 10.75, 6.25, 11.75], "rotation": 180, "texture": "#0"},
				"east": {"uv": [5.5, 14.5, 6.5, 15], "rotation": 270, "texture": "#0"},
				"south": {"uv": [2.25, 13.5, 2.75, 14.5], "texture": "#0"},
				"west": {"uv": [0.25, 9, 1.25, 9.5], "rotation": 90, "texture": "#0"},
				"up": {"uv": [4.75, 9, 5.25, 9.5], "rotation": 180, "texture": "#0"},
				"down": {"uv": [3, 10.25, 3.5, 10.75], "texture": "#0"}
			}
		},
		{
			"from": [4.5, 8.5, 8],
			"to": [5.5, 9.5, 9],
			"rotation": {"angle": -22.5, "axis": "x", "origin": [0, 0, 0]},
			"faces": {
				"north": {"uv": [3.25, 9, 3.75, 9.5], "rotation": 180, "texture": "#0"},
				"east": {"uv": [1, 10, 1.5, 10.5], "rotation": 270, "texture": "#0"},
				"south": {"uv": [2.25, 10.5, 2.75, 11], "texture": "#0"},
				"west": {"uv": [5, 9.25, 5.5, 9.75], "rotation": 90, "texture": "#0"},
				"up": {"uv": [2.5, 10.5, 3, 11], "rotation": 180, "texture": "#0"},
				"down": {"uv": [4.75, 13.75, 5.25, 14.25], "texture": "#0"}
			}
		},
		{
			"from": [2.5, 13, 8],
			"to": [3.5, 14, 9],
			"rotation": {"angle": -22.5, "axis": "x", "origin": [0, 0, 0]},
			"faces": {
				"north": {"uv": [1.5, 12.5, 2, 13], "rotation": 180, "texture": "#0"},
				"east": {"uv": [2.75, 11, 3.25, 11.5], "rotation": 270, "texture": "#0"},
				"south": {"uv": [0.25, 10.5, 0.75, 11], "texture": "#0"},
				"west": {"uv": [4.25, 11.25, 4.75, 11.75], "rotation": 90, "texture": "#0"},
				"up": {"uv": [2, 8.75, 2.5, 9.25], "rotation": 180, "texture": "#0"},
				"down": {"uv": [4.5, 9.25, 5, 9.75], "texture": "#0"}
			}
		},
		{
			"from": [0.5, 13, 8],
			"to": [1.5, 14, 9],
			"rotation": {"angle": -22.5, "axis": "x", "origin": [0, 0, 0]},
			"faces": {
				"north": {"uv": [5.5, 14.75, 6, 15.25], "rotation": 180, "texture": "#0"},
				"east": {"uv": [2.5, 8.75, 3, 9.25], "rotation": 270, "texture": "#0"},
				"south": {"uv": [1, 10, 1.5, 10.5], "texture": "#0"},
				"west": {"uv": [5.5, 9.5, 6, 10], "rotation": 90, "texture": "#0"},
				"up": {"uv": [4, 10.5, 4.5, 11], "rotation": 180, "texture": "#0"},
				"down": {"uv": [2.75, 11.75, 3.25, 12.25], "texture": "#0"}
			}
		},
		{
			"from": [2.5, 7, 8],
			"to": [3.5, 8, 9],
			"rotation": {"angle": -22.5, "axis": "x", "origin": [0, 0, 0]},
			"faces": {
				"north": {"uv": [6, 14.25, 6.5, 14.75], "rotation": 180, "texture": "#0"},
				"east": {"uv": [5.5, 10.5, 6, 11], "rotation": 270, "texture": "#0"},
				"south": {"uv": [3, 12.5, 3.5, 13], "texture": "#0"},
				"west": {"uv": [1, 9.25, 1.5, 9.75], "rotation": 90, "texture": "#0"},
				"up": {"uv": [3.5, 10.5, 4, 11], "rotation": 180, "texture": "#0"},
				"down": {"uv": [1, 12.5, 1.5, 13], "texture": "#0"}
			}
		},
		{
			"from": [0.5, 7, 8],
			"to": [1.5, 8, 9],
			"rotation": {"angle": -22.5, "axis": "x", "origin": [0, 0, 0]},
			"faces": {
				"north": {"uv": [1.5, 15.5, 2, 16], "rotation": 180, "texture": "#0"},
				"east": {"uv": [0, 15.5, 0.5, 16], "rotation": 270, "texture": "#0"},
				"south": {"uv": [0, 15.5, 0.5, 16], "texture": "#0"},
				"west": {"uv": [0, 15.5, 0.5, 16], "rotation": 90, "texture": "#0"},
				"up": {"uv": [0, 15.5, 0.5, 16], "rotation": 180, "texture": "#0"},
				"down": {"uv": [0, 15.5, 0.5, 16], "texture": "#0"}
			}
		},
		{
			"from": [3.5, 12.5, 8],
			"to": [4.5, 13.5, 9],
			"rotation": {"angle": -22.5, "axis": "x", "origin": [0, 0, 0]},
			"faces": {
				"north": {"uv": [3, 10.25, 3.5, 10.75], "rotation": 180, "texture": "#0"},
				"east": {"uv": [4.75, 9.75, 5.25, 10.25], "rotation": 270, "texture": "#0"},
				"south": {"uv": [2.5, 10.5, 3, 11], "texture": "#0"},
				"west": {"uv": [2.5, 12.25, 3, 12.75], "rotation": 90, "texture": "#0"},
				"up": {"uv": [5.5, 11.25, 6, 11.75], "rotation": 180, "texture": "#0"},
				"down": {"uv": [6.25, 10.25, 6.75, 10.75], "texture": "#0"}
			}
		},
		{
			"from": [3.5, 7.5, 8],
			"to": [4.5, 8.5, 9],
			"rotation": {"angle": -22.5, "axis": "x", "origin": [0, 0, 0]},
			"faces": {
				"north": {"uv": [5.75, 9, 6.25, 9.5], "rotation": 180, "texture": "#0"},
				"east": {"uv": [2.25, 13.25, 2.75, 13.75], "rotation": 270, "texture": "#0"},
				"south": {"uv": [3.75, 10, 4.25, 10.5], "texture": "#0"},
				"west": {"uv": [1.25, 10.75, 1.75, 11.25], "rotation": 90, "texture": "#0"},
				"up": {"uv": [0, 15.5, 0.5, 16], "rotation": 180, "texture": "#0"},
				"down": {"uv": [4.75, 13, 5.25, 13.5], "texture": "#0"}
			}
		},
		{
			"from": [-0.5, 12.5, 8],
			"to": [0.5, 13.5, 9],
			"rotation": {"angle": -22.5, "axis": "x", "origin": [0, 0, 0]},
			"faces": {
				"north": {"uv": [4, 13.25, 4.5, 13.75], "rotation": 180, "texture": "#0"},
				"east": {"uv": [6.25, 13.75, 6.75, 14.25], "rotation": 270, "texture": "#0"},
				"south": {"uv": [2.5, 11, 3, 11.5], "texture": "#0"},
				"west": {"uv": [2.5, 9, 3, 9.5], "rotation": 90, "texture": "#0"},
				"up": {"uv": [4.75, 11, 5.25, 11.5], "rotation": 180, "texture": "#0"},
				"down": {"uv": [6, 9, 6.5, 9.5], "texture": "#0"}
			}
		},
		{
			"from": [-0.5, 7.5, 8],
			"to": [0.5, 8.5, 9],
			"rotation": {"angle": -22.5, "axis": "x", "origin": [0, 0, 0]},
			"faces": {
				"north": {"uv": [1.25, 8.25, 1.75, 8.75], "rotation": 180, "texture": "#0"},
				"east": {"uv": [2.75, 9.5, 3.25, 10], "rotation": 270, "texture": "#0"},
				"south": {"uv": [5.25, 8.25, 5.75, 8.75], "texture": "#0"},
				"west": {"uv": [5.5, 12.75, 6, 13.25], "rotation": 90, "texture": "#0"},
				"up": {"uv": [0, 15.5, 0.5, 16], "rotation": 180, "texture": "#0"},
				"down": {"uv": [1.75, 11.5, 2.25, 12], "texture": "#0"}
			}
		},
		{
			"from": [1, 9, 5],
			"to": [3, 11, 9],
			"rotation": {"angle": -22.5, "axis": "x", "origin": [0, 0, 0]},
			"faces": {
				"north": {"uv": [0, 15, 1, 16], "rotation": 180, "texture": "#0"},
				"east": {"uv": [0, 14, 1, 16], "rotation": 270, "texture": "#0"},
				"south": {"uv": [0, 15, 1, 16], "texture": "#0"},
				"west": {"uv": [0, 14, 1, 16], "rotation": 90, "texture": "#0"},
				"up": {"uv": [0, 14, 1, 16], "rotation": 180, "texture": "#0"},
				"down": {"uv": [0, 14, 1, 16], "texture": "#0"}
			}
		},
		{
			"name": "Bumper",
			"from": [-7, 1, -15],
			"to": [23, 6, -11],
			"faces": {
				"north": {"uv": [8, 13.5, 16, 16], "texture": "#0"},
				"east": {"uv": [14, 13.5, 16, 16], "texture": "#0"},
				"south": {"uv": [8, 13.5, 16, 16], "texture": "#0"},
				"west": {"uv": [11.5, 13.5, 13.5, 16], "texture": "#0"},
				"up": {"uv": [8, 12, 16, 14], "texture": "#0"},
				"down": {"uv": [8, 12, 16, 14], "texture": "#0"}
			}
		},
		{
			"name": "F-Plate",
			"from": [3, 1.5, -15.5],
			"to": [13, 4.5, -14.5],
			"faces": {
				"north": {"uv": [0, 14.5, 5, 16], "texture": "#0"},
				"east": {"uv": [0, 14.5, 0.5, 16], "texture": "#0"},
				"south": {"uv": [0, 14.5, 5, 16], "texture": "#0"},
				"west": {"uv": [0, 14.5, 0.5, 16], "texture": "#0"},
				"up": {"uv": [0, 15.5, 5, 16], "texture": "#0"},
				"down": {"uv": [0, 15.5, 5, 16], "texture": "#0"}
			}
		},
		{
			"name": "B-Bumper",
			"from": [-7, 1, 26],
			"to": [23, 6, 30],
			"faces": {
				"north": {"uv": [8, 13.5, 16, 16], "texture": "#0"},
				"east": {"uv": [9.75, 13.25, 11.75, 15.75], "texture": "#0"},
				"south": {"uv": [8, 13.25, 16, 15.75], "texture": "#0"},
				"west": {"uv": [13.25, 13.25, 15.25, 15.75], "texture": "#0"},
				"up": {"uv": [8, 13.5, 16, 15.5], "texture": "#0"},
				"down": {"uv": [8, 13.5, 16, 15.5], "texture": "#0"}
			}
		},
		{
			"from": [-4, 11, -5],
			"to": [20, 21, -5],
			"rotation": {"angle": 22.5, "axis": "x", "origin": [0, 0, 0]},
			"faces": {
				"north": {"uv": [0, 0, 12, 5], "texture": "#1"},
				"east": {"uv": [0, 0, 0, 5], "texture": "#missing"},
				"south": {"uv": [0, 5, 12, 10], "texture": "#1"},
				"west": {"uv": [0, 0, 0, 5], "texture": "#missing"},
				"up": {"uv": [12, 0, 0, 0], "texture": "#missing"},
				"down": {"uv": [12, 0, 0, 0], "texture": "#missing"}
			}
		}
	],
	"display": {
		"gui": {
			"rotation": [16, 154, 0],
			"scale": [0.36, 0.47, 0.43]
		},
		"head": {
			"translation": [1, -24.25, 1.25],
			"scale": [2.92, 2.6, 3.29]
		}
	},
	"groups": [
		{
			"name": "Wheel",
			"origin": [8, 8, 8],
			"color": 0,
			"children": [
				{
					"name": "L-Front",
					"origin": [8, 8, 8],
					"color": 0,
					"children": [0, 1, 2, 3, 4]
				},
				{
					"name": "L-Back",
					"origin": [8, 8, 8],
					"color": 0,
					"children": [5, 6, 7, 8, 9]
				},
				{
					"name": "R-Front",
					"origin": [8, 8, 8],
					"color": 0,
					"children": [10, 11, 12, 13, 14]
				},
				{
					"name": "R-Back",
					"origin": [8, 8, 8],
					"color": 0,
					"children": [15, 16, 17, 18, 19]
				}
			]
		},
		{
			"name": "Body",
			"origin": [8, 8, 8],
			"color": 0,
			"children": [
				20,
				21,
				22,
				23,
				24,
				25,
				26,
				27,
				28,
				29,
				30,
				31,
				32,
				33,
				34,
				35,
				36,
				37,
				38,
				39,
				40,
				41,
				42,
				43,
				44,
				45,
				{
					"name": "Steering Wheel",
					"origin": [0, 0, 0],
					"color": 4,
					"children": [46, 47, 48, 49, 50, 51, 52, 53, 54, 55, 56, 57, 58, 59, 60, 61, 62, 63]
				}
			]
		},
		64,
		65,
		66,
		67
	]
}