{
	"credit": "Made with Blockbench",
	"texture_size": [4, 4],
	"textures": {
		"0": "models/cashregister/base",
		"1": "models/cashregister/buttons",
		"2": "models/cashregister/arm",
		"3": "models/cashregister/screen",
		"4": "models/cashregister/buttons2",
		"5": "models/cashregister/receipt",
		"particle": "base"
	},
	"elements": [
		{
			"from": [5, -3, 0],
			"to": [13, 1, 8],
			"rotation": {"angle": 45, "axis": "z", "origin": [0, 0, 0]},
			"faces": {
				"north": {"uv": [8, 0, 16, 4], "texture": "#1"},
				"east": {"uv": [8, 4, 16, 8], "texture": "#1"},
				"south": {"uv": [8, 8, 16, 12], "texture": "#1"},
				"west": {"uv": [8, 12, 16, 16], "texture": "#1"},
				"up": {"uv": [8, 8, 0, 0], "texture": "#1"},
				"down": {"uv": [8, 8, 0, 16], "texture": "#1"}
			}
		},
		{
			"from": [7, 12, 2],
			"to": [8, 14, 7],
			"rotation": {"angle": 22.5, "axis": "y", "origin": [0, 0, 0]},
			"faces": {
				"north": {"uv": [2, 4, 3, 6], "texture": "#3"},
				"east": {"uv": [0, 0, 5, 2], "texture": "#3"},
				"south": {"uv": [3, 4, 4, 6], "texture": "#3"},
				"west": {"uv": [0, 2, 5, 4], "texture": "#3"},
				"up": {"uv": [1, 9, 0, 4], "texture": "#3"},
				"down": {"uv": [2, 4, 1, 9], "texture": "#3"}
			}
		},
		{
			"from": [7, 9, 4],
			"to": [8, 12, 5],
			"rotation": {"angle": 22.5, "axis": "y", "origin": [0, 0, 0]},
			"faces": {
				"north": {"uv": [0, 0, 2, 6], "texture": "#2"},
				"east": {"uv": [2, 0, 4, 6], "texture": "#2"},
				"south": {"uv": [4, 0, 6, 6], "texture": "#2"},
				"west": {"uv": [0, 6, 2, 12], "texture": "#2"},
				"up": {"uv": [8, 2, 6, 0], "texture": "#2"},
				"down": {"uv": [4, 6, 2, 8], "texture": "#2"}
			}
		},
		{
			"from": [5, -2, 0],
			"to": [13, 2, 8],
			"rotation": {"angle": 22.5, "axis": "z", "origin": [0, 0, 0]},
			"faces": {
				"north": {"uv": [4, 0, 8, 2.5], "texture": "#4"},
				"east": {"uv": [4, 2.5, 8, 5], "texture": "#4"},
				"south": {"uv": [4, 5, 8, 7.5], "texture": "#4"},
				"west": {"uv": [4, 7.5, 8, 10], "texture": "#4"},
				"up": {"uv": [4, 4, 0, 0], "texture": "#4"},
				"down": {"uv": [4, 4, 0, 8], "texture": "#4"}
			}
		},
		{
			"from": [0, 0, -1],
			"to": [13, 4, 14],
			"faces": {
				"north": {"uv": [0, 9, 6.5, 11], "texture": "#0"},
				"east": {"uv": [0, 7, 7, 9], "texture": "#0"},
				"south": {"uv": [6.5, 9, 13, 11], "texture": "#0"},
				"west": {"uv": [7, 7, 14, 9], "texture": "#0"},
				"up": {"uv": [6.5, 7, 0, 0], "texture": "#0"},
				"down": {"uv": [13, 0, 6.5, 7], "texture": "#0"}
			}
		},
		{
			"from": [12, 1, 5],
			"to": [15, 1, 7],
			"rotation": {"angle": 45, "axis": "z", "origin": [0, 0, 0]},
			"faces": {
				"north": {"uv": [0, 0, 12, 0], "texture": "#5"},
				"east": {"uv": [0, 0, 8, 0], "texture": "#5"},
				"south": {"uv": [0, 0, 12, 0], "texture": "#5"},
				"west": {"uv": [0, 0, 8, 0], "texture": "#5"},
				"up": {"uv": [12, 8, 0, 0], "texture": "#5"},
				"down": {"uv": [12, 8, 0, 16], "texture": "#5"}
			}
		}
	],
	"display": {
		"firstperson_righthand": {
			"translation": [-22.75, 3.5, 0]
		},
		"firstperson_lefthand": {
			"translation": [-9.25, 3.5, 0]
		},
		"gui": {
			"rotation": [0, 80, 7],
			"translation": [1.5, 1.75, 0],
			"scale": [1.58, 1.01, 0.89]
		},
		"head": {
			"rotation": [0, -90, 0],
			"translation": [-2, 19.5, 2.5],
			"scale": [1.65, 1.69, 1.44]
		},
		"fixed": {
			"rotation": [-90, 0, 0],
			"translation": [3.5, 3.25, -21.25],
			"scale": [2.44, 2.61, 2.12]
		}
	}
}