{
	"credit": "Made with Blockbench",
	"textures": {
		"0": "models/classiccrate/classiccrate",
		"particle": "models/classiccrate/classiccrate"
	},
	"elements": [
		{
			"from": [0, 0, 0],
			"to": [16, 1, 16],
			"faces": {
				"north": {"uv": [8, 0, 16, 1], "texture": "#0"},
				"east": {"uv": [8, 0, 16, 1], "texture": "#0"},
				"south": {"uv": [8, 0, 16, 1], "texture": "#0"},
				"west": {"uv": [8, 0, 16, 1], "texture": "#0"},
				"up": {"uv": [8, 0, 16, 6.5], "texture": "#0"},
				"down": {"uv": [8, 0, 16, 6.5], "texture": "#0"}
			}
		},
		{
			"from": [0, 1, 0],
			"to": [2, 9, 2],
			"faces": {
				"north": {"uv": [14, 0, 16, 6.5], "texture": "#0"},
				"east": {"uv": [14, 0, 16, 6.5], "texture": "#0"},
				"south": {"uv": [14, 0, 16, 6.5], "texture": "#0"},
				"west": {"uv": [14, 0, 16, 6.5], "texture": "#0"},
				"up": {"uv": [14, 0, 16, 2], "texture": "#0"},
				"down": {"uv": [14, 0, 16, 2], "texture": "#0"}
			}
		},
		{
			"from": [14, 1, 0],
			"to": [16, 9, 2],
			"faces": {
				"north": {"uv": [14, 0, 16, 6.5], "texture": "#0"},
				"east": {"uv": [14, 0, 16, 6.5], "texture": "#0"},
				"south": {"uv": [14, 0, 16, 6.5], "texture": "#0"},
				"west": {"uv": [14, 0, 16, 6.5], "texture": "#0"},
				"up": {"uv": [14, 0, 16, 2], "texture": "#0"},
				"down": {"uv": [14, 0, 16, 2], "texture": "#0"}
			}
		},
		{
			"from": [0, 1, 14],
			"to": [2, 9, 16],
			"faces": {
				"north": {"uv": [14, 0, 16, 6.5], "texture": "#0"},
				"east": {"uv": [14, 0, 16, 6.5], "texture": "#0"},
				"south": {"uv": [14, 0, 16, 6.5], "texture": "#0"},
				"west": {"uv": [14, 0, 16, 6.5], "texture": "#0"},
				"up": {"uv": [14, 0, 16, 2], "texture": "#0"},
				"down": {"uv": [14, 0, 16, 2], "texture": "#0"}
			}
		},
		{
			"from": [14, 1, 14],
			"to": [16, 9, 16],
			"faces": {
				"north": {"uv": [14, 0, 16, 6.5], "texture": "#0"},
				"east": {"uv": [14, 0, 16, 6.5], "texture": "#0"},
				"south": {"uv": [14, 0, 16, 6.5], "texture": "#0"},
				"west": {"uv": [14, 0, 16, 6.5], "texture": "#0"},
				"up": {"uv": [14, 0, 16, 2], "texture": "#0"},
				"down": {"uv": [14, 0, 16, 2], "texture": "#0"}
			}
		},
		{
			"from": [-1, 7, -1],
			"to": [2, 10, 2],
			"faces": {
				"north": {"uv": [9.5, 0, 12.5, 3], "texture": "#0"},
				"east": {"uv": [13, 0.5, 16, 3.5], "texture": "#0"},
				"south": {"uv": [12.5, 2.75, 15.5, 5.75], "texture": "#0"},
				"west": {"uv": [10.25, 0.75, 13.25, 3.75], "texture": "#0"},
				"up": {"uv": [12.5, 1, 15.5, 4], "texture": "#0"},
				"down": {"uv": [9, 3, 12, 6], "texture": "#0"}
			}
		},
		{
			"from": [13.975, 7, -1],
			"to": [16.975, 10, 2],
			"faces": {
				"north": {"uv": [13, 0, 16, 3], "texture": "#0"},
				"east": {"uv": [13, 0, 16, 3], "texture": "#0"},
				"south": {"uv": [13, 0, 16, 3], "texture": "#0"},
				"west": {"uv": [13, 0, 16, 3], "texture": "#0"},
				"up": {"uv": [13, 0, 16, 3], "texture": "#0"},
				"down": {"uv": [13, 0, 16, 3], "texture": "#0"}
			}
		},
		{
			"from": [-1, 7, 14],
			"to": [2, 10, 17],
			"faces": {
				"north": {"uv": [13, 0, 16, 3], "texture": "#0"},
				"east": {"uv": [13, 0, 16, 3], "texture": "#0"},
				"south": {"uv": [13, 0, 16, 3], "texture": "#0"},
				"west": {"uv": [13, 0, 16, 3], "texture": "#0"},
				"up": {"uv": [13, 0, 16, 3], "texture": "#0"},
				"down": {"uv": [13, 0, 16, 3], "texture": "#0"}
			}
		},
		{
			"from": [14, 7, 14],
			"to": [17, 10, 17],
			"faces": {
				"north": {"uv": [13, 0, 16, 3], "texture": "#0"},
				"east": {"uv": [13, 0, 16, 3], "texture": "#0"},
				"south": {"uv": [13, 0, 16, 3], "texture": "#0"},
				"west": {"uv": [13, 0, 16, 3], "texture": "#0"},
				"up": {"uv": [13, 0, 16, 3], "texture": "#0"},
				"down": {"uv": [13, 0, 16, 3], "texture": "#0"}
			}
		},
		{
			"from": [7, 0, -1],
			"to": [9, 2, 1],
			"faces": {
				"north": {"uv": [11, 0.25, 13, 2.25], "texture": "#0"},
				"east": {"uv": [11, 0.25, 13, 2.25], "texture": "#0"},
				"south": {"uv": [11, 0.25, 13, 2.25], "texture": "#0"},
				"west": {"uv": [11, 0.25, 13, 2.25], "texture": "#0"},
				"up": {"uv": [11, 0.25, 13, 2.25], "texture": "#0"},
				"down": {"uv": [11, 0.25, 13, 2.25], "texture": "#0"}
			}
		},
		{
			"from": [6, 7, -1],
			"to": [10, 10, 1],
			"faces": {
				"north": {"uv": [6.75, 11, 13.25, 16], "texture": "#0"},
				"east": {"uv": [1.5, 11.25, 3.25, 12.75], "texture": "#0"},
				"south": {"uv": [2, 11.5, 3.25, 12.75], "texture": "#0"},
				"west": {"uv": [1.5, 11.25, 3.5, 13], "texture": "#0"},
				"up": {"uv": [1.25, 11.5, 3.25, 12.75], "texture": "#0"},
				"down": {"uv": [1, 11.25, 3.5, 12.75], "texture": "#0"}
			}
		},
		{
			"from": [0, 8, 0],
			"to": [16, 9, 16],
			"faces": {
				"north": {"uv": [8.5, 0, 16, 1], "texture": "#0"},
				"east": {"uv": [8.5, 0, 16, 1], "texture": "#0"},
				"south": {"uv": [8.25, 0, 16, 1], "texture": "#0"},
				"west": {"uv": [8.5, 0, 16, 1], "texture": "#0"},
				"up": {"uv": [8.25, 0, 16, 6.25], "texture": "#0"},
				"down": {"uv": [8.25, 0, 16, 6.25], "texture": "#0"}
			}
		},
		{
			"from": [13.975, 0, -1],
			"to": [16.975, 3, 2],
			"faces": {
				"north": {"uv": [13, 0, 16, 3], "texture": "#0"},
				"east": {"uv": [13, 0, 16, 3], "texture": "#0"},
				"south": {"uv": [13, 0, 16, 3], "texture": "#0"},
				"west": {"uv": [13, 0, 16, 3], "texture": "#0"},
				"up": {"uv": [13, 0, 16, 3], "texture": "#0"},
				"down": {"uv": [13, 0, 16, 3], "texture": "#0"}
			}
		},
		{
			"from": [-1, 0, -1],
			"to": [2, 3, 2],
			"faces": {
				"north": {"uv": [13, 0, 16, 3], "texture": "#0"},
				"east": {"uv": [13, 0, 16, 3], "texture": "#0"},
				"south": {"uv": [13, 0, 16, 3], "texture": "#0"},
				"west": {"uv": [13, 0, 16, 3], "texture": "#0"},
				"up": {"uv": [13, 0, 16, 3], "texture": "#0"},
				"down": {"uv": [13, 0, 16, 3], "texture": "#0"}
			}
		},
		{
			"from": [-1, 0, 14],
			"to": [2, 3, 17],
			"faces": {
				"north": {"uv": [13, 0, 16, 3], "texture": "#0"},
				"east": {"uv": [13, 0, 16, 3], "texture": "#0"},
				"south": {"uv": [13, 0, 16, 3], "texture": "#0"},
				"west": {"uv": [13, 0, 16, 3], "texture": "#0"},
				"up": {"uv": [13, 0, 16, 3], "texture": "#0"},
				"down": {"uv": [13, 0, 16, 3], "texture": "#0"}
			}
		},
		{
			"from": [14, 0, 14],
			"to": [17, 3, 17],
			"faces": {
				"north": {"uv": [13, 0, 16, 3], "texture": "#0"},
				"east": {"uv": [13, 0, 16, 3], "texture": "#0"},
				"south": {"uv": [13, 0, 16, 3], "texture": "#0"},
				"west": {"uv": [13, 0, 16, 3], "texture": "#0"},
				"up": {"uv": [13, 0, 16, 3], "texture": "#0"},
				"down": {"uv": [13, 0, 16, 3], "texture": "#0"}
			}
		},
		{
			"from": [-1.5, 8, 14],
			"to": [2, 10, 17.5],
			"faces": {
				"north": {"uv": [12.5, 0, 16, 2], "texture": "#0"},
				"east": {"uv": [12.5, 0, 16, 2], "texture": "#0"},
				"south": {"uv": [12.5, 0, 16, 2], "texture": "#0"},
				"west": {"uv": [12.5, 0, 16, 2], "texture": "#0"},
				"up": {"uv": [12.5, 0, 16, 3.5], "texture": "#0"},
				"down": {"uv": [12.5, 0, 16, 3.5], "texture": "#0"}
			}
		},
		{
			"from": [14, 8, 14],
			"to": [17.5, 10, 17.5],
			"faces": {
				"north": {"uv": [12.5, 0, 16, 2], "texture": "#0"},
				"east": {"uv": [12.5, 0, 16, 2], "texture": "#0"},
				"south": {"uv": [12.5, 0, 16, 2], "texture": "#0"},
				"west": {"uv": [12.5, 0, 16, 2], "texture": "#0"},
				"up": {"uv": [12.5, 0, 16, 3.5], "texture": "#0"},
				"down": {"uv": [12.5, 0, 16, 3.5], "texture": "#0"}
			}
		},
		{
			"from": [-1.5, 8, -1.5],
			"to": [2, 10, 2],
			"faces": {
				"north": {"uv": [9.5, 0.5, 13, 2.5], "texture": "#0"},
				"east": {"uv": [11.25, 0.5, 14.75, 2.5], "texture": "#0"},
				"south": {"uv": [11, 0.75, 14.5, 2.75], "texture": "#0"},
				"west": {"uv": [11.25, 0.25, 14.75, 2.25], "texture": "#0"},
				"up": {"uv": [11.5, 0.5, 15, 4], "texture": "#0"},
				"down": {"uv": [10.5, 0.5, 14, 4], "texture": "#0"}
			}
		},
		{
			"from": [14, 8, -1.5],
			"to": [17.5, 10, 2],
			"faces": {
				"north": {"uv": [12.5, 0, 16, 2], "texture": "#0"},
				"east": {"uv": [12.5, 0, 16, 2], "texture": "#0"},
				"south": {"uv": [12.5, 0, 16, 2], "texture": "#0"},
				"west": {"uv": [12.5, 0, 16, 2], "texture": "#0"},
				"up": {"uv": [12.5, 0, 16, 3.5], "texture": "#0"},
				"down": {"uv": [12.5, 0, 16, 3.5], "texture": "#0"}
			}
		},
		{
			"from": [2, 1, 1],
			"to": [15, 8, 15],
			"faces": {
				"north": {"uv": [0, 0, 7, 3.75], "texture": "#0"},
				"east": {"uv": [0, 0, 7.25, 3.75], "texture": "#0"},
				"south": {"uv": [0, 0, 7, 3.75], "texture": "#0"},
				"west": {"uv": [0, 0, 7.25, 3.75], "texture": "#0"},
				"up": {"uv": [0, 0, 7.5, 6.5], "texture": "#0"},
				"down": {"uv": [0, 0, 7.25, 7.5], "texture": "#0"}
			}
		},
		{
			"from": [1, 9, 1],
			"to": [15, 11, 15],
			"faces": {
				"north": {"uv": [0, 0, 7.75, 1.25], "texture": "#0"},
				"east": {"uv": [0, 0, 7.75, 1.25], "texture": "#0"},
				"south": {"uv": [0, 0, 7.75, 1.25], "texture": "#0"},
				"west": {"uv": [0, 0, 7.75, 1.25], "texture": "#0"},
				"up": {"uv": [0, 0, 8, 8], "texture": "#0"},
				"down": {"uv": [0, 0, 8, 8], "texture": "#0"}
			}
		},
		{
			"from": [1, 11, 2],
			"to": [15, 13, 14],
			"faces": {
				"north": {"uv": [0, 0, 7.75, 1], "texture": "#0"},
				"east": {"uv": [0, 0, 7.75, 1], "texture": "#0"},
				"south": {"uv": [0, 0, 7.75, 1], "texture": "#0"},
				"west": {"uv": [0, 0, 7.75, 1], "texture": "#0"},
				"up": {"uv": [0, 0, 8, 8], "texture": "#0"},
				"down": {"uv": [0, 0, 8, 8], "texture": "#0"}
			}
		},
		{
			"from": [1, 13, 3],
			"to": [15, 14, 13],
			"faces": {
				"north": {"uv": [0, 0, 7, 0.5], "texture": "#0"},
				"east": {"uv": [0, 0, 7, 0.5], "texture": "#0"},
				"south": {"uv": [0, 0, 7, 0.5], "texture": "#0"},
				"west": {"uv": [0, 0, 7, 0.5], "texture": "#0"},
				"up": {"uv": [0, 0, 8, 8], "texture": "#0"},
				"down": {"uv": [0, 0, 8, 8], "texture": "#0"}
			}
		},
		{
			"from": [0, 9, -4],
			"to": [2, 14, -2],
			"rotation": {"angle": 22.5, "axis": "x", "origin": [0, 0, 0]},
			"faces": {
				"north": {"uv": [14, 0, 16, 5], "texture": "#0"},
				"east": {"uv": [14, 0, 16, 5], "texture": "#0"},
				"south": {"uv": [14, 0, 16, 5], "texture": "#0"},
				"west": {"uv": [14, 0, 16, 5], "texture": "#0"},
				"up": {"uv": [14, 0, 16, 2], "texture": "#0"},
				"down": {"uv": [14, 0, 16, 2], "texture": "#0"}
			}
		},
		{
			"from": [14, 9, -4],
			"to": [16, 14, -2],
			"rotation": {"angle": 22.5, "axis": "x", "origin": [0, 0, 0]},
			"faces": {
				"north": {"uv": [14, 0, 16, 5], "texture": "#0"},
				"east": {"uv": [14, 0, 16, 5], "texture": "#0"},
				"south": {"uv": [14, 0, 16, 5], "texture": "#0"},
				"west": {"uv": [14, 0, 16, 5], "texture": "#0"},
				"up": {"uv": [14, 0, 16, 2], "texture": "#0"},
				"down": {"uv": [14, 0, 16, 2], "texture": "#0"}
			}
		},
		{
			"from": [0, 3, 17],
			"to": [2, 7.8, 19],
			"rotation": {"angle": -22.5, "axis": "x", "origin": [0, 0, 0]},
			"faces": {
				"north": {"uv": [14, 0, 16, 5], "texture": "#0"},
				"east": {"uv": [14, 0, 16, 5], "texture": "#0"},
				"south": {"uv": [14, 0, 16, 5], "texture": "#0"},
				"west": {"uv": [14, 0, 16, 5], "texture": "#0"},
				"up": {"uv": [14, 0, 16, 2], "texture": "#0"},
				"down": {"uv": [14, 0, 16, 2], "texture": "#0"}
			}
		},
		{
			"from": [14, 3, 17],
			"to": [16, 7.8, 19],
			"rotation": {"angle": -22.5, "axis": "x", "origin": [0, 0, 0]},
			"faces": {
				"north": {"uv": [14, 0, 16, 5], "texture": "#0"},
				"east": {"uv": [14, 0, 16, 5], "texture": "#0"},
				"south": {"uv": [14, 0, 16, 5], "texture": "#0"},
				"west": {"uv": [14, 0, 16, 5], "texture": "#0"},
				"up": {"uv": [14, 0, 16, 2], "texture": "#0"},
				"down": {"uv": [14, 0, 16, 2], "texture": "#0"}
			}
		},
		{
			"from": [0, 12.5, 1.5],
			"to": [2, 14.5, 14.5],
			"faces": {
				"north": {"uv": [14, 0, 16, 2], "texture": "#0"},
				"east": {"uv": [8.5, 0, 16, 2], "texture": "#0"},
				"south": {"uv": [14, 0, 16, 2], "texture": "#0"},
				"west": {"uv": [8.5, 0, 16, 2], "texture": "#0"},
				"up": {"uv": [14, 0, 16, 6.5], "texture": "#0"},
				"down": {"uv": [14, 0, 16, 6.5], "texture": "#0"}
			}
		},
		{
			"from": [14, 12.5, 1.5],
			"to": [16, 14.5, 14.5],
			"faces": {
				"north": {"uv": [14, 0, 16, 2], "texture": "#0"},
				"east": {"uv": [8.5, 0, 16, 2], "texture": "#0"},
				"south": {"uv": [14, 0, 16, 2], "texture": "#0"},
				"west": {"uv": [8.5, 0, 16, 2], "texture": "#0"},
				"up": {"uv": [14, 0, 16, 6.5], "texture": "#0"},
				"down": {"uv": [14, 0, 16, 6.5], "texture": "#0"}
			}
		},
		{
			"from": [6, 9, -4],
			"to": [7, 14, -3],
			"rotation": {"angle": 22.5, "axis": "x", "origin": [0, 0, 0]},
			"faces": {
				"north": {"uv": [14, 0, 16, 5], "texture": "#0"},
				"east": {"uv": [14, 0, 16, 5], "texture": "#0"},
				"south": {"uv": [14, 0, 16, 5], "texture": "#0"},
				"west": {"uv": [14, 0, 16, 5], "texture": "#0"},
				"up": {"uv": [14, 0, 16, 2], "texture": "#0"},
				"down": {"uv": [14, 0, 16, 2], "texture": "#0"}
			}
		},
		{
			"from": [9, 9, -4],
			"to": [10, 14, -3],
			"rotation": {"angle": 22.5, "axis": "x", "origin": [0, 0, 0]},
			"faces": {
				"north": {"uv": [14, 0, 16, 5], "texture": "#0"},
				"east": {"uv": [14, 0, 16, 5], "texture": "#0"},
				"south": {"uv": [14, 0, 16, 5], "texture": "#0"},
				"west": {"uv": [14, 0, 16, 5], "texture": "#0"},
				"up": {"uv": [14, 0, 16, 2], "texture": "#0"},
				"down": {"uv": [14, 0, 16, 2], "texture": "#0"}
			}
		},
		{
			"from": [9, 2, 17.5],
			"to": [10, 7.8, 18.5],
			"rotation": {"angle": -22.5, "axis": "x", "origin": [0, 0, 0]},
			"faces": {
				"north": {"uv": [14, 0, 16, 5], "texture": "#0"},
				"east": {"uv": [14, 0, 16, 5], "texture": "#0"},
				"south": {"uv": [14, 0, 16, 5], "texture": "#0"},
				"west": {"uv": [14, 0, 16, 5], "texture": "#0"},
				"up": {"uv": [14, 0, 16, 2], "texture": "#0"},
				"down": {"uv": [14, 0, 16, 2], "texture": "#0"}
			}
		},
		{
			"from": [6, 2, 17.5],
			"to": [7, 7.8, 18.5],
			"rotation": {"angle": -22.5, "axis": "x", "origin": [0, 0, 0]},
			"faces": {
				"north": {"uv": [14, 0, 16, 5], "texture": "#0"},
				"east": {"uv": [14, 0, 16, 5], "texture": "#0"},
				"south": {"uv": [14, 0, 16, 5], "texture": "#0"},
				"west": {"uv": [14, 0, 16, 5], "texture": "#0"},
				"up": {"uv": [14, 0, 16, 2], "texture": "#0"},
				"down": {"uv": [14, 0, 16, 2], "texture": "#0"}
			}
		},
		{
			"from": [6, 13.5, 1.5],
			"to": [7, 14.5, 14],
			"faces": {
				"north": {"uv": [14, 0, 16, 2], "texture": "#0"},
				"east": {"uv": [8.5, 0, 16, 2], "texture": "#0"},
				"south": {"uv": [14, 0, 16, 2], "texture": "#0"},
				"west": {"uv": [8.5, 0, 16, 2], "texture": "#0"},
				"up": {"uv": [14, 0, 16, 6.5], "texture": "#0"},
				"down": {"uv": [14, 0, 16, 6.5], "texture": "#0"}
			}
		},
		{
			"from": [9, 13.5, 1.5],
			"to": [10, 14.5, 14],
			"faces": {
				"north": {"uv": [14, 0, 16, 2], "texture": "#0"},
				"east": {"uv": [8.5, 0, 16, 2], "texture": "#0"},
				"south": {"uv": [14, 0, 16, 2], "texture": "#0"},
				"west": {"uv": [8.5, 0, 16, 2], "texture": "#0"},
				"up": {"uv": [14, 0, 16, 6.5], "texture": "#0"},
				"down": {"uv": [14, 0, 16, 6.5], "texture": "#0"}
			}
		}
	],
	"display": {
		"gui": {
			"rotation": [17, 163, 0],
			"translation": [0, 0.75, 0],
			"scale": [0.76, 0.76, 0.76]
		},
		"head": {
			"translation": [0, 14.25, 0]
		},
		"fixed": {
			"rotation": [-90, 0, 0],
			"translation": [0, 0, 10.5],
			"scale": [2.94, 2.94, 2.94]
		}
	}
}