{
	"credit": "Made with Blockbench",
	"textures": {
		"0": "models/clickforinfo/lid",
		"1": "models/clickforinfo/main1",
		"2": "models/clickforinfo/main2",
		"3": "models/clickforinfo/side2",
		"4": "models/clickforinfo/side1",
		"5": "models/clickforinfo/side3",
		"6": "models/clickforinfo/side4",
		"particle": "lid"
	},
	"elements": [
		{
			"from": [0, 1, -8],
			"to": [11, 24, -7],
			"faces": {
				"north": {"uv": [0, 0, 2.75, 5.75], "texture": "#4"},
				"east": {"uv": [5.5, 0, 5.75, 5.75], "texture": "#4"},
				"south": {"uv": [2.75, 0, 5.5, 5.75], "texture": "#4"},
				"west": {"uv": [0, 5.75, 0.25, 11.5], "texture": "#4"},
				"up": {"uv": [8.5, 0.25, 5.75, 0], "texture": "#4"},
				"down": {"uv": [3, 5.75, 0.25, 6], "texture": "#4"}
			}
		},
		{
			"from": [0, 1, 0],
			"to": [11, 24, 1],
			"faces": {
				"north": {"uv": [0, 0, 2.75, 5.75], "texture": "#3"},
				"east": {"uv": [5.5, 0, 5.75, 5.75], "texture": "#3"},
				"south": {"uv": [2.75, 0, 5.5, 5.75], "texture": "#3"},
				"west": {"uv": [0, 5.75, 0.25, 11.5], "texture": "#3"},
				"up": {"uv": [8.5, 0.25, 5.75, 0], "texture": "#3"},
				"down": {"uv": [3, 5.75, 0.25, 6], "texture": "#3"}
			}
		},
		{
			"from": [1, 1, -7],
			"to": [11, 24, 0],
			"faces": {
				"north": {"uv": [0, 0, 2.5, 5.75], "texture": "#1"},
				"east": {"uv": [5, 0, 6.75, 5.75], "texture": "#1"},
				"south": {"uv": [2.5, 0, 5, 5.75], "texture": "#1"},
				"west": {"uv": [0, 5.75, 1.75, 11.5], "texture": "#1"},
				"up": {"uv": [4.25, 7.5, 1.75, 5.75], "texture": "#1"},
				"down": {"uv": [6.75, 5.75, 4.25, 7.5], "texture": "#1"}
			}
		},
		{
			"from": [-11, 25, -9],
			"to": [2, 28, 2],
			"rotation": {"angle": -22.5, "axis": "z", "origin": [0, 0, 0]},
			"faces": {
				"north": {"uv": [6, 0, 12, 1.5], "texture": "#0"},
				"east": {"uv": [6, 3, 11.5, 4.5], "texture": "#0"},
				"south": {"uv": [6, 1.5, 12, 3], "texture": "#0"},
				"west": {"uv": [6, 4.5, 11.5, 6], "texture": "#0"},
				"up": {"uv": [6, 5.5, 0, 0], "texture": "#0"},
				"down": {"uv": [6, 5.5, 0, 11], "texture": "#0"}
			}
		},
		{
			"from": [1, 24, -7],
			"to": [8, 27, 0],
			"faces": {
				"north": {"uv": [7, 0, 14, 3], "texture": "#2"},
				"east": {"uv": [7, 3, 14, 6], "texture": "#2"},
				"south": {"uv": [7, 6, 14, 9], "texture": "#2"},
				"west": {"uv": [7, 9, 14, 12], "texture": "#2"},
				"up": {"uv": [7, 7, 0, 0], "texture": "#2"},
				"down": {"uv": [7, 7, 0, 14], "texture": "#2"}
			}
		},
		{
			"from": [0, 24, -8],
			"to": [8, 27, -7],
			"faces": {
				"north": {"uv": [0, 0, 8, 3], "texture": "#5"},
				"east": {"uv": [0, 8, 1, 11], "texture": "#5"},
				"south": {"uv": [0, 3, 8, 6], "texture": "#5"},
				"west": {"uv": [8, 0, 9, 3], "texture": "#5"},
				"up": {"uv": [8, 7, 0, 6], "texture": "#5"},
				"down": {"uv": [8, 7, 0, 8], "texture": "#5"}
			}
		},
		{
			"from": [0, 24, 0],
			"to": [8, 27, 1],
			"faces": {
				"north": {"uv": [0, 0, 8, 3], "texture": "#6"},
				"east": {"uv": [0, 8, 1, 11], "texture": "#6"},
				"south": {"uv": [0, 3, 8, 6], "texture": "#6"},
				"west": {"uv": [8, 0, 9, 3], "texture": "#6"},
				"up": {"uv": [8, 7, 0, 6], "texture": "#6"},
				"down": {"uv": [8, 7, 0, 8], "texture": "#6"}
			}
		}
	],
	"display": {
		"head": {
			"rotation": [0, -90, 0],
			"translation": [-18, -34.25, 0],
			"scale": [1.57, 1.57, 1.57]
		}
	}
}