{
	"credit": "Made with Blockbench",
	"texture_size": [64, 64],
	"textures": {
		"1": "models/computer/computer_keyboard",
		"2": "models/computer/computer_mouse",
		"3": "models/computer/computer_pc",
		"4": "models/computer/computer_monitorstand",
		"6": "models/computer/computer_monitor",
		"particle": "computer_monitor"
	},
	"elements": [
		{
			"from": [5, 0, 22],
			"to": [21, 14, 27],
			"faces": {
				"north": {"uv": [0, 0, 8, 7], "texture": "#3"},
				"east": {"uv": [8, 5, 10.5, 12], "texture": "#3"},
				"south": {"uv": [0, 7, 8, 14], "texture": "#3"},
				"west": {"uv": [10.5, 5, 13, 12], "texture": "#3"},
				"up": {"uv": [16, 2.5, 8, 0], "texture": "#3"},
				"down": {"uv": [16, 2.5, 8, 5], "texture": "#3"}
			}
		},
		{
			"from": [14, 0, 7],
			"to": [16, 7, 9],
			"faces": {
				"north": {"uv": [0, 0, 2, 7], "texture": "#4"},
				"east": {"uv": [2, 0, 4, 7], "texture": "#4"},
				"south": {"uv": [4, 0, 6, 7], "texture": "#4"},
				"west": {"uv": [6, 0, 8, 7], "texture": "#4"},
				"up": {"uv": [2, 9, 0, 7], "texture": "#4"},
				"down": {"uv": [4, 7, 2, 9], "texture": "#4"}
			}
		},
		{
			"from": [4, 0, -1],
			"to": [9, 1, 13],
			"faces": {
				"north": {"uv": [5, 1, 7.5, 1.5], "texture": "#1"},
				"east": {"uv": [5, 0, 12, 0.5], "texture": "#1"},
				"south": {"uv": [5, 1.5, 7.5, 2], "texture": "#1"},
				"west": {"uv": [5, 0.5, 12, 1], "texture": "#1"},
				"up": {"uv": [2.5, 7, 0, 0], "texture": "#1"},
				"down": {"uv": [5, 0, 2.5, 7], "texture": "#1"}
			}
		},
		{
			"from": [11, 0, 12],
			"to": [15, 1, 14],
			"rotation": {"angle": -22.5, "axis": "y", "origin": [0, 0, 0]},
			"faces": {
				"north": {"uv": [0, 8, 8, 10], "texture": "#2"},
				"east": {"uv": [8, 2, 12, 4], "texture": "#2"},
				"south": {"uv": [8, 0, 16, 2], "texture": "#2"},
				"west": {"uv": [8, 4, 12, 6], "texture": "#2"},
				"up": {"uv": [8, 4, 0, 0], "texture": "#2"},
				"down": {"uv": [8, 4, 0, 8], "texture": "#2"}
			}
		},
		{
			"from": [13, 4, -3],
			"to": [14, 19, 19],
			"faces": {
				"north": {"uv": [5.75, 0, 6, 3.75], "texture": "#6"},
				"east": {"uv": [0, 0, 5.5, 3.75], "texture": "#6"},
				"south": {"uv": [5.75, 3.75, 6, 7.5], "texture": "#6"},
				"west": {"uv": [0, 3.75, 5.5, 7.5], "texture": "#6"},
				"up": {"uv": [5.75, 5.5, 5.5, 0], "texture": "#6"},
				"down": {"uv": [5.75, 5.5, 5.5, 11], "texture": "#6"}
			}
		}
	],
	"display": {
		"firstperson_righthand": {
			"translation": [0, -3.25, 0]
		},
		"firstperson_lefthand": {
			"translation": [0, -3.5, 0]
		},
		"gui": {
			"rotation": [22, 61, 0],
			"translation": [-2.5, -0.5, 0],
			"scale": [0.74, 0.74, 0.74]
		},
		"head": {
			"rotation": [0, -90, 0],
			"translation": [4, 14.25, -3.5]
		},
		"fixed": {
			"rotation": [-90, 0, 0],
			"translation": [0, -25.5, -24.5],
			"scale": [3, 3.18, 3.4]
		}
	}
}