{
	"credit": "Made with Blockbench",
	"texture_size": [32, 32],
	"textures": {
		"1": "models/craftquestnpc/leftarm",
		"3": "models/craftquestnpc/base",
		"5": "models/craftquestnpc/texture",
		"particle": "models/craftquestnpc/leftarm"
	},
	"elements": [
		{
			"from": [1, -2, -1],
			"to": [5, 21, 7],
			"faces": {
				"north": {"uv": [8, 0, 10, 11.5], "texture": "#3"},
				"east": {"uv": [0, 0, 4, 11.5], "texture": "#3"},
				"south": {"uv": [10, 0, 12, 11.5], "texture": "#3"},
				"west": {"uv": [4, 0, 8, 11.5], "texture": "#3"},
				"up": {"uv": [2, 15.5, 0, 11.5], "texture": "#3"},
				"down": {"uv": [4, 11.5, 2, 15.5], "texture": "#3"}
			}
		},
		{
			"from": [-1, 21, -1],
			"to": [7, 29, 7],
			"faces": {
				"north": {"uv": [0, 0, 4, 4], "texture": "#5"},
				"east": {"uv": [0, 4, 4, 8], "texture": "#5"},
				"south": {"uv": [4, 0, 8, 4], "texture": "#5"},
				"west": {"uv": [4, 4, 8, 8], "texture": "#5"},
				"up": {"uv": [4, 12, 0, 8], "texture": "#5"},
				"down": {"uv": [12, 0, 8, 4], "texture": "#5"}
			}
		},
		{
			"from": [1, 5, 14],
			"to": [5, 16, 18],
			"rotation": {"angle": -22.5, "axis": "x", "origin": [0, 0, 0]},
			"faces": {
				"north": {"uv": [0, 5.5, 2, 11], "texture": "#1"},
				"east": {"uv": [0, 0, 2, 5.5], "texture": "#1"},
				"south": {"uv": [2, 0, 4, 5.5], "texture": "#1"},
				"west": {"uv": [4, 0, 6, 5.5], "texture": "#1"},
				"up": {"uv": [4, 7.5, 2, 5.5], "rotation": 90, "texture": "#1"},
				"down": {"uv": [6, 5.5, 4, 7.5], "rotation": 270, "texture": "#1"}
			}
		},
		{
			"from": [1, 7, -12],
			"to": [5, 18, -8],
			"rotation": {"angle": 22.5, "axis": "x", "origin": [0, 0, 0]},
			"faces": {
				"north": {"uv": [4, 0, 6, 5.5], "texture": "#1"},
				"east": {"uv": [0, 5.5, 2, 11], "texture": "#1"},
				"south": {"uv": [0, 0, 2, 5.5], "texture": "#1"},
				"west": {"uv": [2, 0, 4, 5.5], "texture": "#1"},
				"up": {"uv": [4, 7.5, 2, 5.5], "rotation": 180, "texture": "#1"},
				"down": {"uv": [6, 5.5, 4, 7.5], "rotation": 180, "texture": "#1"}
			}
		}
	],
	"display": {
		"head": {
			"rotation": [0, -90, 0],
			"translation": [-20, -5.25, 19.5],
			"scale": [4, 4, 4]
		}
	}
}