{
	"credit": "Made with Blockbench",
	"texture_size": [32, 32],
	"textures": {
		"1": "models/gamesitem/gamesitem"
	},
	"elements": [
		{
			"from": [3, 0, 0],
			"to": [13, 1, 16],
			"faces": {
				"north": {"uv": [0, 8.5, 5, 9], "texture": "#1"},
				"east": {"uv": [0, 8, 8, 8.5], "texture": "#1"},
				"south": {"uv": [5, 8.5, 10, 9], "texture": "#1"},
				"west": {"uv": [8, 8, 16, 8.5], "texture": "#1"},
				"up": {"uv": [5, 8, 0, 0], "texture": "#1"},
				"down": {"uv": [10, 0, 5, 8], "texture": "#1"}
			}
		}
	],
	"display": {
		"thirdperson_righthand": {
			"rotation": [-74, 9, 164],
			"translation": [-2.75, 3, 6.25],
			"scale": [0.6, 0.63, 0.62]
		},
		"thirdperson_lefthand": {
			"rotation": [-74, 9, 164],
			"translation": [-2.75, 3, 6.25],
			"scale": [0.6, 0.63, 0.62]
		},
		"firstperson_righthand": {
			"rotation": [57, 164, -4],
			"translation": [-1.25, 7.25, 6.5]
		},
		"firstperson_lefthand": {
			"rotation": [57, 164, -37],
			"translation": [-4.5, 7.5, 3.75]
		},
		"ground": {
			"translation": [0, 4.75, 0]
		},
		"gui": {
			"rotation": [-98, 7, 156.45],
			"translation": [-3.25, 1.25, 1.75],
			"scale": [1.22, 1, 1.16]
		},
		"fixed": {
			"rotation": [-90, 0, 0],
			"translation": [0.25, -0.5, -13.25],
			"scale": [1.79, 1.67, 1.82]
		}
	}
}