{
	"credit": "Made with Blockbench",
	"texture_size": [32, 32],
	"textures": {
		"0": "models/greensofa/greensofa_seat",
		"1": "models/greensofa/greensofa_armrest1",
		"2": "models/greensofa/greensofa_armrest2",
		"3": "models/greensofa/greensofa_backrest",
		"4": "models/greensofa/greensofa_leg1",
		"5": "models/greensofa/greensofa_back1",
		"particle": "models/greensofa/greensofa_seat"
	},
	"elements": [
		{
			"from": [0, 0, 1],
			"to": [17, 6, 14],
			"faces": {
				"north": {"uv": [4.25, 0, 8.5, 1.5], "texture": "#0"},
				"east": {"uv": [4.25, 3, 7.5, 4.5], "texture": "#0"},
				"south": {"uv": [4.25, 1.5, 8.5, 3], "texture": "#0"},
				"west": {"uv": [4.25, 4.5, 7.5, 6], "texture": "#0"},
				"up": {"uv": [4.25, 3.25, 0, 0], "texture": "#0"},
				"down": {"uv": [4.25, 3.25, 0, 6.5], "texture": "#0"}
			}
		},
		{
			"from": [12, 6, 1],
			"to": [16, 18, 14],
			"faces": {
				"north": {"uv": [9, 0, 11.5, 6], "texture": "#3"},
				"east": {"uv": [0, 0, 6.5, 6], "texture": "#3"},
				"south": {"uv": [9, 6, 11.5, 12], "texture": "#3"},
				"west": {"uv": [0, 6, 6.5, 12], "texture": "#3"},
				"up": {"uv": [9, 6.5, 6.5, 0], "texture": "#3"},
				"down": {"uv": [9, 6.5, 6.5, 13], "texture": "#3"}
			}
		},
		{
			"from": [0, 0, -4],
			"to": [17, 11, 1],
			"faces": {
				"north": {"uv": [0, 0, 4.25, 2.75], "texture": "#1"},
				"east": {"uv": [4.25, 2.5, 5.5, 5.25], "texture": "#1"},
				"south": {"uv": [0, 2.75, 4.25, 5.5], "texture": "#1"},
				"west": {"uv": [4.25, 5.25, 5.5, 8], "texture": "#1"},
				"up": {"uv": [8.5, 1.25, 4.25, 0], "texture": "#1"},
				"down": {"uv": [8.5, 1.25, 4.25, 2.5], "texture": "#1"}
			}
		},
		{
			"from": [0, 0, 14],
			"to": [17, 11, 19],
			"faces": {
				"north": {"uv": [0, 0, 4.25, 2.75], "texture": "#2"},
				"east": {"uv": [4.25, 2.5, 5.5, 5.25], "texture": "#2"},
				"south": {"uv": [0, 2.75, 4.25, 5.5], "texture": "#2"},
				"west": {"uv": [4.25, 5.25, 5.5, 8], "texture": "#2"},
				"up": {"uv": [8.5, 1.25, 4.25, 0], "texture": "#2"},
				"down": {"uv": [8.5, 1.25, 4.25, 2.5], "texture": "#2"}
			}
		},
		{
			"from": [1, -3, -3],
			"to": [4, 0, 0],
			"faces": {
				"north": {"uv": [0, 0, 3, 3], "texture": "#4"},
				"east": {"uv": [0, 3, 3, 6], "texture": "#4"},
				"south": {"uv": [3, 0, 6, 3], "texture": "#4"},
				"west": {"uv": [3, 3, 6, 6], "texture": "#4"},
				"up": {"uv": [3, 9, 0, 6], "texture": "#4"},
				"down": {"uv": [9, 0, 6, 3], "texture": "#4"}
			}
		},
		{
			"from": [1, -3, 15],
			"to": [4, 0, 18],
			"faces": {
				"north": {"uv": [0, 0, 3, 3], "texture": "#4"},
				"east": {"uv": [0, 3, 3, 6], "texture": "#4"},
				"south": {"uv": [3, 0, 6, 3], "texture": "#4"},
				"west": {"uv": [3, 3, 6, 6], "texture": "#4"},
				"up": {"uv": [3, 9, 0, 6], "texture": "#4"},
				"down": {"uv": [9, 0, 6, 3], "texture": "#4"}
			}
		},
		{
			"from": [13, -3, 15],
			"to": [16, 0, 18],
			"faces": {
				"north": {"uv": [0, 0, 3, 3], "texture": "#4"},
				"east": {"uv": [0, 3, 3, 6], "texture": "#4"},
				"south": {"uv": [3, 0, 6, 3], "texture": "#4"},
				"west": {"uv": [3, 3, 6, 6], "texture": "#4"},
				"up": {"uv": [3, 9, 0, 6], "texture": "#4"},
				"down": {"uv": [9, 0, 6, 3], "texture": "#4"}
			}
		},
		{
			"from": [13, -3, -3],
			"to": [16, 0, 0],
			"faces": {
				"north": {"uv": [0, 0, 3, 3], "texture": "#4"},
				"east": {"uv": [0, 3, 3, 6], "texture": "#4"},
				"south": {"uv": [3, 0, 6, 3], "texture": "#4"},
				"west": {"uv": [3, 3, 6, 6], "texture": "#4"},
				"up": {"uv": [3, 9, 0, 6], "texture": "#4"},
				"down": {"uv": [9, 0, 6, 3], "texture": "#4"}
			}
		},
		{
			"from": [16, 6, 1],
			"to": [17, 11, 14],
			"faces": {
				"north": {"uv": [1, 5, 1.5, 7.5], "texture": "#5"},
				"east": {"uv": [0, 0, 6.5, 2.5], "texture": "#5"},
				"south": {"uv": [1.5, 5, 2, 7.5], "texture": "#5"},
				"west": {"uv": [0, 2.5, 6.5, 5], "texture": "#5"},
				"up": {"uv": [0.5, 11.5, 0, 5], "texture": "#5"},
				"down": {"uv": [1, 5, 0.5, 11.5], "texture": "#5"}
			}
		}
	],
	"display": {
		"thirdperson_righthand": {
			"rotation": [36, 39, 2],
			"translation": [-1, 0, 1.5],
			"scale": [0.42, 0.42, 0.42]
		},
		"thirdperson_lefthand": {
			"rotation": [39, -130, 2],
			"translation": [-1, 0, 1.5],
			"scale": [0.42, 0.42, 0.42]
		},
		"firstperson_righthand": {
			"rotation": [0, 28, 0],
			"translation": [-0.75, 4.25, 1.25],
			"scale": [0.54, 0.54, 0.54]
		},
		"firstperson_lefthand": {
			"rotation": [0, -138, 0],
			"translation": [0.75, 4.25, 1.25],
			"scale": [0.54, 0.54, 0.54]
		},
		"ground": {
			"translation": [0, 2, -0.5],
			"scale": [0.58, 0.58, 0.43]
		},
		"gui": {
			"rotation": [20, 61, 0],
			"translation": [-0.25, 0.5, 0],
			"scale": [0.71, 0.66, 0.59]
		},
		"head": {
			"rotation": [0, -90, 0],
			"translation": [0, 13.5, -0.5],
			"scale": [0.72, 0.7, 0.56]
		},
		"fixed": {
			"rotation": [-90, 0, 0],
			"translation": [0.5, 0.5, -27.75],
			"scale": [3.53, 2.75, 2.96]
		}
	}
}