{
	"credit": "Made with Blockbench",
	"textures": {
		"0": "models/invisibleseat/invisibleseat",
		"particle": "models/invisibleseat/invisibleseat"
	},
	"elements": [
		{
			"from": [8, 0, 7],
			"to": [10, 2, 9],
			"faces": {
				"north": {"uv": [0, 0, 2, 2], "texture": "#0"},
				"east": {"uv": [0, 2, 2, 4], "texture": "#0"},
				"south": {"uv": [2, 0, 4, 2], "texture": "#0"},
				"west": {"uv": [2, 2, 4, 4], "texture": "#0"},
				"up": {"uv": [2, 6, 0, 4], "texture": "#0"},
				"down": {"uv": [6, 0, 4, 2], "texture": "#0"}
			}
		}
	],
	"display": {}
}