{
	"credit": "Made with Blockbench",
	"texture_size": [256, 192],
	"textures": {
		"10": "models/islandselector/islandselector"
	},
	"elements": [
		{
			"from": [-5, -4, -1],
			"to": [20, 6, 3],
			"faces": {
				"north": {"uv": [12, 0, 15.125, 1.66667], "texture": "#10"},
				"east": {"uv": [15.125, 0, 15.625, 1.66667], "texture": "#10"},
				"south": {"uv": [12, 1.66667, 15.125, 3.33333], "texture": "#10"},
				"west": {"uv": [15.125, 1.66667, 15.625, 3.33333], "texture": "#10"},
				"up": {"uv": [15.125, 4, 12, 3.33333], "texture": "#10"},
				"down": {"uv": [15.125, 4, 12, 4.66667], "texture": "#10"}
			}
		},
		{
			"from": [-5, 6, -1],
			"to": [0, 32, 3],
			"faces": {
				"north": {"uv": [0, 5.33333, 0.625, 9.66667], "texture": "#10"},
				"east": {"uv": [1.25, 5.33333, 1.75, 9.66667], "texture": "#10"},
				"south": {"uv": [0.625, 5.33333, 1.25, 9.66667], "texture": "#10"},
				"west": {"uv": [1.75, 5.33333, 2.25, 9.66667], "texture": "#10"},
				"up": {"uv": [2.875, 6, 2.25, 5.33333], "texture": "#10"},
				"down": {"uv": [2.875, 6, 2.25, 6.66667], "texture": "#10"}
			}
		},
		{
			"from": [0, 6, 1],
			"to": [15, 28, 1],
			"faces": {
				"north": {"uv": [4, 10.66667, 5.875, 14.33333], "texture": "#10"},
				"east": {"uv": [4, 10.66667, 4, 14.33333], "texture": "#10"},
				"south": {"uv": [5.875, 10.66667, 7.75, 14.33333], "texture": "#10"},
				"west": {"uv": [4, 10.66667, 4, 14.33333], "texture": "#10"},
				"up": {"uv": [5.875, 10.66667, 4, 10.66667], "texture": "#10"},
				"down": {"uv": [5.875, 10.66667, 4, 10.66667], "texture": "#10"}
			}
		},
		{
			"from": [0, 6, 2],
			"to": [15, 28, 2],
			"faces": {
				"north": {"uv": [12, 5.33333, 13.875, 9], "texture": "#10"},
				"east": {"uv": [12, 5.33333, 12, 9], "texture": "#10"},
				"south": {"uv": [13.875, 5.33333, 15.75, 9], "texture": "#10"},
				"west": {"uv": [12, 5.33333, 12, 9], "texture": "#10"},
				"up": {"uv": [13.875, 5.33333, 12, 5.33333], "texture": "#10"},
				"down": {"uv": [13.875, 5.33333, 12, 5.33333], "texture": "#10"}
			}
		},
		{
			"from": [0, 6, 0],
			"to": [15, 28, 0],
			"faces": {
				"north": {"uv": [0, 10.66667, 1.875, 14.33333], "texture": "#10"},
				"east": {"uv": [0, 10.66667, 0, 14.33333], "texture": "#10"},
				"south": {"uv": [1.875, 10.66667, 3.75, 14.33333], "texture": "#10"},
				"west": {"uv": [0, 10.66667, 0, 14.33333], "texture": "#10"},
				"up": {"uv": [1.875, 10.66667, 0, 10.66667], "texture": "#10"},
				"down": {"uv": [1.875, 10.66667, 0, 10.66667], "texture": "#10"}
			}
		},
		{
			"from": [0, 28, -1],
			"to": [15, 32, 3],
			"faces": {
				"north": {"uv": [8, 5.33333, 9.875, 6], "texture": "#10"},
				"east": {"uv": [9.875, 5.33333, 10.375, 6], "texture": "#10"},
				"south": {"uv": [8, 6, 9.875, 6.66667], "texture": "#10"},
				"west": {"uv": [9.875, 6, 10.375, 6.66667], "texture": "#10"},
				"up": {"uv": [9.875, 7.33333, 8, 6.66667], "texture": "#10"},
				"down": {"uv": [9.875, 7.33333, 8, 8], "texture": "#10"}
			}
		},
		{
			"from": [15, 6, -1],
			"to": [20, 32, 3],
			"faces": {
				"north": {"uv": [4, 5.33333, 4.625, 9.66667], "texture": "#10"},
				"east": {"uv": [5.25, 5.33333, 5.75, 9.66667], "texture": "#10"},
				"south": {"uv": [4.625, 5.33333, 5.25, 9.66667], "texture": "#10"},
				"west": {"uv": [5.75, 5.33333, 6.25, 9.66667], "texture": "#10"},
				"up": {"uv": [6.875, 6, 6.25, 5.33333], "texture": "#10"},
				"down": {"uv": [6.875, 6, 6.25, 6.66667], "texture": "#10"}
			}
		}
	],
	"display": {
		"fixed": {
			"rotation": [-90, 0, 0],
			"translation": [2.75, 22.75, -37.75],
			"scale": [2.95, 3.12, 3.31]
		}
	}
}