{
	"credit": "Made with Blockbench",
	"texture_size": [64, 64],
	"textures": {
		"0": "models/laptop/body",
		"1": "models/laptop/screen",
		"particle": "body"
	},
	"elements": [
		{
			"from": [-3, 0, -3],
			"to": [10, 1, 19],
			"faces": {
				"north": {"uv": [0, 5.75, 3.25, 6], "texture": "#0"},
				"east": {"uv": [0, 5.5, 5.5, 5.75], "texture": "#0"},
				"south": {"uv": [3.25, 5.75, 6.5, 6], "texture": "#0"},
				"west": {"uv": [5.5, 5.5, 11, 5.75], "texture": "#0"},
				"up": {"uv": [3.25, 5.5, 0, 0], "texture": "#0"},
				"down": {"uv": [6.5, 0, 3.25, 5.5], "texture": "#0"}
			}
		},
		{
			"from": [9, 4, -3],
			"to": [9, 17, 19],
			"rotation": {"angle": -22.5, "axis": "z", "origin": [0, 0, 0]},
			"faces": {
				"north": {"uv": [5.75, 0, 6, 3.25], "texture": "#1"},
				"east": {"uv": [0, 0, 5.5, 3.25], "texture": "#1"},
				"south": {"uv": [5.75, 3.25, 6, 6.5], "texture": "#1"},
				"west": {"uv": [0, 3.25, 5.5, 6.5], "texture": "#1"},
				"up": {"uv": [5.75, 5.5, 5.5, 0], "texture": "#1"},
				"down": {"uv": [5.75, 5.5, 5.5, 11], "texture": "#1"}
			}
		}
	],
	"display": {
		"firstperson_righthand": {
			"translation": [0, 6, 0]
		},
		"firstperson_lefthand": {
			"translation": [-6.25, 7.25, -4.5]
		},
		"gui": {
			"rotation": [20, 61, 5],
			"translation": [0, 1, 0],
			"scale": [0.72, 0.72, 0.72]
		},
		"head": {
			"rotation": [0, -90, 0],
			"translation": [0, 14, 4]
		},
		"fixed": {
			"rotation": [-90, -90, 0],
			"translation": [0.75, 6.25, -16.75],
			"scale": [2.15, 2.08, 1.97]
		}
	}
}