{
	"credit": "Made with Blockbench",
	"texture_size": [32, 32],
	"textures": {
		"0": "models/mail1/base",
		"1": "models/mail1/letter",
		"2": "models/mail1/stand",
		"3": "models/mail1/top",
		"particle": "base"
	},
	"elements": [
		{
			"from": [3, 3, 3],
			"to": [13, 24, 13],
			"faces": {
				"north": {"uv": [0, 0, 2.5, 5.25], "texture": "#0"},
				"east": {"uv": [2.5, 0, 5, 5.25], "texture": "#0"},
				"south": {"uv": [5, 0, 7.5, 5.25], "texture": "#0"},
				"west": {"uv": [0, 5.25, 2.5, 10.5], "texture": "#0"},
				"up": {"uv": [5, 7.75, 2.5, 5.25], "texture": "#0"},
				"down": {"uv": [7.5, 5.25, 5, 7.75], "texture": "#missing"}
			}
		},
		{
			"from": [2, 19, 2],
			"to": [14, 22, 14],
			"faces": {
				"north": {"uv": [6, 0, 12, 1.5], "texture": "#3"},
				"east": {"uv": [6, 1.5, 12, 3], "texture": "#3"},
				"south": {"uv": [6, 3, 12, 4.5], "texture": "#3"},
				"west": {"uv": [6, 4.5, 12, 6], "texture": "#3"},
				"up": {"uv": [6, 6, 0, 0], "texture": "#3"},
				"down": {"uv": [6, 6, 0, 12], "texture": "#3"}
			}
		},
		{
			"from": [4, 20, 6],
			"to": [10, 20, 10],
			"rotation": {"angle": -22.5, "axis": "z", "origin": [0, 0, 0]},
			"faces": {
				"north": {"uv": [0, 0, 6, 0], "texture": "#missing"},
				"east": {"uv": [0, 0, 4, 0], "texture": "#missing"},
				"south": {"uv": [0, 0, 6, 0], "texture": "#missing"},
				"west": {"uv": [0, 0, 4, 0], "texture": "#missing"},
				"up": {"uv": [6, 4, 0, 0], "texture": "#1"},
				"down": {"uv": [6, 4, 0, 8], "texture": "#1"}
			}
		},
		{
			"from": [2, 0, 2],
			"to": [14, 3, 14],
			"faces": {
				"north": {"uv": [6, 0, 12, 1.5], "texture": "#2"},
				"east": {"uv": [6, 1.5, 12, 3], "texture": "#2"},
				"south": {"uv": [6, 3, 12, 4.5], "texture": "#2"},
				"west": {"uv": [6, 4.5, 12, 6], "texture": "#2"},
				"up": {"uv": [6, 6, 0, 0], "texture": "#2"},
				"down": {"uv": [6, 6, 0, 12], "texture": "#2"}
			}
		}
	],
	"display": {
		"thirdperson_righthand": {
			"scale": [0.28, 0.28, 0.28]
		},
		"thirdperson_lefthand": {
			"scale": [0.28, 0.28, 0.28]
		},
		"firstperson_righthand": {
			"scale": [0.28, 0.28, 0.28]
		},
		"firstperson_lefthand": {
			"scale": [0.28, 0.28, 0.28]
		},
		"ground": {
			"translation": [0, 0.25, 0],
			"scale": [0.55, 0.55, 0.55]
		},
		"gui": {
			"rotation": [0, -74, 0],
			"translation": [0, -2.75, 0],
			"scale": [1, 0.69, 1.05]
		},
		"head": {
			"rotation": [0, 90, 0],
			"translation": [0, -29.5, 0],
			"scale": [1.95, 1.95, 1.95]
		},
		"fixed": {
			"rotation": [-90, 0, 0],
			"translation": [0, 0, -16.75],
			"scale": [2.31, 2.33, 2.33]
		}
	},
	"groups": [
		{
			"name": "bone",
			"origin": [0, 0, 0],
			"color": 0,
			"children": [0, 1, 2, 3]
		}
	]
}