{
	"credit": "Made with Blockbench",
	"texture_size": [8, 8],
	"textures": {
		"0": "models/minernpc/texture",
		"1": "models/minernpc/leftarm",
		"2": "models/minernpc/rightarm",
		"3": "models/minernpc/base",
		"4": "models/minernpc/gold1",
		"5": "models/minernpc/gold2",
		"6": "models/minernpc/gold3",
		"7": "models/minernpc/gold4",
		"8": "models/minernpc/gold5",
		"particle": "texture"
	},
	"elements": [
		{
			"from": [1, 1, -3],
			"to": [5, 24, 5],
			"faces": {
				"north": {"uv": [8, 0, 10, 11.5], "texture": "#3"},
				"east": {"uv": [0, 0, 4, 11.5], "texture": "#3"},
				"south": {"uv": [10, 0, 12, 11.5], "texture": "#3"},
				"west": {"uv": [4, 0, 8, 11.5], "texture": "#3"},
				"up": {"uv": [2, 15.5, 0, 11.5], "texture": "#3"},
				"down": {"uv": [4, 11.5, 2, 15.5], "texture": "#3"}
			}
		},
		{
			"from": [-1, 24, -3],
			"to": [7, 32, 5],
			"faces": {
				"north": {"uv": [0, 0, 4, 4], "texture": "#0"},
				"east": {"uv": [0, 4, 4, 8], "texture": "#0"},
				"south": {"uv": [4, 0, 8, 4], "texture": "#0"},
				"west": {"uv": [4, 4, 8, 8], "texture": "#0"},
				"up": {"uv": [4, 12, 0, 8], "texture": "#0"},
				"down": {"uv": [12, 0, 8, 4], "texture": "#0"}
			}
		},
		{
			"from": [1, 10, -16],
			"to": [5, 21, -12],
			"rotation": {"angle": 22.5, "axis": "x", "origin": [0, 0, 0]},
			"faces": {
				"north": {"uv": [0, 0, 2, 5.5], "texture": "#1"},
				"east": {"uv": [2, 0, 4, 5.5], "texture": "#1"},
				"south": {"uv": [4, 0, 6, 5.5], "texture": "#1"},
				"west": {"uv": [0, 5.5, 2, 11], "texture": "#1"},
				"up": {"uv": [4, 7.5, 2, 5.5], "texture": "#1"},
				"down": {"uv": [6, 5.5, 4, 7.5], "texture": "#1"}
			}
		},
		{
			"from": [1, 9, 20],
			"to": [5, 13, 31],
			"rotation": {"angle": -45, "axis": "x", "origin": [0, 0, 0]},
			"faces": {
				"north": {"uv": [4, 4, 6, 6], "texture": "#2"},
				"east": {"uv": [0, 0, 5.5, 2], "texture": "#2"},
				"south": {"uv": [5.5, 0, 7.5, 2], "texture": "#2"},
				"west": {"uv": [0, 2, 5.5, 4], "texture": "#2"},
				"up": {"uv": [2, 9.5, 0, 4], "texture": "#2"},
				"down": {"uv": [4, 4, 2, 9.5], "texture": "#2"}
			}
		},
		{
			"from": [-1, 28, 13],
			"to": [3, 32, 17],
			"faces": {
				"north": {"uv": [0, 0, 4, 4], "texture": "#4"},
				"east": {"uv": [0, 4, 4, 8], "texture": "#4"},
				"south": {"uv": [4, 0, 8, 4], "texture": "#4"},
				"west": {"uv": [4, 4, 8, 8], "texture": "#4"},
				"up": {"uv": [4, 12, 0, 8], "texture": "#4"},
				"down": {"uv": [12, 0, 8, 4], "texture": "#4"}
			}
		},
		{
			"from": [-2, 30, 14],
			"to": [-1, 32, 17],
			"faces": {
				"north": {"uv": [0, 8, 2, 12], "texture": "#5"},
				"east": {"uv": [0, 0, 6, 4], "texture": "#5"},
				"south": {"uv": [8, 0, 10, 4], "texture": "#5"},
				"west": {"uv": [0, 4, 6, 8], "texture": "#5"},
				"up": {"uv": [8, 6, 6, 0], "texture": "#5"},
				"down": {"uv": [8, 6, 6, 12], "texture": "#5"}
			}
		},
		{
			"from": [-1, 28, 17],
			"to": [2, 30, 18],
			"faces": {
				"north": {"uv": [0, 0, 6, 4], "texture": "#6"},
				"east": {"uv": [6, 4, 8, 8], "texture": "#6"},
				"south": {"uv": [0, 4, 6, 8], "texture": "#6"},
				"west": {"uv": [0, 8, 2, 12], "texture": "#6"},
				"up": {"uv": [12, 2, 6, 0], "texture": "#6"},
				"down": {"uv": [12, 2, 6, 4], "texture": "#6"}
			}
		},
		{
			"from": [3, 28, 14],
			"to": [4, 30, 17],
			"faces": {
				"north": {"uv": [0, 8, 2, 12], "texture": "#8"},
				"east": {"uv": [0, 0, 6, 4], "texture": "#8"},
				"south": {"uv": [8, 0, 10, 4], "texture": "#8"},
				"west": {"uv": [0, 4, 6, 8], "texture": "#8"},
				"up": {"uv": [8, 6, 6, 0], "texture": "#8"},
				"down": {"uv": [8, 6, 6, 12], "texture": "#8"}
			}
		},
		{
			"from": [-1, 27, 14],
			"to": [2, 28, 16],
			"faces": {
				"north": {"uv": [6, 0, 12, 2], "texture": "#7"},
				"east": {"uv": [6, 4, 10, 6], "texture": "#7"},
				"south": {"uv": [6, 2, 12, 4], "texture": "#7"},
				"west": {"uv": [6, 6, 10, 8], "texture": "#7"},
				"up": {"uv": [6, 4, 0, 0], "texture": "#7"},
				"down": {"uv": [6, 4, 0, 8], "texture": "#7"}
			}
		}
	],
	"display": {
		"head": {
			"rotation": [0, -90, 0],
			"translation": [-29, -17.25, 19.5],
			"scale": [4, 4, 4]
		}
	}
}