{
	"credit": "Made with Blockbench",
	"texture_size": [64, 64],
	"textures": {
		"0": "models/crates/mysterylootbox-pink",
		"particle": "models/crates/mysterylootbox-pink"
	},
	"elements": [
		{
			"from": [0, 0, 0],
			"to": [16, 16, 16],
			"faces": {
				"north": {"uv": [0, 0, 4, 4], "texture": "#0"},
				"east": {"uv": [0, 4, 4, 8], "texture": "#0"},
				"south": {"uv": [4, 0, 8, 4], "texture": "#0"},
				"west": {"uv": [4, 4, 8, 8], "texture": "#0"},
				"up": {"uv": [4, 12, 0, 8], "texture": "#0"},
				"down": {"uv": [12, 0, 8, 4], "texture": "#0"}
			}
		}
	],
	"display": {
		"gui": {
			"rotation": [-21, -21, 0],
			"scale": [0.74, 0.74, 0.74]
		},
		"fixed": {
			"rotation": [-90, 0, 0],
			"translation": [0, 0, 15.75],
			"scale": [2.18, 2.18, 2.18]
		}
	}
}