{
	"credit": "Made with Blockbench",
	"textures": {
		"0": "models/rocks/orangerock1",
		"1": "models/rocks/orangerock2",
		"particle": "models/rocks/rock1"
	},
	"elements": [
		{
			"from": [0, 0, -4],
			"to": [6, 2, 2],
			"faces": {
				"north": {"uv": [6, 0, 12, 2], "texture": "#0"},
				"east": {"uv": [6, 2, 12, 4], "texture": "#0"},
				"south": {"uv": [6, 4, 12, 6], "texture": "#0"},
				"west": {"uv": [6, 6, 12, 8], "texture": "#0"},
				"up": {"uv": [6, 6, 0, 0], "texture": "#0"},
				"down": {"uv": [6, 6, 0, 12], "texture": "#0"}
			}
		},
		{
			"from": [9, 0, 6],
			"to": [13, 1, 10],
			"faces": {
				"north": {"uv": [4, 0, 8, 1], "texture": "#1"},
				"east": {"uv": [4, 1, 8, 2], "texture": "#1"},
				"south": {"uv": [4, 2, 8, 3], "texture": "#1"},
				"west": {"uv": [4, 3, 8, 4], "texture": "#1"},
				"up": {"uv": [4, 4, 0, 0], "texture": "#1"},
				"down": {"uv": [4, 4, 0, 8], "texture": "#1"}
			}
		}
	],
	"display": {
		"firstperson_righthand": {
			"translation": [0, 9.5, 0]
		},
		"firstperson_lefthand": {
			"translation": [0, 9.25, 0]
		},
		"fixed": {
			"rotation": [-90, 21, 0],
			"translation": [6.75, 0, -14.5],
			"scale": [1.86, 1.86, 1.75]
		}
	}
}