{
	"credit": "Made with Blockbench",
	"texture_size": [32, 32],
	"textures": {
		"0": "models/parkseat/plank",
		"1": "models/parkseat/support",
		"particle": "models/parkseat/plank"
	},
	"elements": [
		{
			"from": [-11, 4, -15],
			"to": [-7, 6, 29],
			"faces": {
				"north": {"uv": [2, 1, 3, 1.5], "texture": "#0"},
				"east": {"uv": [2, 0, 13, 0.5], "texture": "#0"},
				"south": {"uv": [2, 1.5, 3, 2], "texture": "#0"},
				"west": {"uv": [2, 0.5, 13, 1], "texture": "#0"},
				"up": {"uv": [1, 11, 0, 0], "texture": "#0"},
				"down": {"uv": [2, 0, 1, 11], "texture": "#0"}
			}
		},
		{
			"from": [-16, 4, -15],
			"to": [-12, 6, 29],
			"faces": {
				"north": {"uv": [2, 1, 3, 1.5], "texture": "#0"},
				"east": {"uv": [2, 0, 13, 0.5], "texture": "#0"},
				"south": {"uv": [2, 1.5, 3, 2], "texture": "#0"},
				"west": {"uv": [2, 0.5, 13, 1], "texture": "#0"},
				"up": {"uv": [1, 11, 0, 0], "texture": "#0"},
				"down": {"uv": [2, 0, 1, 11], "texture": "#0"}
			}
		},
		{
			"from": [-6, 4, -15],
			"to": [-2, 6, 29],
			"faces": {
				"north": {"uv": [2, 1, 3, 1.5], "texture": "#0"},
				"east": {"uv": [2, 0, 13, 0.5], "texture": "#0"},
				"south": {"uv": [2, 1.5, 3, 2], "texture": "#0"},
				"west": {"uv": [2, 0.5, 13, 1], "texture": "#0"},
				"up": {"uv": [1, 11, 0, 0], "texture": "#0"},
				"down": {"uv": [2, 0, 1, 11], "texture": "#0"}
			}
		},
		{
			"from": [-1, 4, -15],
			"to": [3, 6, 29],
			"faces": {
				"north": {"uv": [2, 1, 3, 1.5], "texture": "#0"},
				"east": {"uv": [2, 0, 13, 0.5], "texture": "#0"},
				"south": {"uv": [2, 1.5, 3, 2], "texture": "#0"},
				"west": {"uv": [2, 0.5, 13, 1], "texture": "#0"},
				"up": {"uv": [1, 11, 0, 0], "texture": "#0"},
				"down": {"uv": [2, 0, 1, 11], "texture": "#0"}
			}
		},
		{
			"from": [-2, 13, -15],
			"to": [0, 17, 29],
			"rotation": {"angle": -22.5, "axis": "z", "origin": [0, 0, 0]},
			"faces": {
				"north": {"uv": [2, 1, 3, 1.5], "rotation": 90, "texture": "#0"},
				"east": {"uv": [2, 0, 1, 11], "rotation": 270, "texture": "#0"},
				"south": {"uv": [2, 1.5, 3, 2], "rotation": 270, "texture": "#0"},
				"west": {"uv": [1, 11, 0, 0], "rotation": 270, "texture": "#0"},
				"up": {"uv": [2, 0, 13, 0.5], "rotation": 270, "texture": "#0"},
				"down": {"uv": [2, 0.5, 13, 1], "rotation": 270, "texture": "#0"}
			}
		},
		{
			"from": [-2, 18, -15],
			"to": [0, 22, 29],
			"rotation": {"angle": -22.5, "axis": "z", "origin": [0, 0, 0]},
			"faces": {
				"north": {"uv": [2, 1, 3, 1.5], "rotation": 90, "texture": "#0"},
				"east": {"uv": [2, 0, 1, 11], "rotation": 270, "texture": "#0"},
				"south": {"uv": [2, 1.5, 3, 2], "rotation": 270, "texture": "#0"},
				"west": {"uv": [1, 11, 0, 0], "rotation": 270, "texture": "#0"},
				"up": {"uv": [2, 0, 13, 0.5], "rotation": 270, "texture": "#0"},
				"down": {"uv": [2, 0.5, 13, 1], "rotation": 270, "texture": "#0"}
			}
		},
		{
			"from": [-2, 8, -15],
			"to": [0, 12, 29],
			"rotation": {"angle": -22.5, "axis": "z", "origin": [0, 0, 0]},
			"faces": {
				"north": {"uv": [2, 1, 3, 1.5], "rotation": 90, "texture": "#0"},
				"east": {"uv": [2, 0, 1, 11], "rotation": 270, "texture": "#0"},
				"south": {"uv": [2, 1.5, 3, 2], "rotation": 270, "texture": "#0"},
				"west": {"uv": [1, 11, 0, 0], "rotation": 270, "texture": "#0"},
				"up": {"uv": [2, 0, 13, 0.5], "rotation": 270, "texture": "#0"},
				"down": {"uv": [2, 0.5, 13, 1], "rotation": 270, "texture": "#0"}
			}
		},
		{
			"from": [-16, 3, -11],
			"to": [2, 4, -9],
			"faces": {
				"north": {"uv": [0, 2, 9, 2.5], "texture": "#1"},
				"east": {"uv": [0, 3, 1, 3.5], "texture": "#1"},
				"south": {"uv": [0, 2.5, 9, 3], "texture": "#1"},
				"west": {"uv": [1, 3, 2, 3.5], "texture": "#1"},
				"up": {"uv": [9, 1, 0, 0], "texture": "#1"},
				"down": {"uv": [9, 1, 0, 2], "texture": "#1"}
			}
		},
		{
			"from": [-16, 3, 6],
			"to": [2, 4, 8],
			"faces": {
				"north": {"uv": [0, 2, 9, 2.5], "texture": "#1"},
				"east": {"uv": [0, 3, 1, 3.5], "texture": "#1"},
				"south": {"uv": [0, 2.5, 9, 3], "texture": "#1"},
				"west": {"uv": [1, 3, 2, 3.5], "texture": "#1"},
				"up": {"uv": [9, 1, 0, 0], "texture": "#1"},
				"down": {"uv": [9, 1, 0, 2], "texture": "#1"}
			}
		},
		{
			"from": [-8, -12, -11],
			"to": [-7, -2, -9],
			"rotation": {"angle": -45, "axis": "z", "origin": [0, 0, 0]},
			"faces": {
				"north": {"uv": [0, 2, 9, 2.5], "rotation": 90, "texture": "#1"},
				"east": {"uv": [9, 1, 0, 2], "rotation": 270, "texture": "#1"},
				"south": {"uv": [0, 2.5, 9, 3], "rotation": 270, "texture": "#1"},
				"west": {"uv": [9, 1, 0, 0], "rotation": 270, "texture": "#1"},
				"up": {"uv": [0, 3, 1, 3.5], "rotation": 270, "texture": "#1"},
				"down": {"uv": [1, 3, 2, 3.5], "rotation": 270, "texture": "#1"}
			}
		},
		{
			"from": [-8, -12, 23],
			"to": [-7, -2, 25],
			"rotation": {"angle": -45, "axis": "z", "origin": [0, 0, 0]},
			"faces": {
				"north": {"uv": [0, 2, 9, 2.5], "rotation": 90, "texture": "#1"},
				"east": {"uv": [9, 1, 0, 2], "rotation": 270, "texture": "#1"},
				"south": {"uv": [0, 2.5, 9, 3], "rotation": 270, "texture": "#1"},
				"west": {"uv": [9, 1, 0, 0], "rotation": 270, "texture": "#1"},
				"up": {"uv": [0, 3, 1, 3.5], "rotation": 270, "texture": "#1"},
				"down": {"uv": [1, 3, 2, 3.5], "rotation": 270, "texture": "#1"}
			}
		},
		{
			"from": [-2, -3, -11],
			"to": [-1, 7, -9],
			"rotation": {"angle": 45, "axis": "z", "origin": [0, 0, 0]},
			"faces": {
				"north": {"uv": [0, 2, 9, 2.5], "rotation": 270, "texture": "#1"},
				"east": {"uv": [9, 1, 0, 0], "rotation": 90, "texture": "#1"},
				"south": {"uv": [0, 2.5, 9, 3], "rotation": 90, "texture": "#1"},
				"west": {"uv": [9, 1, 0, 2], "rotation": 90, "texture": "#1"},
				"up": {"uv": [1, 3, 2, 3.5], "rotation": 90, "texture": "#1"},
				"down": {"uv": [0, 3, 1, 3.5], "rotation": 90, "texture": "#1"}
			}
		},
		{
			"from": [-2, -3, 23],
			"to": [-1, 7, 25],
			"rotation": {"angle": 45, "axis": "z", "origin": [0, 0, 0]},
			"faces": {
				"north": {"uv": [0, 2, 9, 2.5], "rotation": 270, "texture": "#1"},
				"east": {"uv": [9, 1, 0, 0], "rotation": 90, "texture": "#1"},
				"south": {"uv": [0, 2.5, 9, 3], "rotation": 90, "texture": "#1"},
				"west": {"uv": [9, 1, 0, 2], "rotation": 90, "texture": "#1"},
				"up": {"uv": [1, 3, 2, 3.5], "rotation": 90, "texture": "#1"},
				"down": {"uv": [0, 3, 1, 3.5], "rotation": 90, "texture": "#1"}
			}
		},
		{
			"from": [-16, 3, 23],
			"to": [2, 4, 25],
			"faces": {
				"north": {"uv": [0, 2, 9, 2.5], "texture": "#1"},
				"east": {"uv": [0, 3, 1, 3.5], "texture": "#1"},
				"south": {"uv": [0, 2.5, 9, 3], "texture": "#1"},
				"west": {"uv": [1, 3, 2, 3.5], "texture": "#1"},
				"up": {"uv": [9, 1, 0, 0], "texture": "#1"},
				"down": {"uv": [9, 1, 0, 2], "texture": "#1"}
			}
		},
		{
			"from": [0, 4, 23],
			"to": [1, 22, 25],
			"rotation": {"angle": -22.5, "axis": "z", "origin": [0, 0, 0]},
			"faces": {
				"north": {"uv": [0, 2, 9, 2.5], "rotation": 90, "texture": "#1"},
				"east": {"uv": [9, 1, 0, 2], "rotation": 270, "texture": "#1"},
				"south": {"uv": [0, 2.5, 9, 3], "rotation": 270, "texture": "#1"},
				"west": {"uv": [9, 1, 0, 0], "rotation": 270, "texture": "#1"},
				"up": {"uv": [0, 3, 1, 3.5], "rotation": 270, "texture": "#1"},
				"down": {"uv": [1, 3, 2, 3.5], "rotation": 270, "texture": "#1"}
			}
		},
		{
			"from": [0, 4, 6],
			"to": [1, 22, 8],
			"rotation": {"angle": -22.5, "axis": "z", "origin": [0, 0, 0]},
			"faces": {
				"north": {"uv": [0, 2, 9, 2.5], "rotation": 90, "texture": "#1"},
				"east": {"uv": [9, 1, 0, 2], "rotation": 270, "texture": "#1"},
				"south": {"uv": [0, 2.5, 9, 3], "rotation": 270, "texture": "#1"},
				"west": {"uv": [9, 1, 0, 0], "rotation": 270, "texture": "#1"},
				"up": {"uv": [0, 3, 1, 3.5], "rotation": 270, "texture": "#1"},
				"down": {"uv": [1, 3, 2, 3.5], "rotation": 270, "texture": "#1"}
			}
		},
		{
			"from": [0, 4, -11],
			"to": [1, 22, -9],
			"rotation": {"angle": -22.5, "axis": "z", "origin": [0, 0, 0]},
			"faces": {
				"north": {"uv": [0, 2, 9, 2.5], "rotation": 90, "texture": "#1"},
				"east": {"uv": [9, 1, 0, 2], "rotation": 270, "texture": "#1"},
				"south": {"uv": [0, 2.5, 9, 3], "rotation": 270, "texture": "#1"},
				"west": {"uv": [9, 1, 0, 0], "rotation": 270, "texture": "#1"},
				"up": {"uv": [0, 3, 1, 3.5], "rotation": 270, "texture": "#1"},
				"down": {"uv": [1, 3, 2, 3.5], "rotation": 270, "texture": "#1"}
			}
		}
	],
	"display": {
		"thirdperson_righthand": {
			"rotation": [0, -37, 0],
			"translation": [1.25, 0, 0.75],
			"scale": [0.16, 0.16, 0.16]
		},
		"thirdperson_lefthand": {
			"rotation": [0, -63, 0],
			"translation": [-1.75, 0, -0.75],
			"scale": [0.16, 0.16, 0.16]
		},
		"firstperson_righthand": {
			"rotation": [0, 47, 0],
			"translation": [0, 2.25, 0],
			"scale": [0.16, 0.16, 0.16]
		},
		"firstperson_lefthand": {
			"rotation": [0, -132, 0],
			"translation": [0, 3, 0],
			"scale": [0.16, 0.16, 0.16]
		},
		"ground": {
			"translation": [4.75, -0.25, 0],
			"scale": [0.26, 0.26, 0.26]
		},
		"gui": {
			"rotation": [13, 57, 2],
			"translation": [2.75, 0, 0],
			"scale": [0.41, 0.42, 0.36]
		},
		"head": {
			"rotation": [0, -90, 0],
			"translation": [0, 9.75, 4.5],
			"scale": [0.33, 0.33, 0.33]
		},
		"fixed": {
			"rotation": [-90, -90, 0],
			"translation": [-1.5, 27.25, -25.75],
			"scale": [1.84, 2.25, 1.98]
		}
	}
}