{
	"credit": "Made with Blockbench",
	"texture_size": [32, 32],
	"textures": {
		"0": "models/pipe/pipe_1",
		"1": "models/pipe/pipe_2",
		"2": "models/pipe/pipe_3",
		"3": "models/pipe/pipe_4",
		"4": "models/pipe/pipe_5",
		"5": "models/pipe/pipe_6",
		"6": "models/pipe/pipe_7",
		"7": "models/pipe/pipe_8",
		"particle": "models/pipe/pipe_1"
	},
	"elements": [
		{
			"from": [-2, 26, -7],
			"to": [18, 32, -2],
			"faces": {
				"north": {"uv": [0, 0, 10, 3], "texture": "#5"},
				"east": {"uv": [10, 0, 12.5, 3], "texture": "#5"},
				"south": {"uv": [0, 3, 10, 6], "texture": "#5"},
				"west": {"uv": [10, 3, 12.5, 6], "texture": "#5"},
				"up": {"uv": [10, 8.5, 0, 6], "texture": "#5"},
				"down": {"uv": [10, 8.5, 0, 11], "texture": "#5"}
			}
		},
		{
			"from": [-7, 26, -7],
			"to": [-2, 32, 23],
			"faces": {
				"north": {"uv": [2.5, 3, 3.75, 4.5], "texture": "#6"},
				"east": {"uv": [0, 0, 7.5, 1.5], "texture": "#6"},
				"south": {"uv": [3.75, 3, 5, 4.5], "texture": "#6"},
				"west": {"uv": [0, 1.5, 7.5, 3], "texture": "#6"},
				"up": {"uv": [1.25, 10.5, 0, 3], "texture": "#6"},
				"down": {"uv": [2.5, 3, 1.25, 10.5], "texture": "#6"}
			}
		},
		{
			"from": [-4, -16, -3],
			"to": [-3, 26, 20],
			"faces": {
				"north": {"uv": [0, 5.625, 0.125, 11.25], "texture": "#3"},
				"east": {"uv": [0, 0, 2.875, 5.625], "texture": "#3"},
				"south": {"uv": [0.125, 5.625, 0.25, 11.25], "texture": "#3"},
				"west": {"uv": [2.875, 0, 5.75, 5.625], "texture": "#3"},
				"up": {"uv": [0.375, 8.5, 0.25, 5.625], "texture": "#3"},
				"down": {"uv": [0.5, 5.625, 0.375, 8.5], "texture": "#3"}
			}
		},
		{
			"from": [19, -16, -4],
			"to": [20, 26, 19],
			"faces": {
				"north": {"uv": [0, 5.625, 0.125, 11.25], "texture": "#1"},
				"east": {"uv": [0, 0, 2.875, 5.625], "texture": "#1"},
				"south": {"uv": [0.125, 5.625, 0.25, 11.25], "texture": "#1"},
				"west": {"uv": [2.875, 0, 5.75, 5.625], "texture": "#1"},
				"up": {"uv": [0.375, 8.5, 0.25, 5.625], "texture": "#1"},
				"down": {"uv": [0.5, 5.625, 0.375, 8.5], "texture": "#1"}
			}
		},
		{
			"from": [18, 26, -7],
			"to": [23, 32, 23],
			"faces": {
				"north": {"uv": [2.5, 3, 3.75, 4.5], "texture": "#4"},
				"east": {"uv": [0, 0, 7.5, 1.5], "texture": "#4"},
				"south": {"uv": [3.75, 3, 5, 4.5], "texture": "#4"},
				"west": {"uv": [0, 1.5, 7.5, 3], "texture": "#4"},
				"up": {"uv": [1.25, 10.5, 0, 3], "texture": "#4"},
				"down": {"uv": [2.5, 3, 1.25, 10.5], "texture": "#4"}
			}
		},
		{
			"from": [-4, -16, -4],
			"to": [19, 26, -3],
			"faces": {
				"north": {"uv": [0, 0, 2.875, 5.625], "texture": "#2"},
				"east": {"uv": [0, 5.625, 0.125, 11.25], "texture": "#2"},
				"south": {"uv": [2.875, 0, 5.75, 5.625], "texture": "#2"},
				"west": {"uv": [0.125, 5.625, 0.25, 11.25], "texture": "#2"},
				"up": {"uv": [3.125, 5.75, 0.25, 5.625], "texture": "#2"},
				"down": {"uv": [6, 5.625, 3.125, 5.75], "texture": "#2"}
			}
		},
		{
			"from": [-3, -16, 19],
			"to": [20, 26, 20],
			"faces": {
				"north": {"uv": [0, 0, 2.875, 5.625], "texture": "#0"},
				"east": {"uv": [0, 5.625, 0.125, 11.25], "texture": "#0"},
				"south": {"uv": [2.875, 0, 5.75, 5.625], "texture": "#0"},
				"west": {"uv": [0.125, 5.625, 0.25, 11.25], "texture": "#0"},
				"up": {"uv": [3.125, 5.75, 0.25, 5.625], "texture": "#0"},
				"down": {"uv": [6, 5.625, 3.125, 5.75], "texture": "#0"}
			}
		},
		{
			"from": [-2, 26, 18],
			"to": [18, 32, 23],
			"faces": {
				"north": {"uv": [0, 0, 10, 3], "texture": "#7"},
				"east": {"uv": [10, 0, 12.5, 3], "texture": "#7"},
				"south": {"uv": [0, 3, 10, 6], "texture": "#7"},
				"west": {"uv": [10, 3, 12.5, 6], "texture": "#7"},
				"up": {"uv": [10, 8.5, 0, 6], "texture": "#7"},
				"down": {"uv": [10, 8.5, 0, 11], "texture": "#7"}
			}
		}
	],
	"display": {
		"gui": {
			"rotation": [0, 57, 40],
			"translation": [-0.5, 0, 0],
			"scale": [0.49, 0.49, 0.49]
		},
		"fixed": {
			"rotation": [-90, 0, 0],
			"translation": [0, 0, 76.75],
			"scale": [4, 4, 4]
		}
	}
}