{
	"credit": "Made with Blockbench",
	"texture_size": [64, 64],
	"textures": {
		"0": "models/poster1/poster1",
		"particle": "models/poster1/poster1"
	},
	"elements": [
		{
			"from": [1, 0, 0],
			"to": [2, 21, 16],
			"faces": {
				"north": {"uv": [0, 5.25, 0.25, 10.5], "texture": "#0"},
				"east": {"uv": [0, 0, 4, 5.25], "texture": "#0"},
				"south": {"uv": [0.25, 5.25, 0.5, 10.5], "texture": "#0"},
				"west": {"uv": [4, 0, 8, 5.25], "texture": "#0"},
				"up": {"uv": [0.75, 9.25, 0.5, 5.25], "texture": "#0"},
				"down": {"uv": [1, 5.25, 0.75, 9.25], "texture": "#0"}
			}
		}
	],
	"display": {
		"head": {
			"rotation": [0, -90, 0],
			"translation": [0, -1.5, -0.25],
			"scale": [1, 0.64, 0.77]
		},
		"fixed": {
			"rotation": [90, -85, 90],
			"translation": [1.5, -7.5, 4.25],
			"scale": [0.62, 2.12, 1.88]
		}
	}
}