{
	"credit": "Made with Blockbench",
	"texture_size": [128, 128],
	"textures": {
		"4": "models/propeller/propeller"
	},
	"elements": [
		{
			"from": [-2, 1, -1],
			"to": [16, 1, 17],
			"faces": {
				"north": {"uv": [8, 0, 11.75, 0], "texture": "#4"},
				"east": {"uv": [8, 0, 11.75, 0], "texture": "#4"},
				"south": {"uv": [8, 0, 11.75, 0], "texture": "#4"},
				"west": {"uv": [8, 0, 11.75, 0], "texture": "#4"},
				"up": {"uv": [11.75, 3.75, 8, 0], "texture": "#4"},
				"down": {"uv": [11.75, 3.75, 8, 7.5], "texture": "#4"}
			}
		},
		{
			"from": [5, 6, 6],
			"to": [9, 7, 10],
			"faces": {
				"north": {"uv": [3.25, 8, 6.5, 8.25], "texture": "#4"},
				"east": {"uv": [3.25, 8.25, 6.5, 8.5], "texture": "#4"},
				"south": {"uv": [3.25, 8.5, 6.5, 8.75], "texture": "#4"},
				"west": {"uv": [3.25, 8.75, 6.5, 9], "texture": "#4"},
				"up": {"uv": [3.25, 11.25, 0, 8], "texture": "#4"},
				"down": {"uv": [3.25, 11.25, 0, 14.5], "texture": "#4"}
			}
		},
		{
			"from": [4, 7, 5],
			"to": [10, 9, 11],
			"faces": {
				"north": {"uv": [11.75, 8, 15.5, 8.25], "texture": "#4"},
				"east": {"uv": [11.75, 8.25, 15.5, 8.5], "texture": "#4"},
				"south": {"uv": [11.75, 8.5, 15.5, 8.75], "texture": "#4"},
				"west": {"uv": [11.75, 8.75, 15.5, 9], "texture": "#4"},
				"up": {"uv": [11.75, 11.75, 8, 8], "texture": "#4"},
				"down": {"uv": [11.75, 11.75, 8, 15.5], "texture": "#4"}
			}
		},
		{
			"from": [6, 0, 7],
			"to": [8, 6, 9],
			"faces": {
				"north": {"uv": [0, 0, 1.5, 4], "texture": "#4"},
				"east": {"uv": [1.5, 0, 3, 4], "texture": "#4"},
				"south": {"uv": [3, 0, 4.5, 4], "texture": "#4"},
				"west": {"uv": [0, 4, 1.5, 8], "texture": "#4"},
				"up": {"uv": [3, 5.5, 1.5, 4], "texture": "#4"},
				"down": {"uv": [4.5, 4, 3, 5.5], "texture": "#4"}
			}
		}
	],
	"display": {
		"thirdperson_righthand": {
			"rotation": [90, 0, 0],
			"translation": [0.75, -2, -0.25],
			"scale": [0.8, 0.75, 0.8]
		},
		"thirdperson_lefthand": {
			"rotation": [90, 0, 0],
			"translation": [-0.75, -2, -0.25],
			"scale": [0.8, 0.75, 0.8]
		},
		"firstperson_righthand": {
			"rotation": [90, 0, 0],
			"translation": [-0.75, -2, -0.25],
			"scale": [0.8, 0.75, 0.8]
		},
		"firstperson_lefthand": {
			"rotation": [90, 0, 0],
			"translation": [-0.75, -2, -0.25],
			"scale": [0.8, 0.75, 0.8]
		},
		"gui": {
			"rotation": [-26, 49, 0],
			"translation": [0.25, 3.5, 0],
			"scale": [0.93, 0.93, 0.93]
		},
		"head": {
			"rotation": [180, 0, 0],
			"translation": [3, 6, 0],
			"scale": [2.73, 1.63, 2.73]
		},
		"fixed": {
			"rotation": [90, 0, 0],
			"translation": [4, 0, 0.25],
			"scale": [4, 2.8, 4]
		}
	}
}