{
	"credit": "Made with Blockbench",
	"texture_size": [768, 768],
	"textures": {
		"37": "models/redconvertible/redconvertible"
	},
	"elements": [
		{
			"from": [-5, 0, -9],
			"to": [1, 8, -1],
			"faces": {
				"north": {"uv": [6, 8, 6.5, 8.66667], "texture": "#37"},
				"east": {"uv": [5.33333, 8, 6, 8.66667], "texture": "#37"},
				"south": {"uv": [6, 8.66667, 6.5, 9.33333], "texture": "#37"},
				"west": {"uv": [5.33333, 8.66667, 6, 9.33333], "texture": "#37"},
				"up": {"uv": [7, 8.66667, 6.5, 8], "texture": "#37"},
				"down": {"uv": [7, 8.66667, 6.5, 9.33333], "texture": "#37"}
			}
		},
		{
			"from": [15, 0, -9],
			"to": [21, 8, -1],
			"faces": {
				"north": {"uv": [6, 8, 6.5, 8.66667], "texture": "#37"},
				"east": {"uv": [5.33333, 8, 6, 8.66667], "texture": "#37"},
				"south": {"uv": [6, 8.66667, 6.5, 9.33333], "texture": "#37"},
				"west": {"uv": [5.33333, 8.66667, 6, 9.33333], "texture": "#37"},
				"up": {"uv": [7, 8.66667, 6.5, 8], "texture": "#37"},
				"down": {"uv": [7, 8.66667, 6.5, 9.33333], "texture": "#37"}
			}
		},
		{
			"from": [15, 0, 16],
			"to": [21, 8, 24],
			"faces": {
				"north": {"uv": [6, 8, 6.5, 8.66667], "texture": "#37"},
				"east": {"uv": [5.33333, 8, 6, 8.66667], "texture": "#37"},
				"south": {"uv": [6, 8.66667, 6.5, 9.33333], "texture": "#37"},
				"west": {"uv": [5.33333, 8.66667, 6, 9.33333], "texture": "#37"},
				"up": {"uv": [7, 8.66667, 6.5, 8], "texture": "#37"},
				"down": {"uv": [7, 8.66667, 6.5, 9.33333], "texture": "#37"}
			}
		},
		{
			"from": [-5, 0, 16],
			"to": [1, 8, 24],
			"faces": {
				"north": {"uv": [6, 8, 6.5, 8.66667], "texture": "#37"},
				"east": {"uv": [5.33333, 8, 6, 8.66667], "texture": "#37"},
				"south": {"uv": [6, 8.66667, 6.5, 9.33333], "texture": "#37"},
				"west": {"uv": [5.33333, 8.66667, 6, 9.33333], "texture": "#37"},
				"up": {"uv": [7, 8.66667, 6.5, 8], "texture": "#37"},
				"down": {"uv": [7, 8.66667, 6.5, 9.33333], "texture": "#37"}
			}
		},
		{
			"from": [-6, 4, -14.5],
			"to": [22, 12, -9.5],
			"faces": {
				"north": {"uv": [10.66667, 13.33333, 11.83333, 13.66667], "texture": "#37"},
				"east": {"uv": [10.66667, 14.41667, 10.875, 14.75], "texture": "#37"},
				"south": {"uv": [10.66667, 13.66667, 11.83333, 14], "texture": "#37"},
				"west": {"uv": [10.875, 14.41667, 11.08333, 14.75], "texture": "#37"},
				"up": {"uv": [11.83333, 14.20833, 10.66667, 14], "texture": "#37"},
				"down": {"uv": [11.83333, 14.20833, 10.66667, 14.41667], "texture": "#37"}
			}
		},
		{
			"name": "Grill",
			"from": [1, 7, -15],
			"to": [15, 11, -14],
			"faces": {
				"north": {"uv": [2.66667, 5.33333, 5.16667, 6], "texture": "#37"},
				"east": {"uv": [2.66667, 7, 2.83333, 7.66667], "texture": "#37"},
				"south": {"uv": [2.66667, 6, 5.16667, 6.66667], "texture": "#37"},
				"west": {"uv": [2.83333, 7, 3, 7.66667], "texture": "#37"},
				"up": {"uv": [5.16667, 6.83333, 2.66667, 6.66667], "texture": "#37"},
				"down": {"uv": [5.16667, 6.83333, 2.66667, 7], "texture": "#37"}
			}
		},
		{
			"from": [-6.5, 7, -15],
			"to": [-2.5, 11, -11],
			"faces": {
				"north": {"uv": [8, 5.33333, 8.66667, 6], "texture": "#37"},
				"east": {"uv": [8, 6, 8.66667, 6.66667], "texture": "#37"},
				"south": {"uv": [8.66667, 5.33333, 9.33333, 6], "texture": "#37"},
				"west": {"uv": [8.66667, 6, 9.33333, 6.66667], "texture": "#37"},
				"up": {"uv": [8.66667, 7.33333, 8, 6.66667], "texture": "#37"},
				"down": {"uv": [10, 5.33333, 9.33333, 6], "texture": "#37"}
			}
		},
		{
			"from": [18.5, 7, -15],
			"to": [22.5, 11, -11],
			"faces": {
				"north": {"uv": [5.33333, 5.33333, 6, 6], "texture": "#37"},
				"east": {"uv": [5.33333, 6, 6, 6.66667], "texture": "#37"},
				"south": {"uv": [6, 5.33333, 6.66667, 6], "texture": "#37"},
				"west": {"uv": [6, 6, 6.66667, 6.66667], "texture": "#37"},
				"up": {"uv": [6, 7.33333, 5.33333, 6.66667], "texture": "#37"},
				"down": {"uv": [7.33333, 5.33333, 6.66667, 6], "texture": "#37"}
			}
		},
		{
			"from": [-6, 9, -9.5],
			"to": [22, 12, -0.5],
			"faces": {
				"north": {"uv": [0, 12.16667, 2.33333, 12.41667], "texture": "#37"},
				"east": {"uv": [0, 12.66667, 0.75, 12.91667], "texture": "#37"},
				"south": {"uv": [0, 12.41667, 2.33333, 12.66667], "texture": "#37"},
				"west": {"uv": [0.75, 12.66667, 1.5, 12.91667], "texture": "#37"},
				"up": {"uv": [2.33333, 11.41667, 0, 10.66667], "texture": "#37"},
				"down": {"uv": [2.33333, 11.41667, 0, 12.16667], "texture": "#37"}
			}
		},
		{
			"from": [-6, 4, -0.5],
			"to": [22, 12, 1.5],
			"faces": {
				"north": {"uv": [13.33333, 5.33333, 15.66667, 6], "texture": "#37"},
				"east": {"uv": [13.33333, 7, 13.5, 7.66667], "texture": "#37"},
				"south": {"uv": [13.33333, 6, 15.66667, 6.66667], "texture": "#37"},
				"west": {"uv": [13.5, 7, 13.66667, 7.66667], "texture": "#37"},
				"up": {"uv": [15.66667, 6.83333, 13.33333, 6.66667], "texture": "#37"},
				"down": {"uv": [15.66667, 6.83333, 13.33333, 7], "texture": "#37"}
			}
		},
		{
			"from": [-6, 4, 1.5],
			"to": [22, 6, 13.5],
			"faces": {
				"north": {"uv": [8, 14.33333, 9.16667, 14.41667], "texture": "#37"},
				"east": {"uv": [8, 14.5, 8.5, 14.58333], "texture": "#37"},
				"south": {"uv": [8, 14.41667, 9.16667, 14.5], "texture": "#37"},
				"west": {"uv": [9.16667, 13.33333, 9.66667, 13.41667], "texture": "#37"},
				"up": {"uv": [9.16667, 13.83333, 8, 13.33333], "texture": "#37"},
				"down": {"uv": [9.16667, 13.83333, 8, 14.33333], "texture": "#37"}
			}
		},
		{
			"from": [-6, 4, 13.5],
			"to": [22, 12, 15.5],
			"faces": {
				"north": {"uv": [2.66667, 8, 5, 8.66667], "texture": "#37"},
				"east": {"uv": [2.66667, 9.66667, 2.83333, 10.33333], "texture": "#37"},
				"south": {"uv": [2.66667, 8.66667, 5, 9.33333], "texture": "#37"},
				"west": {"uv": [2.83333, 9.66667, 3, 10.33333], "texture": "#37"},
				"up": {"uv": [5, 9.5, 2.66667, 9.33333], "texture": "#37"},
				"down": {"uv": [5, 9.5, 2.66667, 9.66667], "texture": "#37"}
			}
		},
		{
			"from": [-6, 9, 15.5],
			"to": [22, 12, 24.5],
			"faces": {
				"north": {"uv": [0, 14.83333, 2.33333, 15.08333], "texture": "#37"},
				"east": {"uv": [0, 15.33333, 0.75, 15.58333], "texture": "#37"},
				"south": {"uv": [0, 15.08333, 2.33333, 15.33333], "texture": "#37"},
				"west": {"uv": [0.75, 15.33333, 1.5, 15.58333], "texture": "#37"},
				"up": {"uv": [2.33333, 14.08333, 0, 13.33333], "texture": "#37"},
				"down": {"uv": [2.33333, 14.08333, 0, 14.83333], "texture": "#37"}
			}
		},
		{
			"from": [-6, 4, 24.5],
			"to": [22, 12, 29.5],
			"faces": {
				"north": {"uv": [13.33333, 13.33333, 14.5, 13.66667], "texture": "#37"},
				"east": {"uv": [13.33333, 14.41667, 13.54167, 14.75], "texture": "#37"},
				"south": {"uv": [13.33333, 13.66667, 14.5, 14], "texture": "#37"},
				"west": {"uv": [13.54167, 14.41667, 13.75, 14.75], "texture": "#37"},
				"up": {"uv": [14.5, 14.20833, 13.33333, 14], "texture": "#37"},
				"down": {"uv": [14.5, 14.20833, 13.33333, 14.41667], "texture": "#37"}
			}
		},
		{
			"name": "L-Door",
			"from": [-5.5, 6, 1.5],
			"to": [-3.5, 12, 13.5],
			"faces": {
				"north": {"uv": [0.16667, 9, 0.33333, 9.5], "texture": "#37"},
				"east": {"uv": [0, 8, 1, 8.5], "texture": "#37"},
				"south": {"uv": [0.33333, 9, 0.5, 9.5], "texture": "#37"},
				"west": {"uv": [0, 8.5, 1, 9], "texture": "#37"},
				"up": {"uv": [0.16667, 10, 0, 9], "texture": "#37"},
				"down": {"uv": [1.16667, 8, 1, 9], "texture": "#37"}
			}
		},
		{
			"name": "L-Door",
			"from": [19.5, 6, 1.5],
			"to": [21.5, 12, 13.5],
			"faces": {
				"north": {"uv": [2.83333, 11.66667, 3, 12.16667], "texture": "#37"},
				"east": {"uv": [2.66667, 10.66667, 3.66667, 11.16667], "texture": "#37"},
				"south": {"uv": [3, 11.66667, 3.16667, 12.16667], "texture": "#37"},
				"west": {"uv": [2.66667, 11.16667, 3.66667, 11.66667], "texture": "#37"},
				"up": {"uv": [2.83333, 12.66667, 2.66667, 11.66667], "texture": "#37"},
				"down": {"uv": [3.83333, 10.66667, 3.66667, 11.66667], "texture": "#37"}
			}
		},
		{
			"from": [-2, 11, 7],
			"to": [7, 20, 9],
			"rotation": {"angle": 22.5, "axis": "x", "origin": [0, 0, 0]},
			"faces": {
				"north": {"uv": [8, 8, 8.75, 8.75], "texture": "#37"},
				"east": {"uv": [8.75, 8, 8.91667, 8.75], "texture": "#37"},
				"south": {"uv": [8, 8.75, 8.75, 9.5], "texture": "#37"},
				"west": {"uv": [8.75, 8.75, 8.91667, 9.5], "texture": "#37"},
				"up": {"uv": [9.66667, 8.16667, 8.91667, 8], "texture": "#37"},
				"down": {"uv": [9.66667, 8.16667, 8.91667, 8.33333], "texture": "#37"}
			}
		},
		{
			"from": [9, 11, 7],
			"to": [18, 20, 9],
			"rotation": {"angle": 22.5, "axis": "x", "origin": [0, 0, 0]},
			"faces": {
				"north": {"uv": [8, 8, 8.75, 8.75], "texture": "#37"},
				"east": {"uv": [8.75, 8, 8.91667, 8.75], "texture": "#37"},
				"south": {"uv": [8, 8.75, 8.75, 9.5], "texture": "#37"},
				"west": {"uv": [8.75, 8.75, 8.91667, 9.5], "texture": "#37"},
				"up": {"uv": [9.66667, 8.16667, 8.91667, 8], "texture": "#37"},
				"down": {"uv": [9.66667, 8.16667, 8.91667, 8.33333], "texture": "#37"}
			}
		},
		{
			"from": [1, 11, -14],
			"to": [15, 13, 1],
			"faces": {
				"north": {"uv": [14.58333, 8, 15.83333, 8.16667], "texture": "#37"},
				"east": {"uv": [14.58333, 8.16667, 15.83333, 8.33333], "texture": "#37"},
				"south": {"uv": [14.58333, 8.33333, 15.83333, 8.5], "texture": "#37"},
				"west": {"uv": [14.58333, 8.5, 15.83333, 8.66667], "texture": "#37"},
				"up": {"uv": [14.58333, 9.25, 13.33333, 8], "texture": "#37"},
				"down": {"uv": [14.58333, 9.25, 13.33333, 10.5], "texture": "#37"}
			}
		},
		{
			"from": [-5, 0, 22],
			"to": [-3, 4, 31],
			"rotation": {"angle": -22.5, "axis": "x", "origin": [0, 0, 0]},
			"faces": {
				"north": {"uv": [8.33333, 11.33333, 8.5, 11.66667], "texture": "#37"},
				"east": {"uv": [8, 10.66667, 8.75, 11], "texture": "#37"},
				"south": {"uv": [8.5, 11.33333, 8.66667, 11.66667], "texture": "#37"},
				"west": {"uv": [8, 11, 8.75, 11.33333], "texture": "#37"},
				"up": {"uv": [8.16667, 12.08333, 8, 11.33333], "texture": "#37"},
				"down": {"uv": [8.33333, 11.33333, 8.16667, 12.08333], "texture": "#37"}
			}
		},
		{
			"from": [19, 0, 22],
			"to": [21, 4, 31],
			"rotation": {"angle": -22.5, "axis": "x", "origin": [0, 0, 0]},
			"faces": {
				"north": {"uv": [5.66667, 11.33333, 5.83333, 11.66667], "texture": "#37"},
				"east": {"uv": [5.33333, 10.66667, 6.08333, 11], "texture": "#37"},
				"south": {"uv": [5.83333, 11.33333, 6, 11.66667], "texture": "#37"},
				"west": {"uv": [5.33333, 11, 6.08333, 11.33333], "texture": "#37"},
				"up": {"uv": [5.5, 12.08333, 5.33333, 11.33333], "texture": "#37"},
				"down": {"uv": [5.66667, 11.33333, 5.5, 12.08333], "texture": "#37"}
			}
		},
		{
			"from": [0, 11, 14],
			"to": [15, 13, 29],
			"faces": {
				"north": {"uv": [11.91667, 10.66667, 13.16667, 10.83333], "texture": "#37"},
				"east": {"uv": [11.91667, 10.83333, 13.16667, 11], "texture": "#37"},
				"south": {"uv": [11.91667, 11, 13.16667, 11.16667], "texture": "#37"},
				"west": {"uv": [11.91667, 11.16667, 13.16667, 11.33333], "texture": "#37"},
				"up": {"uv": [11.91667, 11.91667, 10.66667, 10.66667], "texture": "#37"},
				"down": {"uv": [11.91667, 11.91667, 10.66667, 13.16667], "texture": "#37"}
			}
		},
		{
			"from": [1.5, 7, 8],
			"to": [2.5, 9, 9],
			"rotation": {"angle": -22.5, "axis": "x", "origin": [0, 0, 0]},
			"faces": {
				"north": {"uv": [2.66667, 2.66667, 3, 3.33333], "texture": "#37"},
				"east": {"uv": [3, 2.66667, 3.33333, 3.33333], "texture": "#37"},
				"south": {"uv": [2.66667, 3.33333, 3, 4], "texture": "#37"},
				"west": {"uv": [3.33333, 2.66667, 3.66667, 3.33333], "texture": "#37"},
				"up": {"uv": [3.33333, 3.66667, 3, 3.33333], "texture": "#37"},
				"down": {"uv": [3.66667, 3.33333, 3.33333, 3.66667], "texture": "#37"}
			}
		},
		{
			"from": [1.5, 11, 8],
			"to": [2.5, 13, 9],
			"rotation": {"angle": -22.5, "axis": "x", "origin": [0, 0, 0]},
			"faces": {
				"north": {"uv": [0, 5.33333, 0.33333, 6], "texture": "#37"},
				"east": {"uv": [0.33333, 5.33333, 0.66667, 6], "texture": "#37"},
				"south": {"uv": [0, 6, 0.33333, 6.66667], "texture": "#37"},
				"west": {"uv": [0.66667, 5.33333, 1, 6], "texture": "#37"},
				"up": {"uv": [0.66667, 6.33333, 0.33333, 6], "texture": "#37"},
				"down": {"uv": [1, 6, 0.66667, 6.33333], "texture": "#37"}
			}
		},
		{
			"from": [3, 9.5, 8],
			"to": [5.5, 10.5, 9],
			"rotation": {"angle": -22.5, "axis": "x", "origin": [0, 0, 0]},
			"faces": {
				"north": {"uv": [5.33333, 2.66667, 6.16667, 3], "texture": "#37"},
				"east": {"uv": [6.33333, 2.66667, 6.66667, 3], "texture": "#37"},
				"south": {"uv": [5.33333, 3, 6.16667, 3.33333], "texture": "#37"},
				"west": {"uv": [6.33333, 3, 6.66667, 3.33333], "texture": "#37"},
				"up": {"uv": [6.16667, 3.66667, 5.33333, 3.33333], "texture": "#37"},
				"down": {"uv": [6.16667, 3.66667, 5.33333, 4], "texture": "#37"}
			}
		},
		{
			"from": [-1.5, 9.5, 8],
			"to": [1, 10.5, 9],
			"rotation": {"angle": -22.5, "axis": "x", "origin": [0, 0, 0]},
			"faces": {
				"north": {"uv": [8, 0, 8.83333, 0.33333], "texture": "#37"},
				"east": {"uv": [9, 0, 9.33333, 0.33333], "texture": "#37"},
				"south": {"uv": [8, 0.33333, 8.83333, 0.66667], "texture": "#37"},
				"west": {"uv": [9, 0.33333, 9.33333, 0.66667], "texture": "#37"},
				"up": {"uv": [8.83333, 1, 8, 0.66667], "texture": "#37"},
				"down": {"uv": [8.83333, 1, 8, 1.33333], "texture": "#37"}
			}
		},
		{
			"from": [-1.5, 7.5, 8],
			"to": [-0.5, 9.5, 9],
			"rotation": {"angle": -22.5, "axis": "x", "origin": [0, 0, 0]},
			"faces": {
				"north": {"uv": [5.33333, 0, 5.66667, 0.66667], "texture": "#37"},
				"east": {"uv": [5.66667, 0, 6, 0.66667], "texture": "#37"},
				"south": {"uv": [5.33333, 0.66667, 5.66667, 1.33333], "texture": "#37"},
				"west": {"uv": [6, 0, 6.33333, 0.66667], "texture": "#37"},
				"up": {"uv": [6, 1, 5.66667, 0.66667], "texture": "#37"},
				"down": {"uv": [6.33333, 0.66667, 6, 1], "texture": "#37"}
			}
		},
		{
			"from": [-1.5, 10.5, 8],
			"to": [-0.5, 12.5, 9],
			"rotation": {"angle": -22.5, "axis": "x", "origin": [0, 0, 0]},
			"faces": {
				"north": {"uv": [0, 0, 0.33333, 0.66667], "texture": "#37"},
				"east": {"uv": [0.33333, 0, 0.66667, 0.66667], "texture": "#37"},
				"south": {"uv": [0, 0.66667, 0.33333, 1.33333], "texture": "#37"},
				"west": {"uv": [0.66667, 0, 1, 0.66667], "texture": "#37"},
				"up": {"uv": [0.66667, 1, 0.33333, 0.66667], "texture": "#37"},
				"down": {"uv": [1, 0.66667, 0.66667, 1], "texture": "#37"}
			}
		},
		{
			"from": [4.5, 7.5, 8],
			"to": [5.5, 9.5, 9],
			"rotation": {"angle": -22.5, "axis": "x", "origin": [0, 0, 0]},
			"faces": {
				"north": {"uv": [8, 2.66667, 8.33333, 3.33333], "texture": "#37"},
				"east": {"uv": [8.33333, 2.66667, 8.66667, 3.33333], "texture": "#37"},
				"south": {"uv": [8, 3.33333, 8.33333, 4], "texture": "#37"},
				"west": {"uv": [8.66667, 2.66667, 9, 3.33333], "texture": "#37"},
				"up": {"uv": [8.66667, 3.66667, 8.33333, 3.33333], "texture": "#37"},
				"down": {"uv": [9, 3.33333, 8.66667, 3.66667], "texture": "#37"}
			}
		},
		{
			"from": [4.5, 10.5, 8],
			"to": [5.5, 12.5, 9],
			"rotation": {"angle": -22.5, "axis": "x", "origin": [0, 0, 0]},
			"faces": {
				"north": {"uv": [10.66667, 2.66667, 11, 3.33333], "texture": "#37"},
				"east": {"uv": [11, 2.66667, 11.33333, 3.33333], "texture": "#37"},
				"south": {"uv": [10.66667, 3.33333, 11, 4], "texture": "#37"},
				"west": {"uv": [11.33333, 2.66667, 11.66667, 3.33333], "texture": "#37"},
				"up": {"uv": [11.33333, 3.66667, 11, 3.33333], "texture": "#37"},
				"down": {"uv": [11.66667, 3.33333, 11.33333, 3.66667], "texture": "#37"}
			}
		},
		{
			"from": [2.5, 12, 8],
			"to": [5.5, 13, 9],
			"rotation": {"angle": -22.5, "axis": "x", "origin": [0, 0, 0]},
			"faces": {
				"north": {"uv": [13.33333, 2.66667, 14.33333, 3], "texture": "#37"},
				"east": {"uv": [14.33333, 2.66667, 14.66667, 3], "texture": "#37"},
				"south": {"uv": [13.33333, 3, 14.33333, 3.33333], "texture": "#37"},
				"west": {"uv": [14.33333, 3, 14.66667, 3.33333], "texture": "#37"},
				"up": {"uv": [14.33333, 3.66667, 13.33333, 3.33333], "texture": "#37"},
				"down": {"uv": [14.33333, 3.66667, 13.33333, 4], "texture": "#37"}
			}
		},
		{
			"from": [-1.5, 12, 8],
			"to": [1.5, 13, 9],
			"rotation": {"angle": -22.5, "axis": "x", "origin": [0, 0, 0]},
			"faces": {
				"north": {"uv": [2.66667, 0, 3.66667, 0.33333], "texture": "#37"},
				"east": {"uv": [3.66667, 0, 4, 0.33333], "texture": "#37"},
				"south": {"uv": [2.66667, 0.33333, 3.66667, 0.66667], "texture": "#37"},
				"west": {"uv": [3.66667, 0.33333, 4, 0.66667], "texture": "#37"},
				"up": {"uv": [3.66667, 1, 2.66667, 0.66667], "texture": "#37"},
				"down": {"uv": [3.66667, 1, 2.66667, 1.33333], "texture": "#37"}
			}
		},
		{
			"from": [2.5, 7, 8],
			"to": [5.5, 8, 9],
			"rotation": {"angle": -22.5, "axis": "x", "origin": [0, 0, 0]},
			"faces": {
				"north": {"uv": [0, 2.66667, 1, 3], "texture": "#37"},
				"east": {"uv": [1, 2.66667, 1.33333, 3], "texture": "#37"},
				"south": {"uv": [0, 3, 1, 3.33333], "texture": "#37"},
				"west": {"uv": [1, 3, 1.33333, 3.33333], "texture": "#37"},
				"up": {"uv": [1, 3.66667, 0, 3.33333], "texture": "#37"},
				"down": {"uv": [1, 3.66667, 0, 4], "texture": "#37"}
			}
		},
		{
			"from": [-1.5, 7, 8],
			"to": [1.5, 8, 9],
			"rotation": {"angle": -22.5, "axis": "x", "origin": [0, 0, 0]},
			"faces": {
				"north": {"uv": [10.66667, 0, 11.66667, 0.33333], "texture": "#37"},
				"east": {"uv": [11.66667, 0, 12, 0.33333], "texture": "#37"},
				"south": {"uv": [10.66667, 0.33333, 11.66667, 0.66667], "texture": "#37"},
				"west": {"uv": [11.66667, 0.33333, 12, 0.66667], "texture": "#37"},
				"up": {"uv": [11.66667, 1, 10.66667, 0.66667], "texture": "#37"},
				"down": {"uv": [11.66667, 1, 10.66667, 1.33333], "texture": "#37"}
			}
		},
		{
			"from": [1, 9, 5],
			"to": [3, 11, 9],
			"rotation": {"angle": -22.5, "axis": "x", "origin": [0, 0, 0]},
			"faces": {
				"north": {"uv": [14, 1.33333, 14.66667, 2], "texture": "#37"},
				"east": {"uv": [13.33333, 0, 14.66667, 0.66667], "texture": "#37"},
				"south": {"uv": [14.66667, 1.33333, 15.33333, 2], "texture": "#37"},
				"west": {"uv": [13.33333, 0.66667, 14.66667, 1.33333], "texture": "#37"},
				"up": {"uv": [14, 2.66667, 13.33333, 1.33333], "texture": "#37"},
				"down": {"uv": [15.33333, 0, 14.66667, 1.33333], "texture": "#37"}
			}
		},
		{
			"from": [-4, 10, -6],
			"to": [20, 17, -5],
			"rotation": {"angle": 22.5, "axis": "x", "origin": [0, 0, 0]},
			"faces": {
				"north": {"uv": [2.66667, 13.33333, 4.66667, 13.91667], "texture": "#37"},
				"east": {"uv": [2.66667, 14.66667, 2.75, 15.25], "texture": "#37"},
				"south": {"uv": [2.66667, 13.91667, 4.66667, 14.5], "texture": "#37"},
				"west": {"uv": [2.75, 14.66667, 2.83333, 15.25], "texture": "#37"},
				"up": {"uv": [4.66667, 14.58333, 2.66667, 14.5], "texture": "#37"},
				"down": {"uv": [4.66667, 14.58333, 2.66667, 14.66667], "texture": "#37"}
			}
		},
		{
			"name": "Bumper",
			"from": [-7, 1, -15],
			"to": [23, 6, -11],
			"faces": {
				"north": {"uv": [10.66667, 5.33333, 13.16667, 5.75], "texture": "#37"},
				"east": {"uv": [10.66667, 6.83333, 11, 7.25], "texture": "#37"},
				"south": {"uv": [10.66667, 5.75, 13.16667, 6.16667], "texture": "#37"},
				"west": {"uv": [11, 6.83333, 11.33333, 7.25], "texture": "#37"},
				"up": {"uv": [13.16667, 6.5, 10.66667, 6.16667], "texture": "#37"},
				"down": {"uv": [13.16667, 6.5, 10.66667, 6.83333], "texture": "#37"}
			}
		},
		{
			"name": "F-Plate",
			"from": [3, 1.5, -16],
			"to": [13, 4.5, -14.5],
			"faces": {
				"north": {"uv": [5.33333, 13.33333, 7, 13.83333], "texture": "#37"},
				"east": {"uv": [5.33333, 15, 5.58333, 15.5], "texture": "#37"},
				"south": {"uv": [5.33333, 13.83333, 7, 14.33333], "texture": "#37"},
				"west": {"uv": [7, 13.33333, 7.25, 13.83333], "texture": "#37"},
				"up": {"uv": [7, 14.58333, 5.33333, 14.33333], "texture": "#37"},
				"down": {"uv": [7, 14.66667, 5.33333, 14.91667], "texture": "#37"}
			}
		},
		{
			"name": "F-Plate",
			"from": [3, 1.5, 29],
			"to": [13, 4.5, 30.5],
			"faces": {
				"north": {"uv": [5.33333, 13.33333, 7, 13.83333], "texture": "#37"},
				"east": {"uv": [5.33333, 15, 5.58333, 15.5], "texture": "#37"},
				"south": {"uv": [5.33333, 13.83333, 7, 14.33333], "texture": "#37"},
				"west": {"uv": [7, 13.33333, 7.25, 13.83333], "texture": "#37"},
				"up": {"uv": [7, 14.58333, 5.33333, 14.33333], "texture": "#37"},
				"down": {"uv": [7, 14.66667, 5.33333, 14.91667], "texture": "#37"}
			}
		},
		{
			"name": "B-Bumper",
			"from": [-7, 1, 26],
			"to": [23, 6, 30],
			"faces": {
				"north": {"uv": [13.33333, 10.66667, 15.83333, 11.08333], "texture": "#37"},
				"east": {"uv": [13.33333, 12.16667, 13.66667, 12.58333], "texture": "#37"},
				"south": {"uv": [13.33333, 11.08333, 15.83333, 11.5], "texture": "#37"},
				"west": {"uv": [13.66667, 12.16667, 14, 12.58333], "texture": "#37"},
				"up": {"uv": [15.83333, 11.83333, 13.33333, 11.5], "texture": "#37"},
				"down": {"uv": [15.83333, 11.83333, 13.33333, 12.16667], "texture": "#37"}
			}
		},
		{
			"from": [-2, 6, 4],
			"to": [7, 8, 14],
			"faces": {
				"north": {"uv": [10.66667, 9, 11.41667, 9.16667], "texture": "#37"},
				"east": {"uv": [10.66667, 8.83333, 11.5, 9], "texture": "#37"},
				"south": {"uv": [11.41667, 9, 12.16667, 9.16667], "texture": "#37"},
				"west": {"uv": [11.5, 8.83333, 12.33333, 9], "texture": "#37"},
				"up": {"uv": [11.41667, 8.83333, 10.66667, 8], "texture": "#37"},
				"down": {"uv": [12.16667, 8, 11.41667, 8.83333], "texture": "#37"}
			}
		},
		{
			"from": [9, 6, 4],
			"to": [18, 8, 14],
			"faces": {
				"north": {"uv": [10.66667, 9, 11.41667, 9.16667], "texture": "#37"},
				"east": {"uv": [10.66667, 8.83333, 11.5, 9], "texture": "#37"},
				"south": {"uv": [11.41667, 9, 12.16667, 9.16667], "texture": "#37"},
				"west": {"uv": [11.5, 8.83333, 12.33333, 9], "texture": "#37"},
				"up": {"uv": [11.41667, 8.83333, 10.66667, 8], "texture": "#37"},
				"down": {"uv": [12.16667, 8, 11.41667, 8.83333], "texture": "#37"}
			}
		}
	],
	"display": {
		"gui": {
			"rotation": [16, 154, 0],
			"scale": [0.36, 0.47, 0.43]
		},
		"head": {
			"translation": [1, -24, 0.5],
			"scale": [2.92, 2.6, 2.61]
		}
	},
	"groups": [
		{
			"name": "Wheel",
			"origin": [8, 8, 8],
			"color": 0,
			"children": [
				{
					"name": "L-Front",
					"origin": [8, 8, 8],
					"color": 0,
					"children": []
				},
				{
					"name": "L-Back",
					"origin": [8, 8, 8],
					"color": 0,
					"children": [0, 1, 2, 3]
				},
				{
					"name": "R-Front",
					"origin": [8, 8, 8],
					"color": 0,
					"children": []
				},
				{
					"name": "R-Back",
					"origin": [8, 8, 8],
					"color": 0,
					"children": []
				}
			]
		},
		{
			"name": "Body",
			"origin": [8, 8, 8],
			"color": 0,
			"children": [
				4,
				5,
				6,
				7,
				8,
				9,
				10,
				11,
				12,
				13,
				14,
				15,
				16,
				17,
				18,
				19,
				20,
				21,
				{
					"name": "Steering Wheel",
					"origin": [0, 0, 0],
					"color": 4,
					"children": [22, 23, 24, 25, 26, 27, 28, 29, 30, 31, 32, 33, 34]
				},
				35
			]
		},
		36,
		37,
		38,
		39,
		40,
		41
	]
}