{
	"credit": "Made with Blockbench",
	"texture_size": [64, 64],
	"textures": {
		"0": "models/redumbrella/poll",
		"1": "models/redumbrella/support1",
		"2": "models/redumbrella/support2",
		"3": "models/redumbrella/support3",
		"4": "models/redumbrella/support4",
		"5": "models/redumbrella/top",
		"6": "models/redumbrella/side1",
		"7": "models/redumbrella/side2",
		"8": "models/redumbrella/side3",
		"9": "models/redumbrella/side4",
		"particle": "models/redumbrella/poll"
	},
	"elements": [
		{
			"from": [7, -16, 7],
			"to": [9, 32, 9],
			"faces": {
				"north": {"uv": [0, 0, 0.5, 8.25], "texture": "#0"},
				"east": {"uv": [0.5, 0, 1, 8.25], "texture": "#0"},
				"south": {"uv": [1, 0, 1.5, 8.25], "texture": "#0"},
				"west": {"uv": [1.5, 0, 2, 8.25], "texture": "#0"},
				"up": {"uv": [2.5, 0.5, 2, 0], "texture": "#0"},
				"down": {"uv": [2.5, 0.5, 2, 1], "texture": "#0"}
			}
		},
		{
			"from": [-16, 31, -16],
			"to": [32, 31, 32],
			"faces": {
				"north": {"uv": [0, 0, 6, 0], "texture": "#5"},
				"east": {"uv": [0, 0, 6, 0], "texture": "#5"},
				"south": {"uv": [0, 0, 6, 0], "texture": "#5"},
				"west": {"uv": [0, 0, 6, 0], "texture": "#5"},
				"up": {"uv": [6, 6, 0, 0], "texture": "#5"},
				"down": {"uv": [6, 6, 0, 12], "texture": "#5"}
			}
		},
		{
			"from": [9, 26, 8],
			"to": [18, 31, 8],
			"faces": {
				"north": {"uv": [0, 0, 9, 5], "texture": "#4"},
				"east": {"uv": [0, 0, 0, 5], "texture": "#4"},
				"south": {"uv": [0, 5, 9, 10], "texture": "#4"},
				"west": {"uv": [0, 0, 0, 5], "texture": "#4"},
				"up": {"uv": [9, 0, 0, 0], "texture": "#4"},
				"down": {"uv": [9, 0, 0, 0], "texture": "#4"}
			}
		},
		{
			"from": [-2, 26, 8],
			"to": [7, 31, 8],
			"faces": {
				"north": {"uv": [0, 0, 9, 5], "texture": "#2"},
				"east": {"uv": [0, 0, 0, 5], "texture": "#2"},
				"south": {"uv": [0, 5, 9, 10], "texture": "#2"},
				"west": {"uv": [0, 0, 0, 5], "texture": "#2"},
				"up": {"uv": [9, 0, 0, 0], "texture": "#2"},
				"down": {"uv": [9, 0, 0, 0], "texture": "#2"}
			}
		},
		{
			"from": [-16, 20, -16],
			"to": [32, 31, -16],
			"faces": {
				"north": {"uv": [0, 0, 12, 2.75], "texture": "#8"},
				"east": {"uv": [0, 0, 0, 2.75], "texture": "#8"},
				"south": {"uv": [0, 2.75, 12, 5.5], "texture": "#8"},
				"west": {"uv": [0, 0, 0, 2.75], "texture": "#8"},
				"up": {"uv": [12, 0, 0, 0], "texture": "#8"},
				"down": {"uv": [12, 0, 0, 0], "texture": "#8"}
			}
		},
		{
			"from": [-16, 20, 32],
			"to": [32, 31, 32],
			"faces": {
				"north": {"uv": [0, 0, 12, 2.75], "texture": "#6"},
				"east": {"uv": [0, 0, 0, 2.75], "texture": "#6"},
				"south": {"uv": [0, 2.75, 12, 5.5], "texture": "#6"},
				"west": {"uv": [0, 0, 0, 2.75], "texture": "#6"},
				"up": {"uv": [12, 0, 0, 0], "texture": "#6"},
				"down": {"uv": [12, 0, 0, 0], "texture": "#6"}
			}
		},
		{
			"from": [-16, 20, -16],
			"to": [-16, 31, 32],
			"faces": {
				"north": {"uv": [0, 0, 0, 2.75], "texture": "#9"},
				"east": {"uv": [0, 0, 12, 2.75], "texture": "#9"},
				"south": {"uv": [0, 0, 0, 2.75], "texture": "#9"},
				"west": {"uv": [0, 2.75, 12, 5.5], "texture": "#9"},
				"up": {"uv": [0, 12, 0, 0], "texture": "#9"},
				"down": {"uv": [0, 0, 0, 12], "texture": "#9"}
			}
		},
		{
			"from": [32, 20, -16],
			"to": [32, 31, 32],
			"faces": {
				"north": {"uv": [0, 0, 0, 2.75], "texture": "#7"},
				"east": {"uv": [0, 0, 12, 2.75], "texture": "#7"},
				"south": {"uv": [0, 0, 0, 2.75], "texture": "#7"},
				"west": {"uv": [0, 2.75, 12, 5.5], "texture": "#7"},
				"up": {"uv": [0, 12, 0, 0], "texture": "#7"},
				"down": {"uv": [0, 0, 0, 12], "texture": "#7"}
			}
		},
		{
			"from": [8, 26, -2],
			"to": [8, 31, 7],
			"faces": {
				"north": {"uv": [0, 0, 0, 5], "texture": "#3"},
				"east": {"uv": [0, 0, 9, 5], "texture": "#3"},
				"south": {"uv": [0, 0, 0, 5], "texture": "#3"},
				"west": {"uv": [0, 5, 9, 10], "texture": "#3"},
				"up": {"uv": [0, 9, 0, 0], "texture": "#3"},
				"down": {"uv": [0, 0, 0, 9], "texture": "#3"}
			}
		},
		{
			"from": [8, 26, 9],
			"to": [8, 31, 18],
			"faces": {
				"north": {"uv": [0, 0, 0, 5], "texture": "#1"},
				"east": {"uv": [0, 0, 9, 5], "texture": "#1"},
				"south": {"uv": [0, 0, 0, 5], "texture": "#1"},
				"west": {"uv": [0, 5, 9, 10], "texture": "#1"},
				"up": {"uv": [0, 9, 0, 0], "texture": "#1"},
				"down": {"uv": [0, 0, 0, 9], "texture": "#1"}
			}
		}
	],
	"display": {
		"thirdperson_righthand": {
			"rotation": [43, 21, 0],
			"translation": [0, 9, 9.5],
			"scale": [0.79, 1.66, 0.79]
		},
		"firstperson_righthand": {
			"translation": [3.75, 0, 0]
		},
		"firstperson_lefthand": {
			"translation": [3.75, 0, 0]
		},
		"head": {
			"translation": [0, 4.5, -11.75],
			"scale": [2.42, 2.07, 2.42]
		}
	}
}