{
	"credit": "The Haylen Team",
	"textures": {
		"0": "models/robot/robot1",
		"1": "models/robot/eye",
		"2": "models/robot/body",
		"3": "models/robot/neck",
		"4": "models/robot/bottom_1",
		"6": "models/robot/bottom_3",
		"7": "models/robot/bottom_4",
		"8": "models/robot/head",
		"9": "models/robot/antenna_1",
		"10": "models/robot/antenna_2",
		"11": "models/robot/ear_1",
		"12": "models/robot/ear_2",
		"13": "models/robot/joint_1",
		"14": "models/robot/joint_2",
		"15": "models/robot/shoulder_2",
		"16": "models/robot/shoulder_1",
		"17": "models/robot/arm_1",
		"18": "models/robot/arm_2",
		"19": "models/robot/arm_2-b",
		"20": "models/robot/arm_1-b",
		"21": "models/robot/claw_1",
		"22": "models/robot/claw_1-b",
		"23": "models/robot/claw_2",
		"24": "models/robot/claw_2b",
		"particle": "robot/robot"
	},
	"elements": [
		{
			"from": [6, 3, 6],
			"to": [10, 4, 10],
			"faces": {
				"north": {"uv": [4, 0, 8, 1], "texture": "#4"},
				"east": {"uv": [4, 1, 8, 2], "texture": "#4"},
				"south": {"uv": [4, 2, 8, 3], "texture": "#4"},
				"west": {"uv": [4, 3, 8, 4], "texture": "#4"},
				"up": {"uv": [4, 4, 0, 0], "texture": "#4"},
				"down": {"uv": [4, 4, 0, 8], "texture": "#4"}
			}
		},
		{
			"from": [5, 4, 5],
			"to": [11, 6, 11],
			"faces": {
				"north": {"uv": [6, 0, 12, 2], "texture": "#6"},
				"east": {"uv": [6, 2, 12, 4], "texture": "#6"},
				"south": {"uv": [6, 4, 12, 6], "texture": "#6"},
				"west": {"uv": [6, 6, 12, 8], "texture": "#6"},
				"up": {"uv": [6, 6, 0, 0], "texture": "#6"},
				"down": {"uv": [6, 6, 0, 12], "texture": "#6"}
			}
		},
		{
			"from": [3, 6, 3],
			"to": [13, 8, 13],
			"faces": {
				"north": {"uv": [5, 0, 10, 1], "texture": "#7"},
				"east": {"uv": [5, 1, 10, 2], "texture": "#7"},
				"south": {"uv": [5, 2, 10, 3], "texture": "#7"},
				"west": {"uv": [5, 3, 10, 4], "texture": "#7"},
				"up": {"uv": [5, 5, 0, 0], "texture": "#7"},
				"down": {"uv": [5, 5, 0, 10], "texture": "#7"}
			}
		},
		{
			"from": [2, 8, 2],
			"to": [14, 20, 14],
			"faces": {
				"north": {"uv": [0, 0, 3, 3], "texture": "#2"},
				"east": {"uv": [0, 3, 3, 6], "texture": "#2"},
				"south": {"uv": [3, 0, 6, 3], "texture": "#2"},
				"west": {"uv": [3, 3, 6, 6], "texture": "#2"},
				"up": {"uv": [3, 9, 0, 6], "texture": "#2"},
				"down": {"uv": [9, 0, 6, 3], "texture": "#2"}
			}
		},
		{
			"from": [3, 12, 1],
			"to": [13, 18, 2],
			"faces": {
				"north": {"uv": [0, 0, 5, 3], "texture": "#0"},
				"east": {"uv": [5, 1, 5.5, 4], "texture": "#0"},
				"south": {"uv": [0, 3, 5, 6], "texture": "#0"},
				"west": {"uv": [5, 4, 5.5, 7], "texture": "#0"},
				"up": {"uv": [10, 0.5, 5, 0], "texture": "#0"},
				"down": {"uv": [10, 0.5, 5, 1], "texture": "#0"}
			}
		},
		{
			"from": [4, 24, 2],
			"to": [12, 25, 3],
			"faces": {
				"north": {"uv": [0, 0, 8, 1], "texture": "#1"},
				"east": {"uv": [0, 4, 1, 5], "texture": "#1"},
				"south": {"uv": [0, 1, 8, 2], "texture": "#1"},
				"west": {"uv": [1, 4, 2, 5], "texture": "#1"},
				"up": {"uv": [8, 3, 0, 2], "texture": "#1"},
				"down": {"uv": [8, 3, 0, 4], "texture": "#1"}
			}
		},
		{
			"from": [3, 22, 3],
			"to": [13, 26, 13],
			"faces": {
				"north": {"uv": [5, 0, 10, 2], "texture": "#8"},
				"east": {"uv": [5, 2, 10, 4], "texture": "#8"},
				"south": {"uv": [5, 4, 10, 6], "texture": "#8"},
				"west": {"uv": [5, 6, 10, 8], "texture": "#8"},
				"up": {"uv": [5, 5, 0, 0], "texture": "#8"},
				"down": {"uv": [5, 5, 0, 10], "texture": "#8"}
			}
		},
		{
			"from": [5, 26, 10],
			"to": [6, 30, 11],
			"faces": {
				"north": {"uv": [0, 0, 1, 4], "texture": "#10"},
				"east": {"uv": [1, 0, 2, 4], "texture": "#10"},
				"south": {"uv": [2, 0, 3, 4], "texture": "#10"},
				"west": {"uv": [3, 0, 4, 4], "texture": "#10"},
				"up": {"uv": [1, 5, 0, 4], "texture": "#10"},
				"down": {"uv": [5, 0, 4, 1], "texture": "#10"}
			}
		},
		{
			"from": [6, 26, 9],
			"to": [7, 29, 10],
			"faces": {
				"north": {"uv": [0, 0, 1, 3], "texture": "#9"},
				"east": {"uv": [1, 0, 2, 3], "texture": "#9"},
				"south": {"uv": [2, 0, 3, 3], "texture": "#9"},
				"west": {"uv": [0, 3, 1, 6], "texture": "#9"},
				"up": {"uv": [4, 1, 3, 0], "texture": "#9"},
				"down": {"uv": [2, 3, 1, 4], "texture": "#9"}
			}
		},
		{
			"from": [6, 20, 6],
			"to": [10, 22, 10],
			"faces": {
				"north": {"uv": [4, 0, 8, 2], "texture": "#3"},
				"east": {"uv": [4, 2, 8, 4], "texture": "#3"},
				"south": {"uv": [4, 4, 8, 6], "texture": "#3"},
				"west": {"uv": [4, 6, 8, 8], "texture": "#3"},
				"up": {"uv": [4, 4, 0, 0], "texture": "#3"},
				"down": {"uv": [4, 4, 0, 8], "texture": "#3"}
			}
		},
		{
			"from": [1, 16, 7],
			"to": [2, 18, 9],
			"faces": {
				"north": {"uv": [2, 0, 3, 2], "texture": "#14"},
				"east": {"uv": [0, 0, 2, 2], "texture": "#14"},
				"south": {"uv": [2, 2, 3, 4], "texture": "#14"},
				"west": {"uv": [0, 2, 2, 4], "texture": "#14"},
				"up": {"uv": [4, 2, 3, 0], "texture": "#14"},
				"down": {"uv": [4, 2, 3, 4], "texture": "#14"}
			}
		},
		{
			"from": [14, 16, 7],
			"to": [15, 18, 9],
			"faces": {
				"north": {"uv": [2, 0, 3, 2], "texture": "#13"},
				"east": {"uv": [0, 0, 2, 2], "texture": "#13"},
				"south": {"uv": [2, 2, 3, 4], "texture": "#13"},
				"west": {"uv": [0, 2, 2, 4], "texture": "#13"},
				"up": {"uv": [4, 2, 3, 0], "texture": "#13"},
				"down": {"uv": [4, 2, 3, 4], "texture": "#13"}
			}
		},
		{
			"from": [-1, 15, 6],
			"to": [1, 19, 10],
			"faces": {
				"north": {"uv": [4, 0, 6, 4], "texture": "#15"},
				"east": {"uv": [0, 0, 4, 4], "texture": "#15"},
				"south": {"uv": [4, 4, 6, 8], "texture": "#15"},
				"west": {"uv": [0, 4, 4, 8], "texture": "#15"},
				"up": {"uv": [8, 4, 6, 0], "texture": "#15"},
				"down": {"uv": [8, 4, 6, 8], "texture": "#15"}
			}
		},
		{
			"from": [2, 23, 7],
			"to": [3, 25, 9],
			"faces": {
				"north": {"uv": [2, 0, 3, 2], "texture": "#11"},
				"east": {"uv": [0, 0, 2, 2], "texture": "#11"},
				"south": {"uv": [2, 2, 3, 4], "texture": "#11"},
				"west": {"uv": [0, 2, 2, 4], "texture": "#11"},
				"up": {"uv": [4, 2, 3, 0], "texture": "#11"},
				"down": {"uv": [4, 2, 3, 4], "texture": "#11"}
			}
		},
		{
			"from": [13, 23, 7],
			"to": [14, 25, 9],
			"faces": {
				"north": {"uv": [2, 0, 3, 2], "texture": "#12"},
				"east": {"uv": [0, 0, 2, 2], "texture": "#12"},
				"south": {"uv": [2, 2, 3, 4], "texture": "#12"},
				"west": {"uv": [0, 2, 2, 4], "texture": "#12"},
				"up": {"uv": [4, 2, 3, 0], "texture": "#12"},
				"down": {"uv": [4, 2, 3, 4], "texture": "#12"}
			}
		},
		{
			"from": [15, 15, 6],
			"to": [17, 19, 10],
			"faces": {
				"north": {"uv": [4, 0, 6, 4], "texture": "#16"},
				"east": {"uv": [0, 0, 4, 4], "texture": "#16"},
				"south": {"uv": [4, 4, 6, 8], "texture": "#16"},
				"west": {"uv": [0, 4, 4, 8], "texture": "#16"},
				"up": {"uv": [8, 4, 6, 0], "texture": "#16"},
				"down": {"uv": [8, 4, 6, 8], "texture": "#16"}
			}
		},
		{
			"from": [-1, 10, 7],
			"to": [1, 15, 9],
			"faces": {
				"north": {"uv": [0, 0, 2, 5], "texture": "#18"},
				"east": {"uv": [2, 0, 4, 5], "texture": "#18"},
				"south": {"uv": [4, 0, 6, 5], "texture": "#18"},
				"west": {"uv": [0, 5, 2, 10], "texture": "#18"},
				"up": {"uv": [4, 7, 2, 5], "texture": "#18"},
				"down": {"uv": [6, 5, 4, 7], "texture": "#18"}
			}
		},
		{
			"from": [15, 10, 7],
			"to": [17, 15, 9],
			"faces": {
				"north": {"uv": [0, 0, 2, 5], "texture": "#17"},
				"east": {"uv": [2, 0, 4, 5], "texture": "#17"},
				"south": {"uv": [4, 0, 6, 5], "texture": "#17"},
				"west": {"uv": [0, 5, 2, 10], "texture": "#17"},
				"up": {"uv": [4, 7, 2, 5], "texture": "#17"},
				"down": {"uv": [6, 5, 4, 7], "texture": "#17"}
			}
		},
		{
			"from": [-1, 8, 0],
			"to": [1, 10, 11],
			"faces": {
				"north": {"uv": [4, 4, 6, 6], "texture": "#19"},
				"east": {"uv": [0, 0, 11, 2], "texture": "#19"},
				"south": {"uv": [4, 6, 6, 8], "texture": "#19"},
				"west": {"uv": [0, 2, 11, 4], "texture": "#19"},
				"up": {"uv": [2, 15, 0, 4], "texture": "#19"},
				"down": {"uv": [4, 4, 2, 15], "texture": "#19"}
			}
		},
		{
			"from": [15, 8, 0],
			"to": [17, 10, 11],
			"faces": {
				"north": {"uv": [4, 4, 6, 6], "texture": "#20"},
				"east": {"uv": [0, 0, 11, 2], "texture": "#20"},
				"south": {"uv": [4, 6, 6, 8], "texture": "#20"},
				"west": {"uv": [0, 2, 11, 4], "texture": "#20"},
				"up": {"uv": [2, 15, 0, 4], "texture": "#20"},
				"down": {"uv": [4, 4, 2, 15], "texture": "#20"}
			}
		},
		{
			"from": [-2, 8, -2],
			"to": [-1, 10, 1],
			"faces": {
				"north": {"uv": [0, 4, 1, 6], "texture": "#24"},
				"east": {"uv": [0, 0, 3, 2], "texture": "#24"},
				"south": {"uv": [4, 0, 5, 2], "texture": "#24"},
				"west": {"uv": [0, 2, 3, 4], "texture": "#24"},
				"up": {"uv": [4, 3, 3, 0], "texture": "#24"},
				"down": {"uv": [4, 3, 3, 6], "texture": "#24"}
			}
		},
		{
			"from": [1, 8, -2],
			"to": [2, 10, 1],
			"faces": {
				"north": {"uv": [0, 4, 1, 6], "texture": "#23"},
				"east": {"uv": [0, 0, 3, 2], "texture": "#23"},
				"south": {"uv": [4, 0, 5, 2], "texture": "#23"},
				"west": {"uv": [0, 2, 3, 4], "texture": "#23"},
				"up": {"uv": [4, 3, 3, 0], "texture": "#23"},
				"down": {"uv": [4, 3, 3, 6], "texture": "#23"}
			}
		},
		{
			"from": [14, 8, -2],
			"to": [15, 10, 1],
			"faces": {
				"north": {"uv": [0, 4, 1, 6], "texture": "#22"},
				"east": {"uv": [0, 0, 3, 2], "texture": "#22"},
				"south": {"uv": [4, 0, 5, 2], "texture": "#22"},
				"west": {"uv": [0, 2, 3, 4], "texture": "#22"},
				"up": {"uv": [4, 3, 3, 0], "texture": "#22"},
				"down": {"uv": [4, 3, 3, 6], "texture": "#22"}
			}
		},
		{
			"from": [17, 8, -2],
			"to": [18, 10, 1],
			"faces": {
				"north": {"uv": [0, 4, 1, 6], "texture": "#21"},
				"east": {"uv": [0, 0, 3, 2], "texture": "#21"},
				"south": {"uv": [4, 0, 5, 2], "texture": "#21"},
				"west": {"uv": [0, 2, 3, 4], "texture": "#21"},
				"up": {"uv": [4, 3, 3, 0], "texture": "#21"},
				"down": {"uv": [4, 3, 3, 6], "texture": "#21"}
			}
		}
	],
	"display": {
		"thirdperson_righthand": {
			"rotation": [68, 17, 0],
			"translation": [17.5, -5.5, -7.5]
		},
		"ground": {
			"translation": [0, 12, 0],
			"scale": [2.48, 2.48, 2.48]
		},
		"fixed": {
			"rotation": [-90, 14, 1],
			"translation": [0, 0, -24],
			"scale": [3.05, 3.05, 3.05]
		}
	}
}