{
	"credit": "Made with Blockbench",
	"textures": {
		"0": "models/shoppingcart/front",
		"1": "models/shoppingcart/side",
		"2": "models/shoppingcart/side2",
		"3": "models/shoppingcart/back",
		"4": "models/shoppingcart/base",
		"5": "models/shoppingcart/bottom",
		"6": "models/shoppingcart/handle1",
		"7": "models/shoppingcart/handle2",
		"8": "models/shoppingcart/handle",
		"9": "models/shoppingcart/wheel1",
		"10": "models/shoppingcart/wheel2",
		"11": "models/shoppingcart/wheel3",
		"12": "models/shoppingcart/wheel4",
		"13": "models/shoppingcart/bar1",
		"14": "models/shoppingcart/bar2",
		"particle": "front"
	},
	"elements": [
		{
			"from": [1, 6, 0],
			"to": [14, 12, 0],
			"faces": {
				"north": {"uv": [0, 0, 13, 6], "texture": "#2"},
				"east": {"uv": [0, 0, 0, 6], "texture": "#2"},
				"south": {"uv": [0, 6, 13, 12], "texture": "#2"},
				"west": {"uv": [0, 0, 0, 6], "texture": "#2"},
				"up": {"uv": [13, 0, 0, 0], "texture": "#2"},
				"down": {"uv": [13, 0, 0, 0], "texture": "#2"}
			}
		},
		{
			"from": [1, 6, 9],
			"to": [14, 12, 9],
			"faces": {
				"north": {"uv": [0, 0, 13, 6], "texture": "#1"},
				"east": {"uv": [0, 0, 0, 6], "texture": "#1"},
				"south": {"uv": [0, 6, 13, 12], "texture": "#1"},
				"west": {"uv": [0, 0, 0, 6], "texture": "#1"},
				"up": {"uv": [13, 0, 0, 0], "texture": "#1"},
				"down": {"uv": [13, 0, 0, 0], "texture": "#1"}
			}
		},
		{
			"from": [1, 6, 0],
			"to": [1, 12, 9],
			"faces": {
				"north": {"uv": [0, 0, 0, 6], "texture": "#0"},
				"east": {"uv": [0, 0, 9, 6], "texture": "#0"},
				"south": {"uv": [0, 0, 0, 6], "texture": "#0"},
				"west": {"uv": [0, 6, 9, 12], "texture": "#0"},
				"up": {"uv": [0, 9, 0, 0], "texture": "#0"},
				"down": {"uv": [0, 0, 0, 9], "texture": "#0"}
			}
		},
		{
			"from": [14, 6, 0],
			"to": [14, 12, 9],
			"faces": {
				"north": {"uv": [0, 0, 0, 6], "texture": "#3"},
				"east": {"uv": [0, 0, 9, 6], "texture": "#3"},
				"south": {"uv": [0, 0, 0, 6], "texture": "#3"},
				"west": {"uv": [0, 6, 9, 12], "texture": "#3"},
				"up": {"uv": [0, 9, 0, 0], "texture": "#3"},
				"down": {"uv": [0, 0, 0, 9], "texture": "#3"}
			}
		},
		{
			"from": [1, 6, 0],
			"to": [14, 6, 9],
			"faces": {
				"north": {"uv": [0, 0, 6.5, 0], "texture": "#4"},
				"east": {"uv": [0, 0, 4.5, 0], "texture": "#4"},
				"south": {"uv": [0, 0, 6.5, 0], "texture": "#4"},
				"west": {"uv": [0, 0, 4.5, 0], "texture": "#4"},
				"up": {"uv": [6.5, 4.5, 0, 0], "texture": "#4"},
				"down": {"uv": [6.5, 4.5, 0, 9], "texture": "#4"}
			}
		},
		{
			"from": [1, 3, 0],
			"to": [14, 3, 9],
			"faces": {
				"north": {"uv": [0, 0, 6.5, 0], "texture": "#5"},
				"east": {"uv": [0, 0, 4.5, 0], "texture": "#5"},
				"south": {"uv": [0, 0, 6.5, 0], "texture": "#5"},
				"west": {"uv": [0, 0, 4.5, 0], "texture": "#5"},
				"up": {"uv": [6.5, 4.5, 0, 0], "texture": "#5"},
				"down": {"uv": [6.5, 4.5, 0, 9], "texture": "#5"}
			}
		},
		{
			"from": [8, 15, 8],
			"to": [9, 19, 9],
			"rotation": {"angle": -22.5, "axis": "z", "origin": [0, 0, 0]},
			"faces": {
				"north": {"uv": [0, 0, 1, 4], "texture": "#6"},
				"east": {"uv": [1, 0, 2, 4], "texture": "#6"},
				"south": {"uv": [2, 0, 3, 4], "texture": "#6"},
				"west": {"uv": [3, 0, 4, 4], "texture": "#6"},
				"up": {"uv": [1, 5, 0, 4], "texture": "#6"},
				"down": {"uv": [5, 0, 4, 1], "texture": "#6"}
			}
		},
		{
			"from": [10, 7, 8],
			"to": [11, 11, 9],
			"rotation": {"angle": -22.5, "axis": "z", "origin": [0, 0, 0]},
			"faces": {
				"north": {"uv": [0, 0, 1, 4], "texture": "#13"},
				"east": {"uv": [1, 0, 2, 4], "texture": "#13"},
				"south": {"uv": [2, 0, 3, 4], "texture": "#13"},
				"west": {"uv": [3, 0, 4, 4], "texture": "#13"},
				"up": {"uv": [1, 5, 0, 4], "texture": "#13"},
				"down": {"uv": [5, 0, 4, 1], "texture": "#13"}
			}
		},
		{
			"from": [10, 7, 0],
			"to": [11, 11, 1],
			"rotation": {"angle": -22.5, "axis": "z", "origin": [0, 0, 0]},
			"faces": {
				"north": {"uv": [0, 0, 1, 4], "texture": "#14"},
				"east": {"uv": [1, 0, 2, 4], "texture": "#14"},
				"south": {"uv": [2, 0, 3, 4], "texture": "#14"},
				"west": {"uv": [3, 0, 4, 4], "texture": "#14"},
				"up": {"uv": [1, 5, 0, 4], "texture": "#14"},
				"down": {"uv": [5, 0, 4, 1], "texture": "#14"}
			}
		},
		{
			"from": [8, 15, 0],
			"to": [9, 19, 1],
			"rotation": {"angle": -22.5, "axis": "z", "origin": [0, 0, 0]},
			"faces": {
				"north": {"uv": [0, 0, 1, 4], "texture": "#7"},
				"east": {"uv": [1, 0, 2, 4], "texture": "#7"},
				"south": {"uv": [2, 0, 3, 4], "texture": "#7"},
				"west": {"uv": [3, 0, 4, 4], "texture": "#7"},
				"up": {"uv": [1, 5, 0, 4], "texture": "#7"},
				"down": {"uv": [5, 0, 4, 1], "texture": "#7"}
			}
		},
		{
			"from": [8, 18, 1],
			"to": [9, 19, 8],
			"rotation": {"angle": -22.5, "axis": "z", "origin": [0, 0, 0]},
			"faces": {
				"north": {"uv": [2, 2, 3, 3], "texture": "#8"},
				"east": {"uv": [0, 0, 7, 1], "texture": "#8"},
				"south": {"uv": [2, 3, 3, 4], "texture": "#8"},
				"west": {"uv": [0, 1, 7, 2], "texture": "#8"},
				"up": {"uv": [1, 9, 0, 2], "texture": "#8"},
				"down": {"uv": [2, 2, 1, 9], "texture": "#8"}
			}
		},
		{
			"from": [11, 1, 0],
			"to": [13, 3, 1],
			"faces": {
				"north": {"uv": [0, 0, 2, 2], "texture": "#10"},
				"east": {"uv": [2, 0, 3, 2], "texture": "#10"},
				"south": {"uv": [0, 2, 2, 4], "texture": "#10"},
				"west": {"uv": [2, 2, 3, 4], "texture": "#10"},
				"up": {"uv": [5, 1, 3, 0], "texture": "#10"},
				"down": {"uv": [5, 1, 3, 2], "texture": "#10"}
			}
		},
		{
			"from": [2, 1, 0],
			"to": [4, 3, 1],
			"faces": {
				"north": {"uv": [0, 0, 2, 2], "texture": "#11"},
				"east": {"uv": [2, 0, 3, 2], "texture": "#11"},
				"south": {"uv": [0, 2, 2, 4], "texture": "#11"},
				"west": {"uv": [2, 2, 3, 4], "texture": "#11"},
				"up": {"uv": [5, 1, 3, 0], "texture": "#11"},
				"down": {"uv": [5, 1, 3, 2], "texture": "#11"}
			}
		},
		{
			"from": [2, 1, 8],
			"to": [4, 3, 9],
			"faces": {
				"north": {"uv": [0, 0, 2, 2], "texture": "#12"},
				"east": {"uv": [2, 0, 3, 2], "texture": "#12"},
				"south": {"uv": [0, 2, 2, 4], "texture": "#12"},
				"west": {"uv": [2, 2, 3, 4], "texture": "#12"},
				"up": {"uv": [5, 1, 3, 0], "texture": "#12"},
				"down": {"uv": [5, 1, 3, 2], "texture": "#12"}
			}
		},
		{
			"from": [11, 1, 8],
			"to": [13, 3, 9],
			"faces": {
				"north": {"uv": [0, 0, 2, 2], "texture": "#9"},
				"east": {"uv": [2, 0, 3, 2], "texture": "#9"},
				"south": {"uv": [0, 2, 2, 4], "texture": "#9"},
				"west": {"uv": [2, 2, 3, 4], "texture": "#9"},
				"up": {"uv": [5, 1, 3, 0], "texture": "#9"},
				"down": {"uv": [5, 1, 3, 2], "texture": "#9"}
			}
		}
	],
	"display": {
		"head": {
			"rotation": [0, -89.75, 0],
			"translation": [-8.5, -28.75, 0.5],
			"scale": [2.33, 2.33, 2.33]
		}
	}
}