{
	"credit": "Made with Blockbench",
	"texture_size": [64, 64],
	"textures": {
		"0": "models/shopshelf/top",
		"1": "models/shopshelf/wall",
		"2": "models/shopshelf/base",
		"3": "models/shopshelf/1",
		"4": "models/shopshelf/2",
		"5": "models/shopshelf/3",
		"particle": "top"
	},
	"elements": [
		{
			"from": [-16, 0, -5],
			"to": [32, 2, 19],
			"faces": {
				"north": {"uv": [0, 6, 6, 6.25], "texture": "#2"},
				"east": {"uv": [6, 0.25, 9, 0.5], "texture": "#2"},
				"south": {"uv": [6, 0, 12, 0.25], "texture": "#2"},
				"west": {"uv": [6, 0.5, 9, 0.75], "texture": "#2"},
				"up": {"uv": [6, 3, 0, 0], "texture": "#2"},
				"down": {"uv": [6, 3, 0, 6], "texture": "#2"}
			}
		},
		{
			"from": [-16, 30, -1],
			"to": [32, 32, 15],
			"faces": {
				"north": {"uv": [0, 8, 12, 8.5], "texture": "#0"},
				"east": {"uv": [0, 9, 4, 9.5], "texture": "#0"},
				"south": {"uv": [0, 8.5, 12, 9], "texture": "#0"},
				"west": {"uv": [4, 9, 8, 9.5], "texture": "#0"},
				"up": {"uv": [12, 4, 0, 0], "texture": "#0"},
				"down": {"uv": [12, 4, 0, 8], "texture": "#0"}
			}
		},
		{
			"from": [-16, 14, -2],
			"to": [32, 14, 16],
			"faces": {
				"north": {"uv": [0, 0, 12, 0], "texture": "#4"},
				"east": {"uv": [0, 0, 4.5, 0], "texture": "#4"},
				"south": {"uv": [0, 0, 12, 0], "texture": "#4"},
				"west": {"uv": [0, 0, 4.5, 0], "texture": "#4"},
				"up": {"uv": [12, 4.5, 0, 0], "texture": "#4"},
				"down": {"uv": [12, 4.5, 0, 9], "texture": "#4"}
			}
		},
		{
			"from": [-16, 20, -2],
			"to": [32, 20, 16],
			"faces": {
				"north": {"uv": [0, 0, 12, 0], "texture": "#5"},
				"east": {"uv": [0, 0, 4.5, 0], "texture": "#5"},
				"south": {"uv": [0, 0, 12, 0], "texture": "#5"},
				"west": {"uv": [0, 0, 4.5, 0], "texture": "#5"},
				"up": {"uv": [12, 4.5, 0, 0], "texture": "#5"},
				"down": {"uv": [12, 4.5, 0, 9], "texture": "#5"}
			}
		},
		{
			"from": [-16, 19, 16],
			"to": [32, 20, 16],
			"faces": {
				"north": {"uv": [0, 0, 12, 0], "texture": "#5"},
				"east": {"uv": [0, 0, 4.5, 0], "texture": "#5"},
				"south": {"uv": [0, 0, 12, 0], "texture": "#5"},
				"west": {"uv": [0, 0, 4.5, 0], "texture": "#5"},
				"up": {"uv": [12, 4.5, 0, 0], "texture": "#5"},
				"down": {"uv": [12, 4.5, 0, 9], "texture": "#5"}
			}
		},
		{
			"from": [-16, 13, 16],
			"to": [32, 14, 16],
			"faces": {
				"north": {"uv": [0, 0, 12, 0], "texture": "#5"},
				"east": {"uv": [0, 0, 4.5, 0], "texture": "#5"},
				"south": {"uv": [0, 0, 12, 0], "texture": "#5"},
				"west": {"uv": [0, 0, 4.5, 0], "texture": "#5"},
				"up": {"uv": [12, 4.5, 0, 0], "texture": "#5"},
				"down": {"uv": [12, 4.5, 0, 9], "texture": "#5"}
			}
		},
		{
			"from": [-16, 7, 16],
			"to": [32, 8, 16],
			"faces": {
				"north": {"uv": [0, 0, 12, 0], "texture": "#5"},
				"east": {"uv": [0, 0, 4.5, 0], "texture": "#5"},
				"south": {"uv": [0, 0, 12, 0], "texture": "#5"},
				"west": {"uv": [0, 0, 4.5, 0], "texture": "#5"},
				"up": {"uv": [12, 4.5, 0, 0], "texture": "#5"},
				"down": {"uv": [12, 4.5, 0, 9], "texture": "#5"}
			}
		},
		{
			"from": [-16, 7, -2],
			"to": [32, 8, -2],
			"faces": {
				"north": {"uv": [0, 0, 12, 0], "texture": "#5"},
				"east": {"uv": [0, 0, 4.5, 0], "texture": "#5"},
				"south": {"uv": [0, 0, 12, 0], "texture": "#5"},
				"west": {"uv": [0, 0, 4.5, 0], "texture": "#5"},
				"up": {"uv": [12, 4.5, 0, 0], "texture": "#5"},
				"down": {"uv": [12, 4.5, 0, 9], "texture": "#5"}
			}
		},
		{
			"from": [-16, 13, -2],
			"to": [32, 14, -2],
			"faces": {
				"north": {"uv": [0, 0, 12, 0], "texture": "#5"},
				"east": {"uv": [0, 0, 4.5, 0], "texture": "#5"},
				"south": {"uv": [0, 0, 12, 0], "texture": "#5"},
				"west": {"uv": [0, 0, 4.5, 0], "texture": "#5"},
				"up": {"uv": [12, 4.5, 0, 0], "texture": "#5"},
				"down": {"uv": [12, 4.5, 0, 9], "texture": "#5"}
			}
		},
		{
			"from": [-16, 19, -2],
			"to": [32, 20, -2],
			"faces": {
				"north": {"uv": [0, 0, 12, 0], "texture": "#5"},
				"east": {"uv": [0, 0, 4.5, 0], "texture": "#5"},
				"south": {"uv": [0, 0, 12, 0], "texture": "#5"},
				"west": {"uv": [0, 0, 4.5, 0], "texture": "#5"},
				"up": {"uv": [12, 4.5, 0, 0], "texture": "#5"},
				"down": {"uv": [12, 4.5, 0, 9], "texture": "#5"}
			}
		},
		{
			"from": [-16, 8, -2],
			"to": [32, 8, 16],
			"faces": {
				"north": {"uv": [0, 0, 12, 0], "texture": "#3"},
				"east": {"uv": [0, 0, 4.5, 0], "texture": "#3"},
				"south": {"uv": [0, 0, 12, 0], "texture": "#3"},
				"west": {"uv": [0, 0, 4.5, 0], "texture": "#3"},
				"up": {"uv": [12, 4.5, 0, 0], "texture": "#3"},
				"down": {"uv": [12, 4.5, 0, 9], "texture": "#3"}
			}
		},
		{
			"from": [-16, 2, 7],
			"to": [32, 32, 7],
			"faces": {
				"north": {"uv": [0, 0, 12, 7.5], "texture": "#1"},
				"east": {"uv": [0, 0, 0, 7.5], "texture": "#1"},
				"south": {"uv": [0, 7.5, 12, 15], "texture": "#1"},
				"west": {"uv": [0, 0, 0, 7.5], "texture": "#1"},
				"up": {"uv": [12, 0, 0, 0], "texture": "#1"},
				"down": {"uv": [12, 0, 0, 0], "texture": "#1"}
			}
		}
	],
	"display": {
		"fixed": {
			"rotation": [-90, 0, 0],
			"translation": [0, 4.75, -31.25],
			"scale": [4, 4, 4]
		}
	}
}