{
	"credit": "Made with Blockbench",
	"texture_size": [32, 32],
	"textures": {
		"0": "models/showmannpc/base",
		"1": "models/showmannpc/head",
		"4": "models/showmannpc/rightarm",
		"5": "models/showmannpc/layer2",
		"6": "models/showmannpc/layer1",
		"7": "models/showmannpc/leftarm",
		"particle": "models/showmannpc/base"
	},
	"elements": [
		{
			"from": [-2, 6, -3],
			"to": [2, 17, 0],
			"rotation": {"angle": 22.5, "axis": "x", "origin": [0, 0, 0]},
			"faces": {
				"north": {"uv": [0, 0, 2, 5.5], "texture": "#4"},
				"east": {"uv": [4, 0, 5.5, 5.5], "texture": "#4"},
				"south": {"uv": [2, 0, 4, 5.5], "texture": "#4"},
				"west": {"uv": [0, 5.5, 1.5, 11], "texture": "#4"},
				"up": {"uv": [7.5, 1.5, 5.5, 0], "texture": "#4"},
				"down": {"uv": [3.5, 5.5, 1.5, 7], "texture": "#4"}
			}
		},
		{
			"from": [-2, 19, 7],
			"to": [2, 30, 10],
			"rotation": {"angle": 22.5, "axis": "x", "origin": [0, 0, 0]},
			"faces": {
				"north": {"uv": [0, 0, 2, 5.5], "texture": "#7"},
				"east": {"uv": [4, 0, 5.5, 5.5], "texture": "#7"},
				"south": {"uv": [2, 0, 4, 5.5], "texture": "#7"},
				"west": {"uv": [0, 5.5, 1.5, 11], "texture": "#7"},
				"up": {"uv": [7.5, 1.5, 5.5, 0], "texture": "#7"},
				"down": {"uv": [3.5, 5.5, 1.5, 7], "texture": "#7"}
			}
		},
		{
			"from": [-2, -5, 6],
			"to": [2, 17, 14],
			"faces": {
				"north": {"uv": [8, 0, 10, 11], "texture": "#0"},
				"east": {"uv": [0, 0, 4, 11], "texture": "#0"},
				"south": {"uv": [10, 0, 12, 11], "texture": "#0"},
				"west": {"uv": [4, 0, 8, 11], "texture": "#0"},
				"up": {"uv": [2, 15, 0, 11], "texture": "#0"},
				"down": {"uv": [4, 11, 2, 15], "texture": "#0"}
			}
		},
		{
			"from": [-4, 17, 6],
			"to": [4, 25, 14],
			"faces": {
				"north": {"uv": [0, 0, 4, 4], "texture": "#1"},
				"east": {"uv": [0, 4, 4, 8], "texture": "#1"},
				"south": {"uv": [4, 0, 8, 4], "texture": "#1"},
				"west": {"uv": [4, 4, 8, 8], "texture": "#1"},
				"up": {"uv": [4, 12, 0, 8], "texture": "#1"},
				"down": {"uv": [12, 0, 8, 4], "texture": "#1"}
			}
		},
		{
			"from": [-4, 23, 19],
			"to": [3, 24, 26],
			"faces": {
				"north": {"uv": [7, 0, 14, 1], "texture": "#6"},
				"east": {"uv": [7, 1, 14, 2], "texture": "#6"},
				"south": {"uv": [7, 2, 14, 3], "texture": "#6"},
				"west": {"uv": [7, 3, 14, 4], "texture": "#6"},
				"up": {"uv": [7, 7, 0, 0], "texture": "#6"},
				"down": {"uv": [7, 7, 0, 14], "texture": "#6"}
			}
		},
		{
			"from": [-3, 24, 20],
			"to": [2, 31, 25],
			"faces": {
				"north": {"uv": [0, 0, 5, 7], "texture": "#5"},
				"east": {"uv": [5, 0, 10, 7], "texture": "#5"},
				"south": {"uv": [0, 7, 5, 14], "texture": "#5"},
				"west": {"uv": [5, 7, 10, 14], "texture": "#5"},
				"up": {"uv": [15, 5, 10, 0], "texture": "#5"},
				"down": {"uv": [15, 5, 10, 10], "texture": "#5"}
			}
		}
	],
	"display": {
		"head": {
			"rotation": [0, -90, 0],
			"translation": [7.5, 7, 30.25],
			"scale": [3.99, 4, 4]
		}
	}
}