{
	"credit": "Made with Blockbench",
	"textures": {
		"0": "models/specialproject/ball1",
		"1": "models/specialproject/ball2",
		"2": "models/specialproject/stem",
		"3": "models/specialproject/tip",
		"particle": "ball1"
	},
	"elements": [
		{
			"from": [-2, 9, 3],
			"to": [2, 13, 7],
			"faces": {
				"north": {"uv": [0, 0, 4, 4], "texture": "#1"},
				"east": {"uv": [0, 4, 4, 8], "texture": "#1"},
				"south": {"uv": [4, 0, 8, 4], "texture": "#1"},
				"west": {"uv": [4, 4, 8, 8], "texture": "#1"},
				"up": {"uv": [4, 12, 0, 8], "texture": "#1"},
				"down": {"uv": [12, 0, 8, 4], "texture": "#1"}
			}
		},
		{
			"from": [-2, 9, 8],
			"to": [2, 13, 12],
			"faces": {
				"north": {"uv": [0, 0, 4, 4], "texture": "#0"},
				"east": {"uv": [0, 4, 4, 8], "texture": "#0"},
				"south": {"uv": [4, 0, 8, 4], "texture": "#0"},
				"west": {"uv": [4, 4, 8, 8], "texture": "#0"},
				"up": {"uv": [4, 12, 0, 8], "texture": "#0"},
				"down": {"uv": [12, 0, 8, 4], "texture": "#0"}
			}
		},
		{
			"from": [4, 11, 6],
			"to": [6, 21, 9],
			"rotation": {"angle": 22.5, "axis": "z", "origin": [0, 0, 0]},
			"faces": {
				"north": {"uv": [6, 0, 8, 10], "texture": "#2"},
				"east": {"uv": [0, 0, 3, 10], "texture": "#2"},
				"south": {"uv": [8, 0, 10, 10], "texture": "#2"},
				"west": {"uv": [3, 0, 6, 10], "texture": "#2"},
				"up": {"uv": [2, 13, 0, 10], "texture": "#2"},
				"down": {"uv": [12, 0, 10, 3], "texture": "#2"}
			}
		},
		{
			"from": [3, 21, 5],
			"to": [7, 24, 10],
			"rotation": {"angle": 22.5, "axis": "z", "origin": [0, 0, 0]},
			"faces": {
				"north": {"uv": [0, 8, 4, 11], "texture": "#3"},
				"east": {"uv": [0, 5, 5, 8], "texture": "#3"},
				"south": {"uv": [8, 0, 12, 3], "texture": "#3"},
				"west": {"uv": [5, 5, 10, 8], "texture": "#3"},
				"up": {"uv": [4, 5, 0, 0], "texture": "#3"},
				"down": {"uv": [8, 0, 4, 5], "texture": "#3"}
			}
		}
	],
	"display": {
		"thirdperson_righthand": {
			"rotation": [98, 84, 0],
			"translation": [-4.5, 20.25, -9.75],
			"scale": [4, 4, 4]
		},
		"thirdperson_lefthand": {
			"rotation": [112, -90, 0],
			"translation": [-6.25, 20.75, -1.75],
			"scale": [4, 4, 4]
		},
		"firstperson_righthand": {
			"rotation": [0, 90, 26],
			"translation": [-8.5, -1, -11.25],
			"scale": [1, 1.22, 1]
		},
		"firstperson_lefthand": {
			"rotation": [0, -90, -36],
			"translation": [-9.25, -1.75, -15.75],
			"scale": [1, 1.48, 0.99]
		},
		"ground": {
			"translation": [32.5, 0, 0],
			"scale": [4, 4, 4]
		},
		"head": {
			"rotation": [0, -90, 86],
			"translation": [-4.25, 14, 66.75],
			"scale": [4, 4, 4]
		}
	}
}