{
	"credit": "Made with Blockbench",
	"texture_size": [32, 32],
	"textures": {
		"0": "models/sunshade/sunshade_top",
		"1": "models/sunshade/sunshade_bottom",
		"2": "models/sunshade/sunshade_front",
		"3": "models/sunshade/sunshade_supportbase",
		"4": "models/sunshade/sunshade_support1",
		"particle": "sunshade_top"
	},
	"elements": [
		{
			"from": [-16, 3, 11],
			"to": [32, 5, 27],
			"rotation": {"angle": -45, "axis": "x", "origin": [0, 0, 0]},
			"faces": {
				"north": {"uv": [0, 10.5, 12, 11], "texture": "#0"},
				"east": {"uv": [0, 11.5, 5.25, 12], "texture": "#0"},
				"south": {"uv": [0, 11, 12, 11.5], "texture": "#0"},
				"west": {"uv": [5.25, 11.5, 10.5, 12], "texture": "#0"},
				"up": {"uv": [12, 5.25, 0, 0], "texture": "#0"},
				"down": {"uv": [12, 5.25, 0, 10.5], "texture": "#0"}
			}
		},
		{
			"from": [-16, 7, -5],
			"to": [32, 9, 9],
			"rotation": {"angle": -22.5, "axis": "x", "origin": [0, 0, 0]},
			"faces": {
				"north": {"uv": [0, 7.5, 12, 8], "texture": "#1"},
				"east": {"uv": [0, 8.5, 3.75, 9], "texture": "#1"},
				"south": {"uv": [0, 8, 12, 8.5], "texture": "#1"},
				"west": {"uv": [3.75, 8.5, 7.5, 9], "texture": "#1"},
				"up": {"uv": [12, 3.75, 0, 0], "texture": "#1"},
				"down": {"uv": [12, 3.75, 0, 7.5], "texture": "#1"}
			}
		},
		{
			"from": [-10, 4, -5],
			"to": [-8, 4, 13],
			"faces": {
				"north": {"uv": [0, 0, 1, 0], "texture": "#4"},
				"east": {"uv": [0, 0, 13, 0], "texture": "#4"},
				"south": {"uv": [0, 0, 1, 0], "texture": "#4"},
				"west": {"uv": [0, 0, 13, 0], "texture": "#4"},
				"up": {"uv": [1, 13, 0, 0], "texture": "#4"},
				"down": {"uv": [2, 0, 1, 13], "texture": "#4"}
			}
		},
		{
			"from": [7, 4, -5],
			"to": [9, 4, 13],
			"faces": {
				"north": {"uv": [0, 0, 1, 0], "texture": "#4"},
				"east": {"uv": [0, 0, 13, 0], "texture": "#4"},
				"south": {"uv": [0, 0, 1, 0], "texture": "#4"},
				"west": {"uv": [0, 0, 13, 0], "texture": "#4"},
				"up": {"uv": [1, 13, 0, 0], "texture": "#4"},
				"down": {"uv": [2, 0, 1, 13], "texture": "#4"}
			}
		},
		{
			"from": [24, 4, -5],
			"to": [26, 4, 13],
			"faces": {
				"north": {"uv": [0, 0, 1, 0], "texture": "#4"},
				"east": {"uv": [0, 0, 13, 0], "texture": "#4"},
				"south": {"uv": [0, 0, 1, 0], "texture": "#4"},
				"west": {"uv": [0, 0, 13, 0], "texture": "#4"},
				"up": {"uv": [1, 13, 0, 0], "texture": "#4"},
				"down": {"uv": [2, 0, 1, 13], "texture": "#4"}
			}
		},
		{
			"from": [-16, 2, -8],
			"to": [32, 6, -8],
			"faces": {
				"north": {"uv": [0, 0, 12, 1], "texture": "#2"},
				"east": {"uv": [0, 0, 0, 1], "texture": "#2"},
				"south": {"uv": [0, 1, 12, 2], "texture": "#2"},
				"west": {"uv": [0, 0, 0, 1], "texture": "#2"},
				"up": {"uv": [12, 0, 0, 0], "texture": "#2"},
				"down": {"uv": [12, 0, 0, 0], "texture": "#2"}
			}
		},
		{
			"from": [-16, 4, -8],
			"to": [32, 4, -5],
			"faces": {
				"north": {"uv": [0, 0, 12, 0], "texture": "#3"},
				"east": {"uv": [0, 0, 0.75, 0], "texture": "#3"},
				"south": {"uv": [0, 0, 12, 0], "texture": "#3"},
				"west": {"uv": [0, 0, 0.75, 0], "texture": "#3"},
				"up": {"uv": [12, 0.75, 0, 0], "texture": "#3"},
				"down": {"uv": [12, 0.75, 0, 1.5], "texture": "#3"}
			}
		},
		{
			"from": [-16, 4, 13],
			"to": [32, 4, 16],
			"faces": {
				"north": {"uv": [0, 0, 12, 0], "texture": "#3"},
				"east": {"uv": [0, 0, 0.75, 0], "texture": "#3"},
				"south": {"uv": [0, 0, 12, 0], "texture": "#3"},
				"west": {"uv": [0, 0, 0.75, 0], "texture": "#3"},
				"up": {"uv": [12, 0.75, 0, 0], "texture": "#3"},
				"down": {"uv": [12, 0.75, 0, 1.5], "texture": "#3"}
			}
		}
	],
	"display": {
		"gui": {
			"rotation": [5, 146, 9],
			"translation": [0.5, -1.25, 0],
			"scale": [0.26, 0.29, 0.51]
		},
		"head": {
			"translation": [0, 4.5, -6.75],
			"scale": [0.27, 0.41, 0.64]
		},
		"fixed": {
			"translation": [0, 0, -16.25],
			"scale": [2.86, 1.9, 2.22]
		}
	}
}