{
	"credit": "Made with Blockbench",
	"texture_size": [128, 128],
	"textures": {
		"4": "models/trafficcone/trafficcone"
	},
	"elements": [
		{
			"from": [-1, 3, 3],
			"to": [12, 4, 16],
			"faces": {
				"north": {"uv": [11.25, 8, 14.5, 8.25], "texture": "#4"},
				"east": {"uv": [11.25, 8.25, 14.5, 8.5], "texture": "#4"},
				"south": {"uv": [11.25, 8.5, 14.5, 8.75], "texture": "#4"},
				"west": {"uv": [11.25, 8.75, 14.5, 9], "texture": "#4"},
				"up": {"uv": [11.25, 11.25, 8, 8], "texture": "#4"},
				"down": {"uv": [11.25, 11.25, 8, 14.5], "texture": "#4"}
			}
		},
		{
			"from": [2, 4, 6],
			"to": [9, 8, 13],
			"faces": {
				"north": {"uv": [11.5, 0, 15, 2], "texture": "#4"},
				"east": {"uv": [11.5, 2, 15, 4], "texture": "#4"},
				"south": {"uv": [11.5, 4, 15, 6], "texture": "#4"},
				"west": {"uv": [11.5, 6, 15, 8], "texture": "#4"},
				"up": {"uv": [11.5, 3.5, 8, 0], "texture": "#4"},
				"down": {"uv": [11.5, 3.5, 8, 7], "texture": "#4"}
			}
		},
		{
			"from": [3, 8, 7],
			"to": [8, 12, 12],
			"faces": {
				"north": {"uv": [2.5, 0, 5, 2], "texture": "#4"},
				"east": {"uv": [2.5, 2, 5, 4], "texture": "#4"},
				"south": {"uv": [2.5, 4, 5, 6], "texture": "#4"},
				"west": {"uv": [0, 5, 2.5, 7], "texture": "#4"},
				"up": {"uv": [2.5, 2.5, 0, 0], "texture": "#4"},
				"down": {"uv": [2.5, 2.5, 0, 5], "texture": "#4"}
			}
		},
		{
			"from": [4, 12, 8],
			"to": [7, 16, 11],
			"faces": {
				"north": {"uv": [0, 8, 1.5, 10], "texture": "#4"},
				"east": {"uv": [1.5, 8, 3, 10], "texture": "#4"},
				"south": {"uv": [0, 10, 1.5, 12], "texture": "#4"},
				"west": {"uv": [1.5, 10, 3, 12], "texture": "#4"},
				"up": {"uv": [4.5, 9.5, 3, 8], "texture": "#4"},
				"down": {"uv": [4.5, 9.5, 3, 11], "texture": "#4"}
			}
		}
	],
	"display": {
		"gui": {
			"translation": [3.5, -2.75, 0],
			"scale": [1.38, 0.94, 1.03]
		},
		"head": {
			"translation": [4.5, 14.25, -2.75],
			"scale": [1.8, 1.8, 1.8]
		},
		"fixed": {
			"rotation": [-90, 0, 0],
			"translation": [7.25, -4.5, -15.5],
			"scale": [2.93, 3.03, 2.93]
		}
	}
}