{
	"credit": "Made with Blockbench",
	"texture_size": [64, 64],
	"textures": {
		"0": "models/trashcan/texture",
		"particle": "models/trashcan/texture"
	},
	"elements": [
		{
			"from": [2, 0, 2],
			"to": [14, 14, 14],
			"faces": {
				"north": {"uv": [3, 0, 6, 2.75], "texture": "#0"},
				"east": {"uv": [3, 2.75, 6, 5.5], "texture": "#0"},
				"south": {"uv": [3, 5.5, 6, 8.25], "texture": "#0"},
				"west": {"uv": [0, 6, 3, 8.75], "texture": "#0"},
				"up": {"uv": [9, 8, 6, 5], "texture": "#0"},
				"down": {"uv": [3, 3, 0, 6], "texture": "#0"}
			}
		},
		{
			"from": [4, 15, 2],
			"to": [5.5, 18, 3.5],
			"rotation": {"angle": 22.5, "axis": "x", "origin": [0, 0, 0]},
			"faces": {
				"north": {"uv": [2.75, 15.25, 3.125, 16], "texture": "#0"},
				"east": {"uv": [3.375, 15.25, 3.75, 16], "texture": "#0"},
				"south": {"uv": [1.25, 15.25, 1.625, 16], "texture": "#0"},
				"west": {"uv": [2.125, 15.25, 2.5, 16], "texture": "#0"},
				"up": {"uv": [0, 15.625, 0.375, 16], "texture": "#0"},
				"down": {"uv": [0.75, 15.625, 1.125, 16], "texture": "#0"}
			}
		},
		{
			"from": [5, 14, 10],
			"to": [9, 15, 13],
			"rotation": {"angle": 22.5, "axis": "y", "origin": [0, 0, 0]},
			"faces": {
				"north": {"uv": [7.625, 6.625, 8.625, 6.875], "texture": "#0"},
				"east": {"uv": [6.75, 6.375, 7.5, 6.625], "texture": "#0"},
				"south": {"uv": [6.625, 5.375, 7.625, 5.625], "texture": "#0"},
				"west": {"uv": [7, 5.875, 7.75, 6.125], "texture": "#0"},
				"up": {"uv": [7.125, 6.75, 8.125, 7.5], "texture": "#0"},
				"down": {"uv": [7.75, 5.25, 8.75, 6], "texture": "#0"}
			}
		},
		{
			"from": [5.5, 15, 10.5],
			"to": [8.5, 16, 12.5],
			"rotation": {"angle": 22.5, "axis": "y", "origin": [0, 0, 0]},
			"faces": {
				"north": {"uv": [8, 7.375, 8.75, 7.625], "texture": "#0"},
				"east": {"uv": [8.125, 5.875, 8.625, 6.125], "texture": "#0"},
				"south": {"uv": [7.75, 6.625, 8.5, 6.875], "texture": "#0"},
				"west": {"uv": [6.5, 6, 7, 6.25], "texture": "#0"},
				"up": {"uv": [7.125, 5.625, 7.875, 6.125], "texture": "#0"},
				"down": {"uv": [6.625, 6.75, 7.375, 7.25], "texture": "#0"}
			}
		},
		{
			"from": [1, 18, -5],
			"to": [15, 21, 9],
			"rotation": {"angle": 22.5, "axis": "x", "origin": [0, 0, 0]},
			"faces": {
				"north": {"uv": [6, 3.5, 9.5, 4.25], "texture": "#0"},
				"east": {"uv": [6, 3.5, 9.5, 4.25], "texture": "#0"},
				"south": {"uv": [6, 3.5, 9.5, 4.25], "texture": "#0"},
				"west": {"uv": [6, 3.5, 9.5, 4.25], "texture": "#0"},
				"up": {"uv": [6, 0, 9.5, 3.5], "texture": "#0"},
				"down": {"uv": [6, 0, 9.5, 3.5], "texture": "#0"}
			}
		},
		{
			"from": [7, 21, -1],
			"to": [9, 22, 0],
			"rotation": {"angle": 22.5, "axis": "x", "origin": [0, 0, 0]},
			"faces": {
				"north": {"uv": [6, 4.25, 6.5, 4.5], "texture": "#0"},
				"east": {"uv": [6, 4.5, 6.25, 4.75], "texture": "#0"},
				"south": {"uv": [6, 4.25, 6.5, 4.5], "texture": "#0"},
				"west": {"uv": [6, 4.5, 6.25, 4.75], "texture": "#0"},
				"up": {"uv": [6, 4.25, 6.5, 4.5], "texture": "#0"},
				"down": {"uv": [6, 4.25, 6.5, 4.5], "texture": "#0"}
			}
		},
		{
			"from": [7, 22, -1],
			"to": [9, 23, 5],
			"rotation": {"angle": 22.5, "axis": "x", "origin": [0, 0, 0]},
			"faces": {
				"north": {"uv": [6, 4.25, 6.5, 4.5], "texture": "#0"},
				"east": {"uv": [6, 4.25, 7.5, 4.5], "texture": "#0"},
				"south": {"uv": [6, 4.25, 6.5, 4.5], "texture": "#0"},
				"west": {"uv": [6, 4.25, 7.5, 4.5], "texture": "#0"},
				"up": {"uv": [7.125, 4.25, 9.25, 4.75], "texture": "#0"},
				"down": {"uv": [7.125, 4.25, 9.25, 4.75], "texture": "#0"}
			}
		},
		{
			"from": [7, 21, 4],
			"to": [9, 22, 5],
			"rotation": {"angle": 22.5, "axis": "x", "origin": [0, 0, 0]},
			"faces": {
				"north": {"uv": [6, 4.25, 6.5, 4.5], "texture": "#0"},
				"east": {"uv": [6, 4.25, 6.25, 4.5], "texture": "#0"},
				"south": {"uv": [6, 4.25, 6.5, 4.5], "texture": "#0"},
				"west": {"uv": [6, 4.25, 6.25, 4.5], "texture": "#0"},
				"up": {"uv": [6, 4.25, 6.5, 4.5], "texture": "#0"},
				"down": {"uv": [6, 4.25, 6.5, 4.5], "texture": "#0"}
			}
		},
		{
			"from": [9, 14, 4],
			"to": [11, 16, 8],
			"rotation": {"angle": -22.5, "axis": "y", "origin": [0, 0, 0]},
			"faces": {
				"north": {"uv": [3.875, 8.25, 4.375, 8.75], "texture": "#0"},
				"east": {"uv": [3.5, 8.25, 4.5, 8.75], "texture": "#0"},
				"south": {"uv": [3.5, 8.25, 4, 8.75], "texture": "#0"},
				"west": {"uv": [3.5, 8.25, 4.5, 8.75], "texture": "#0"},
				"up": {"uv": [3.875, 8.25, 4.375, 9.25], "texture": "#0"},
				"down": {"uv": [3.5, 8.25, 4, 9.25], "texture": "#0"}
			}
		},
		{
			"from": [7, 14, 6.5],
			"to": [8.5, 15.5, 8],
			"faces": {
				"north": {"uv": [0, 8.75, 0.375, 9.125], "texture": "#0"},
				"east": {"uv": [1.5, 8.75, 1.875, 9.125], "texture": "#0"},
				"south": {"uv": [0.375, 8.75, 0.75, 9.125], "texture": "#0"},
				"west": {"uv": [1.125, 8.75, 1.5, 9.125], "texture": "#0"},
				"up": {"uv": [0.75, 8.75, 1.125, 9.125], "texture": "#0"},
				"down": {"uv": [0.375, 8.75, 0.75, 9.125], "texture": "#0"}
			}
		},
		{
			"from": [7.5, 14, 5.5],
			"to": [8, 14.5, 6.5],
			"faces": {
				"north": {"uv": [3, 8.25, 3.125, 8.375], "texture": "#0"},
				"east": {"uv": [3.25, 8.25, 3, 8.375], "texture": "#0"},
				"south": {"uv": [0.875, 0.875, 1, 1], "texture": "#0"},
				"west": {"uv": [3, 8.25, 3.25, 8.375], "texture": "#0"},
				"up": {"uv": [3, 8.25, 3.125, 8.5], "texture": "#0"},
				"down": {"uv": [3, 8.25, 3.25, 8.375], "texture": "#0"}
			}
		},
		{
			"from": [8.5, 14, 3.5],
			"to": [9, 15, 5.5],
			"rotation": {"angle": -22.5, "axis": "y", "origin": [0, 0, 0]},
			"faces": {
				"north": {"uv": [4.25, 8.25, 4.375, 8.5], "texture": "#0"},
				"east": {"uv": [3.75, 8.375, 4.25, 8.625], "texture": "#0"},
				"south": {"uv": [3.75, 8.375, 3.875, 8.625], "texture": "#0"},
				"west": {"uv": [3.5, 8.375, 4, 8.625], "texture": "#0"},
				"up": {"uv": [4.125, 8.25, 4.25, 8.75], "texture": "#0"},
				"down": {"uv": [3.75, 8.375, 3.875, 8.875], "texture": "#0"}
			}
		},
		{
			"from": [11, 14, 3.5],
			"to": [11.5, 15, 5.5],
			"rotation": {"angle": -22.5, "axis": "y", "origin": [0, 0, 0]},
			"faces": {
				"north": {"uv": [3.75, 8.5, 3.875, 8.75], "texture": "#0"},
				"east": {"uv": [3.625, 8.375, 4.125, 8.625], "texture": "#0"},
				"south": {"uv": [3.625, 8.375, 3.75, 8.625], "texture": "#0"},
				"west": {"uv": [3.875, 8.375, 4.375, 8.625], "texture": "#0"},
				"up": {"uv": [3.75, 8.25, 3.875, 8.75], "texture": "#0"},
				"down": {"uv": [3.75, 8.375, 3.875, 8.875], "texture": "#0"}
			}
		},
		{
			"from": [6.5, 15, 7],
			"to": [7.5, 16, 7.5],
			"faces": {
				"north": {"uv": [3.25, 8.25, 3.5, 8.5], "texture": "#0"},
				"east": {"uv": [3.5, 8.25, 3.625, 8.5], "texture": "#0"},
				"south": {"uv": [3.5, 8.25, 3.75, 8.5], "texture": "#0"},
				"west": {"uv": [3.5, 8.25, 3.625, 8.5], "texture": "#0"},
				"up": {"uv": [3.5, 8.375, 3.75, 8.5], "texture": "#0"},
				"down": {"uv": [3.5, 8.25, 3.75, 8.375], "texture": "#0"}
			}
		},
		{
			"from": [8, 15, 7],
			"to": [9, 16, 7.5],
			"faces": {
				"north": {"uv": [3.25, 8.25, 3.5, 8.5], "texture": "#0"},
				"east": {"uv": [3.5, 8.25, 3.625, 8.5], "texture": "#0"},
				"south": {"uv": [3.5, 8.25, 3.75, 8.5], "texture": "#0"},
				"west": {"uv": [3.5, 8.25, 3.625, 8.5], "texture": "#0"},
				"up": {"uv": [3.5, 8.375, 3.75, 8.5], "texture": "#0"},
				"down": {"uv": [3.5, 8.25, 3.75, 8.375], "texture": "#0"}
			}
		},
		{
			"from": [0, 14, 12.5],
			"to": [2, 14.5, 13],
			"rotation": {"angle": 22.5, "axis": "y", "origin": [0, 0, 0]},
			"faces": {
				"north": {"uv": [0, 0, 0.5, 0.125], "texture": "#0"},
				"east": {"uv": [0, 0, 0.125, 0.125], "texture": "#0"},
				"south": {"uv": [0, 0, 0.5, 0.125], "texture": "#0"},
				"west": {"uv": [0, 0, 0.125, 0.125], "texture": "#0"},
				"up": {"uv": [0, 0, 0.125, 0.5], "rotation": 270, "texture": "#0"},
				"down": {"uv": [0, 0, 0.125, 0.5], "rotation": 90, "texture": "#0"}
			}
		},
		{
			"from": [8, 14, 8.75],
			"to": [9, 14.5, 9.25],
			"rotation": {"angle": -22.5, "axis": "y", "origin": [0, 0, 0]},
			"faces": {
				"north": {"uv": [0, 0, 0.25, 0.125], "texture": "#0"},
				"east": {"uv": [0, 0, 0.125, 0.125], "texture": "#0"},
				"south": {"uv": [0, 0, 0.25, 0.125], "texture": "#0"},
				"west": {"uv": [0, 0, 0.125, 0.125], "texture": "#0"},
				"up": {"uv": [0, 0, 0.125, 0.25], "rotation": 270, "texture": "#0"},
				"down": {"uv": [0, 0, 0.125, 0.25], "rotation": 90, "texture": "#0"}
			}
		},
		{
			"from": [-1, 14, 11],
			"to": [-0.5, 14.5, 12],
			"rotation": {"angle": 22.5, "axis": "y", "origin": [0, 0, 0]},
			"faces": {
				"north": {"uv": [0, 0, 0.125, 0.125], "texture": "#0"},
				"east": {"uv": [0, 0, 0.25, 0.125], "texture": "#0"},
				"south": {"uv": [0, 0, 0.125, 0.125], "texture": "#0"},
				"west": {"uv": [0, 0, 0.25, 0.125], "texture": "#0"},
				"up": {"uv": [0, 0, 0.125, 0.25], "texture": "#0"},
				"down": {"uv": [0, 0, 0.125, 0.25], "texture": "#0"}
			}
		},
		{
			"from": [13, 0, 0],
			"to": [16, 3, 3],
			"faces": {
				"north": {"uv": [1.25, 0.25, 2, 1], "texture": "#0"},
				"east": {"uv": [1.75, 0.375, 2.5, 1.125], "texture": "#0"},
				"south": {"uv": [0.25, 0.75, 1, 1.5], "texture": "#0"},
				"west": {"uv": [0.75, 0.375, 1.5, 1.125], "texture": "#0"},
				"up": {"uv": [1.5, 1, 2.25, 1.75], "texture": "#0"},
				"down": {"uv": [0.875, 0.875, 1.625, 1.625], "texture": "#0"}
			}
		}
	],
	"display": {
		"gui": {
			"rotation": [0, 160, 0],
			"translation": [0.25, -1.5, 0],
			"scale": [0.79, 0.79, 0.79]
		},
		"fixed": {
			"rotation": [-90, 0, 0],
			"translation": [0, 0, -24.75],
			"scale": [2.67, 3.03, 2.67]
		}
	},
	"groups": [
		0,
		1,
		2,
		3,
		{
			"name": "Top",
			"origin": [0, 0, 0],
			"color": 0,
			"children": [4, 5, 6, 7]
		},
		{
			"name": "Rat",
			"origin": [0, 0, 0],
			"color": 0,
			"children": [
				8,
				9,
				10,
				11,
				12,
				13,
				14,
				{
					"name": "Tail",
					"origin": [0, 0, 0],
					"color": 0,
					"children": [15, 16, 17]
				}
			]
		},
		18
	]
}