{
	"credit": "Made with Blockbench",
	"textures": {
		"0": "models/treesticks/stick1",
		"1": "models/treesticks/stick2",
		"2": "models/treesticks/stick3",
		"3": "models/treesticks/stick4",
		"4": "models/treesticks/strap1",
		"5": "models/treesticks/strap2",
		"6": "models/treesticks/strap3",
		"7": "models/treesticks/strap4",
		"particle": "models/treesticks/stick1"
	},
	"elements": [
		{
			"from": [-2, 0, 16],
			"to": [0, 23, 18],
			"faces": {
				"north": {"uv": [0, 0, 1, 11.5], "texture": "#0"},
				"east": {"uv": [1, 0, 2, 11.5], "texture": "#0"},
				"south": {"uv": [2, 0, 3, 11.5], "texture": "#0"},
				"west": {"uv": [3, 0, 4, 11.5], "texture": "#0"},
				"up": {"uv": [5, 1, 4, 0], "texture": "#0"},
				"down": {"uv": [5, 1, 4, 2], "texture": "#0"}
			}
		},
		{
			"from": [-2, 0, -2],
			"to": [0, 24, 0],
			"faces": {
				"north": {"uv": [0, 0, 1, 12], "texture": "#3"},
				"east": {"uv": [1, 0, 2, 12], "texture": "#3"},
				"south": {"uv": [2, 0, 3, 12], "texture": "#3"},
				"west": {"uv": [3, 0, 4, 12], "texture": "#3"},
				"up": {"uv": [5, 1, 4, 0], "texture": "#3"},
				"down": {"uv": [5, 1, 4, 2], "texture": "#3"}
			}
		},
		{
			"from": [16, 0, -2],
			"to": [18, 22, 0],
			"faces": {
				"north": {"uv": [0, 0, 1, 11], "texture": "#2"},
				"east": {"uv": [1, 0, 2, 11], "texture": "#2"},
				"south": {"uv": [2, 0, 3, 11], "texture": "#2"},
				"west": {"uv": [3, 0, 4, 11], "texture": "#2"},
				"up": {"uv": [5, 1, 4, 0], "texture": "#2"},
				"down": {"uv": [5, 1, 4, 2], "texture": "#2"}
			}
		},
		{
			"from": [0, 16, -1],
			"to": [16, 18, -1],
			"faces": {
				"north": {"uv": [0, 0, 16, 2], "texture": "#6"},
				"east": {"uv": [0, 0, 0, 2], "texture": "#6"},
				"south": {"uv": [0, 2, 16, 4], "texture": "#6"},
				"west": {"uv": [0, 0, 0, 2], "texture": "#6"},
				"up": {"uv": [16, 0, 0, 0], "texture": "#6"},
				"down": {"uv": [16, 0, 0, 0], "texture": "#6"}
			}
		},
		{
			"from": [0, 16, 17],
			"to": [16, 18, 17],
			"faces": {
				"north": {"uv": [0, 0, 16, 2], "texture": "#4"},
				"east": {"uv": [0, 0, 0, 2], "texture": "#4"},
				"south": {"uv": [0, 2, 16, 4], "texture": "#4"},
				"west": {"uv": [0, 0, 0, 2], "texture": "#4"},
				"up": {"uv": [16, 0, 0, 0], "texture": "#4"},
				"down": {"uv": [16, 0, 0, 0], "texture": "#4"}
			}
		},
		{
			"from": [16, 0, 16],
			"to": [18, 24, 18],
			"faces": {
				"north": {"uv": [0, 0, 1, 12], "texture": "#1"},
				"east": {"uv": [1, 0, 2, 12], "texture": "#1"},
				"south": {"uv": [2, 0, 3, 12], "texture": "#1"},
				"west": {"uv": [3, 0, 4, 12], "texture": "#1"},
				"up": {"uv": [5, 1, 4, 0], "texture": "#1"},
				"down": {"uv": [5, 1, 4, 2], "texture": "#1"}
			}
		},
		{
			"from": [-1, 16, 0],
			"to": [-1, 18, 16],
			"faces": {
				"north": {"uv": [0, 0, 0, 2], "texture": "#7"},
				"east": {"uv": [0, 0, 16, 2], "texture": "#7"},
				"south": {"uv": [0, 0, 0, 2], "texture": "#7"},
				"west": {"uv": [0, 2, 16, 4], "texture": "#7"},
				"up": {"uv": [0, 16, 0, 0], "texture": "#7"},
				"down": {"uv": [0, 0, 0, 16], "texture": "#7"}
			}
		},
		{
			"from": [17, 16, 0],
			"to": [17, 18, 16],
			"faces": {
				"north": {"uv": [0, 0, 0, 2], "texture": "#5"},
				"east": {"uv": [0, 0, 16, 2], "texture": "#5"},
				"south": {"uv": [0, 0, 0, 2], "texture": "#5"},
				"west": {"uv": [0, 2, 16, 4], "texture": "#5"},
				"up": {"uv": [0, 16, 0, 0], "texture": "#5"},
				"down": {"uv": [0, 0, 0, 16], "texture": "#5"}
			}
		}
	],
	"display": {
		"head": {
			"translation": [0, -32.25, 0],
			"scale": [1.08, 1.5, 1.08]
		}
	}
}