{
	"credit": "Made with Blockbench",
	"texture_size": [8, 8],
	"textures": {
		"0": "models/woman2npc/base",
		"1": "models/woman2npc/head",
		"3": "models/woman2npc/rightarm",
		"4": "models/woman2npc/layer1",
		"5": "models/woman2npc/layer2",
		"6": "models/woman2npc/layer3",
		"7": "models/woman2npc/layer4",
		"8": "models/woman2npc/layer5",
		"particle": "models/woman2npc/base"
	},
	"elements": [
		{
			"from": [-2, 20, -10],
			"to": [2, 23, 1],
			"rotation": {"angle": 22.5, "axis": "x", "origin": [0, 0, 0]},
			"faces": {
				"north": {"uv": [4, 4, 6, 6], "rotation": 180, "texture": "#3"},
				"east": {"uv": [0, 2, 6, 4], "rotation": 180, "texture": "#3"},
				"south": {"uv": [6, 0, 8, 2], "rotation": 180, "texture": "#3"},
				"west": {"uv": [0, 0, 6, 2], "rotation": 180, "texture": "#3"},
				"up": {"uv": [4, 4, 2, 10], "rotation": 180, "texture": "#3"},
				"down": {"uv": [2, 10, 0, 4], "rotation": 180, "texture": "#3"}
			}
		},
		{
			"from": [-2, 1, 23],
			"to": [2, 12, 26],
			"rotation": {"angle": -22.5, "axis": "x", "origin": [0, 0, 0]},
			"faces": {
				"north": {"uv": [4, 4, 2, 10], "rotation": 180, "texture": "#3"},
				"east": {"uv": [0, 0, 6, 2], "rotation": 270, "texture": "#3"},
				"south": {"uv": [2, 10, 0, 4], "texture": "#3"},
				"west": {"uv": [0, 2, 6, 4], "rotation": 90, "texture": "#3"},
				"up": {"uv": [4, 4, 6, 6], "rotation": 180, "texture": "#3"},
				"down": {"uv": [6, 0, 8, 2], "texture": "#3"}
			}
		},
		{
			"from": [-2, -1, 9],
			"to": [2, 21, 17],
			"faces": {
				"north": {"uv": [8, 0, 10, 11], "texture": "#0"},
				"east": {"uv": [0, 0, 4, 11], "texture": "#0"},
				"south": {"uv": [10, 0, 12, 11], "texture": "#0"},
				"west": {"uv": [4, 0, 8, 11], "texture": "#0"},
				"up": {"uv": [2, 15, 0, 11], "texture": "#0"},
				"down": {"uv": [4, 11, 2, 15], "texture": "#0"}
			}
		},
		{
			"from": [-4, 21, 9],
			"to": [4, 29, 17],
			"faces": {
				"north": {"uv": [0, 0, 4, 4], "texture": "#1"},
				"east": {"uv": [0, 4, 4, 8], "texture": "#1"},
				"south": {"uv": [4, 0, 8, 4], "texture": "#1"},
				"west": {"uv": [4, 4, 8, 8], "texture": "#1"},
				"up": {"uv": [4, 12, 0, 8], "texture": "#1"},
				"down": {"uv": [12, 0, 8, 4], "texture": "#1"}
			}
		},
		{
			"from": [-3, 23, -6],
			"to": [3, 25, 0],
			"faces": {
				"north": {"uv": [6, 0, 12, 2], "texture": "#4"},
				"east": {"uv": [6, 2, 12, 4], "texture": "#4"},
				"south": {"uv": [6, 4, 12, 6], "texture": "#4"},
				"west": {"uv": [6, 6, 12, 8], "texture": "#4"},
				"up": {"uv": [6, 6, 0, 0], "texture": "#4"},
				"down": {"uv": [6, 6, 0, 12], "texture": "#4"}
			}
		},
		{
			"from": [-4, 25, -7],
			"to": [4, 28, 1],
			"faces": {
				"north": {"uv": [8, 0, 16, 3], "texture": "#5"},
				"east": {"uv": [8, 3, 16, 6], "texture": "#5"},
				"south": {"uv": [8, 6, 16, 9], "texture": "#5"},
				"west": {"uv": [8, 9, 16, 12], "texture": "#5"},
				"up": {"uv": [8, 8, 0, 0], "texture": "#5"},
				"down": {"uv": [8, 8, 0, 16], "texture": "#5"}
			}
		},
		{
			"from": [-3, 28, -6],
			"to": [3, 30, 0],
			"faces": {
				"north": {"uv": [6, 0, 12, 2], "texture": "#6"},
				"east": {"uv": [6, 2, 12, 4], "texture": "#6"},
				"south": {"uv": [6, 4, 12, 6], "texture": "#6"},
				"west": {"uv": [6, 6, 12, 8], "texture": "#6"},
				"up": {"uv": [6, 6, 0, 0], "texture": "#6"},
				"down": {"uv": [6, 6, 0, 12], "texture": "#6"}
			}
		},
		{
			"from": [-2, 30, -5],
			"to": [2, 31, -1],
			"faces": {
				"north": {"uv": [8, 0, 16, 2], "texture": "#7"},
				"east": {"uv": [8, 2, 16, 4], "texture": "#7"},
				"south": {"uv": [8, 4, 16, 6], "texture": "#7"},
				"west": {"uv": [8, 6, 16, 8], "texture": "#7"},
				"up": {"uv": [8, 8, 0, 0], "texture": "#7"},
				"down": {"uv": [8, 8, 0, 16], "texture": "#7"}
			}
		},
		{
			"from": [-1, 31, -4],
			"to": [1, 32, -2],
			"faces": {
				"north": {"uv": [4, 0, 8, 2], "texture": "#8"},
				"east": {"uv": [4, 2, 8, 4], "texture": "#8"},
				"south": {"uv": [4, 4, 8, 6], "texture": "#8"},
				"west": {"uv": [4, 6, 8, 8], "texture": "#8"},
				"up": {"uv": [4, 4, 0, 0], "texture": "#8"},
				"down": {"uv": [4, 4, 0, 8], "texture": "#8"}
			}
		}
	],
	"display": {
		"head": {
			"rotation": [0, -90, 0],
			"translation": [-16, -9, 30.25],
			"scale": [3.99, 4, 4]
		}
	}
}