{
	"credit": "Made with Blockbench",
	"texture_size": [8, 8],
	"textures": {
		"0": "models/womannpc/base",
		"1": "models/womannpc/head",
		"3": "models/womannpc/rightarm",
		"4": "models/womannpc/tnt",
		"particle": "base"
	},
	"elements": [
		{
			"from": [-2, 16, -4],
			"to": [9, 19, 0],
			"rotation": {"angle": 22.5, "axis": "z", "origin": [0, 0, 0]},
			"faces": {
				"north": {"uv": [0, 0, 6, 2], "rotation": 180, "texture": "#3"},
				"east": {"uv": [4, 4, 6, 6], "rotation": 180, "texture": "#3"},
				"south": {"uv": [0, 2, 6, 4], "rotation": 180, "texture": "#3"},
				"west": {"uv": [6, 0, 8, 2], "rotation": 180, "texture": "#3"},
				"up": {"uv": [4, 4, 2, 10], "rotation": 270, "texture": "#3"},
				"down": {"uv": [2, 10, 0, 4], "rotation": 90, "texture": "#3"}
			}
		},
		{
			"from": [-2, 10, 8],
			"to": [2, 21, 11],
			"faces": {
				"north": {"uv": [4, 4, 2, 10], "rotation": 180, "texture": "#3"},
				"east": {"uv": [0, 0, 6, 2], "rotation": 270, "texture": "#3"},
				"south": {"uv": [2, 10, 0, 4], "texture": "#3"},
				"west": {"uv": [0, 2, 6, 4], "rotation": 90, "texture": "#3"},
				"up": {"uv": [4, 4, 6, 6], "rotation": 180, "texture": "#3"},
				"down": {"uv": [6, 0, 8, 2], "texture": "#3"}
			}
		},
		{
			"from": [-2, -1, 0],
			"to": [2, 21, 8],
			"faces": {
				"north": {"uv": [8, 0, 10, 11], "texture": "#0"},
				"east": {"uv": [0, 0, 4, 11], "texture": "#0"},
				"south": {"uv": [10, 0, 12, 11], "texture": "#0"},
				"west": {"uv": [4, 0, 8, 11], "texture": "#0"},
				"up": {"uv": [2, 15, 0, 11], "texture": "#0"},
				"down": {"uv": [4, 11, 2, 15], "texture": "#0"}
			}
		},
		{
			"from": [-4, 21, 0],
			"to": [4, 29, 8],
			"faces": {
				"north": {"uv": [0, 0, 4, 4], "texture": "#1"},
				"east": {"uv": [0, 4, 4, 8], "texture": "#1"},
				"south": {"uv": [4, 0, 8, 4], "texture": "#1"},
				"west": {"uv": [4, 4, 8, 8], "texture": "#1"},
				"up": {"uv": [4, 12, 0, 8], "texture": "#1"},
				"down": {"uv": [12, 0, 8, 4], "texture": "#1"}
			}
		},
		{
			"from": [-13, 11, -5],
			"to": [-7, 17, 1],
			"faces": {
				"north": {"uv": [0, 0, 4, 4], "texture": "#4"},
				"east": {"uv": [0, 4, 4, 8], "texture": "#4"},
				"south": {"uv": [4, 0, 8, 4], "texture": "#4"},
				"west": {"uv": [4, 4, 8, 8], "texture": "#4"},
				"up": {"uv": [4, 12, 0, 8], "texture": "#4"},
				"down": {"uv": [12, 0, 8, 4], "texture": "#4"}
			}
		}
	],
	"display": {
		"head": {
			"rotation": [0, -90, 0],
			"translation": [-16, -9, 30.25],
			"scale": [3.99, 4, 4]
		}
	}
}