{
	"credit": "Made with Blockbench",
	"texture_size": [896, 768],
	"textures": {
		"40": "models/yellowconvertible/yellowconvertible"
	},
	"elements": [
		{
			"from": [-6, 0, 16],
			"to": [0, 8, 24],
			"faces": {
				"north": {"uv": [2.85714, 8, 3.28571, 8.66667], "texture": "#40"},
				"east": {"uv": [2.28571, 8, 2.85714, 8.66667], "texture": "#40"},
				"south": {"uv": [2.85714, 8.66667, 3.28571, 9.33333], "texture": "#40"},
				"west": {"uv": [2.28571, 8.66667, 2.85714, 9.33333], "texture": "#40"},
				"up": {"uv": [3.71429, 8.66667, 3.28571, 8], "texture": "#40"},
				"down": {"uv": [3.71429, 8.66667, 3.28571, 9.33333], "texture": "#40"}
			}
		},
		{
			"from": [-6, 0, -9],
			"to": [0, 8, -1],
			"faces": {
				"north": {"uv": [2.85714, 8, 3.28571, 8.66667], "texture": "#40"},
				"east": {"uv": [2.28571, 8, 2.85714, 8.66667], "texture": "#40"},
				"south": {"uv": [2.85714, 8.66667, 3.28571, 9.33333], "texture": "#40"},
				"west": {"uv": [2.28571, 8.66667, 2.85714, 9.33333], "texture": "#40"},
				"up": {"uv": [3.71429, 8.66667, 3.28571, 8], "texture": "#40"},
				"down": {"uv": [3.71429, 8.66667, 3.28571, 9.33333], "texture": "#40"}
			}
		},
		{
			"from": [16, 0, 16],
			"to": [22, 8, 24],
			"faces": {
				"north": {"uv": [2.85714, 8, 3.28571, 8.66667], "texture": "#40"},
				"east": {"uv": [2.28571, 8, 2.85714, 8.66667], "texture": "#40"},
				"south": {"uv": [2.85714, 8.66667, 3.28571, 9.33333], "texture": "#40"},
				"west": {"uv": [2.28571, 8.66667, 2.85714, 9.33333], "texture": "#40"},
				"up": {"uv": [3.71429, 8.66667, 3.28571, 8], "texture": "#40"},
				"down": {"uv": [3.71429, 8.66667, 3.28571, 9.33333], "texture": "#40"}
			}
		},
		{
			"from": [16, 0, -9],
			"to": [22, 8, -1],
			"faces": {
				"north": {"uv": [2.85714, 8, 3.28571, 8.66667], "texture": "#40"},
				"east": {"uv": [2.28571, 8, 2.85714, 8.66667], "texture": "#40"},
				"south": {"uv": [2.85714, 8.66667, 3.28571, 9.33333], "texture": "#40"},
				"west": {"uv": [2.28571, 8.66667, 2.85714, 9.33333], "texture": "#40"},
				"up": {"uv": [3.71429, 8.66667, 3.28571, 8], "texture": "#40"},
				"down": {"uv": [3.71429, 8.66667, 3.28571, 9.33333], "texture": "#40"}
			}
		},
		{
			"from": [-6, 4, -14.5],
			"to": [22, 12, -9.5],
			"faces": {
				"north": {"uv": [13.71429, 10.66667, 14.71429, 11], "texture": "#40"},
				"east": {"uv": [13.71429, 11.75, 13.89286, 12.08333], "texture": "#40"},
				"south": {"uv": [13.71429, 11, 14.71429, 11.33333], "texture": "#40"},
				"west": {"uv": [13.89286, 11.75, 14.07143, 12.08333], "texture": "#40"},
				"up": {"uv": [14.71429, 11.54167, 13.71429, 11.33333], "texture": "#40"},
				"down": {"uv": [14.71429, 11.54167, 13.71429, 11.75], "texture": "#40"}
			}
		},
		{
			"name": "Grill",
			"from": [0, 7, -15],
			"to": [15, 11, -14],
			"faces": {
				"north": {"uv": [9.14286, 2.66667, 11.28571, 3.33333], "texture": "#40"},
				"east": {"uv": [9.14286, 4.33333, 9.28571, 5], "texture": "#40"},
				"south": {"uv": [9.14286, 3.33333, 11.28571, 4], "texture": "#40"},
				"west": {"uv": [9.28571, 4.33333, 9.42857, 5], "texture": "#40"},
				"up": {"uv": [11.28571, 4.16667, 9.14286, 4], "texture": "#40"},
				"down": {"uv": [11.28571, 4.16667, 9.14286, 4.33333], "texture": "#40"}
			}
		},
		{
			"from": [-6.5, 7, -15],
			"to": [-2.5, 11, -11],
			"faces": {
				"north": {"uv": [6.85714, 2.66667, 7.42857, 3.33333], "texture": "#40"},
				"east": {"uv": [6.85714, 3.33333, 7.42857, 4], "texture": "#40"},
				"south": {"uv": [7.42857, 2.66667, 8, 3.33333], "texture": "#40"},
				"west": {"uv": [7.42857, 3.33333, 8, 4], "texture": "#40"},
				"up": {"uv": [7.42857, 4.66667, 6.85714, 4], "texture": "#40"},
				"down": {"uv": [8.57143, 2.66667, 8, 3.33333], "texture": "#40"}
			}
		},
		{
			"from": [18.5, 7, -15],
			"to": [22.5, 11, -11],
			"faces": {
				"north": {"uv": [4.57143, 2.66667, 5.14286, 3.33333], "texture": "#40"},
				"east": {"uv": [4.57143, 3.33333, 5.14286, 4], "texture": "#40"},
				"south": {"uv": [5.14286, 2.66667, 5.71429, 3.33333], "texture": "#40"},
				"west": {"uv": [5.14286, 3.33333, 5.71429, 4], "texture": "#40"},
				"up": {"uv": [5.14286, 4.66667, 4.57143, 4], "texture": "#40"},
				"down": {"uv": [6.28571, 2.66667, 5.71429, 3.33333], "texture": "#40"}
			}
		},
		{
			"from": [-6, 9, -9.5],
			"to": [22, 12, -0.5],
			"faces": {
				"north": {"uv": [11.42857, 6.83333, 13.42857, 7.08333], "texture": "#40"},
				"east": {"uv": [11.42857, 7.33333, 12.07143, 7.58333], "texture": "#40"},
				"south": {"uv": [11.42857, 7.08333, 13.42857, 7.33333], "texture": "#40"},
				"west": {"uv": [12.07143, 7.33333, 12.71429, 7.58333], "texture": "#40"},
				"up": {"uv": [13.42857, 6.08333, 11.42857, 5.33333], "texture": "#40"},
				"down": {"uv": [13.42857, 6.08333, 11.42857, 6.83333], "texture": "#40"}
			}
		},
		{
			"from": [-6, 4, -0.5],
			"to": [22, 12, 1.5],
			"faces": {
				"north": {"uv": [2.28571, 10.66667, 4.28571, 11.33333], "texture": "#40"},
				"east": {"uv": [2.28571, 12.33333, 2.42857, 13], "texture": "#40"},
				"south": {"uv": [2.28571, 11.33333, 4.28571, 12], "texture": "#40"},
				"west": {"uv": [2.42857, 12.33333, 2.57143, 13], "texture": "#40"},
				"up": {"uv": [4.28571, 12.16667, 2.28571, 12], "texture": "#40"},
				"down": {"uv": [4.28571, 12.16667, 2.28571, 12.33333], "texture": "#40"}
			}
		},
		{
			"from": [-6, 4, 1.5],
			"to": [22, 6, 13.5],
			"faces": {
				"north": {"uv": [0, 14.33333, 1, 14.41667], "texture": "#40"},
				"east": {"uv": [0, 14.5, 0.42857, 14.58333], "texture": "#40"},
				"south": {"uv": [0, 14.41667, 1, 14.5], "texture": "#40"},
				"west": {"uv": [1, 13.33333, 1.42857, 13.41667], "texture": "#40"},
				"up": {"uv": [1, 13.83333, 0, 13.33333], "texture": "#40"},
				"down": {"uv": [1, 13.83333, 0, 14.33333], "texture": "#40"}
			}
		},
		{
			"from": [-6, 4, 13.5],
			"to": [22, 12, 15.5],
			"faces": {
				"north": {"uv": [4.57143, 10.66667, 6.57143, 11.33333], "texture": "#40"},
				"east": {"uv": [4.57143, 12.33333, 4.71429, 13], "texture": "#40"},
				"south": {"uv": [4.57143, 11.33333, 6.57143, 12], "texture": "#40"},
				"west": {"uv": [4.71429, 12.33333, 4.85714, 13], "texture": "#40"},
				"up": {"uv": [6.57143, 12.16667, 4.57143, 12], "texture": "#40"},
				"down": {"uv": [6.57143, 12.16667, 4.57143, 12.33333], "texture": "#40"}
			}
		},
		{
			"from": [-6, 9, 15.5],
			"to": [22, 12, 24.5],
			"faces": {
				"north": {"uv": [9.14286, 12.16667, 11.14286, 12.41667], "texture": "#40"},
				"east": {"uv": [9.14286, 12.66667, 9.78571, 12.91667], "texture": "#40"},
				"south": {"uv": [9.14286, 12.41667, 11.14286, 12.66667], "texture": "#40"},
				"west": {"uv": [9.78571, 12.66667, 10.42857, 12.91667], "texture": "#40"},
				"up": {"uv": [11.14286, 11.41667, 9.14286, 10.66667], "texture": "#40"},
				"down": {"uv": [11.14286, 11.41667, 9.14286, 12.16667], "texture": "#40"}
			}
		},
		{
			"from": [-6, 4, 24.5],
			"to": [22, 12, 29.5],
			"faces": {
				"north": {"uv": [2.28571, 13.33333, 3.28571, 13.66667], "texture": "#40"},
				"east": {"uv": [2.28571, 14.41667, 2.46429, 14.75], "texture": "#40"},
				"south": {"uv": [2.28571, 13.66667, 3.28571, 14], "texture": "#40"},
				"west": {"uv": [2.46429, 14.41667, 2.64286, 14.75], "texture": "#40"},
				"up": {"uv": [3.28571, 14.20833, 2.28571, 14], "texture": "#40"},
				"down": {"uv": [3.28571, 14.20833, 2.28571, 14.41667], "texture": "#40"}
			}
		},
		{
			"name": "L-Door",
			"from": [-5.5, 6, 1.5],
			"to": [-3.5, 12, 13.5],
			"faces": {
				"north": {"uv": [4.71429, 9, 4.85714, 9.5], "texture": "#40"},
				"east": {"uv": [4.57143, 8, 5.42857, 8.5], "texture": "#40"},
				"south": {"uv": [4.85714, 9, 5, 9.5], "texture": "#40"},
				"west": {"uv": [4.57143, 8.5, 5.42857, 9], "texture": "#40"},
				"up": {"uv": [4.71429, 10, 4.57143, 9], "texture": "#40"},
				"down": {"uv": [5.57143, 8, 5.42857, 9], "texture": "#40"}
			}
		},
		{
			"name": "L-Door",
			"from": [19.5, 6, 1.5],
			"to": [21.5, 12, 13.5],
			"faces": {
				"north": {"uv": [4.71429, 9, 4.85714, 9.5], "texture": "#40"},
				"east": {"uv": [4.57143, 8, 5.42857, 8.5], "texture": "#40"},
				"south": {"uv": [4.85714, 9, 5, 9.5], "texture": "#40"},
				"west": {"uv": [4.57143, 8.5, 5.42857, 9], "texture": "#40"},
				"up": {"uv": [4.71429, 10, 4.57143, 9], "texture": "#40"},
				"down": {"uv": [5.57143, 8, 5.42857, 9], "texture": "#40"}
			}
		},
		{
			"from": [-6, 11, -5.5],
			"to": [-4, 21, -3.5],
			"rotation": {"angle": 22.5, "axis": "x", "origin": [0, 0, 0]},
			"faces": {
				"north": {"uv": [11.42857, 2.66667, 11.71429, 4.33333], "texture": "#40"},
				"east": {"uv": [11.71429, 2.66667, 12, 4.33333], "texture": "#40"},
				"south": {"uv": [12, 2.66667, 12.28571, 4.33333], "texture": "#40"},
				"west": {"uv": [12.28571, 2.66667, 12.57143, 4.33333], "texture": "#40"},
				"up": {"uv": [12.85714, 3, 12.57143, 2.66667], "texture": "#40"},
				"down": {"uv": [12.85714, 3, 12.57143, 3.33333], "texture": "#40"}
			}
		},
		{
			"from": [-4, 19, -4.5],
			"to": [20, 21, -4.5],
			"rotation": {"angle": 22.5, "axis": "x", "origin": [0, 0, 0]},
			"faces": {
				"north": {"uv": [0, 0, 0.125, 0.02083], "texture": "#missing"},
				"east": {"uv": [0, 0, 0.01786, 0.02083], "texture": "#missing"},
				"south": {"uv": [0, 0, 0.125, 0.02083], "texture": "#missing"},
				"west": {"uv": [0, 0, 0.01786, 0.02083], "texture": "#missing"},
				"up": {"uv": [0, 0, 0.10714, 0.02083], "texture": "#missing"},
				"down": {"uv": [0, 0, 0.13393, 0.02083], "texture": "#missing"}
			}
		},
		{
			"from": [-4, 19, -5.5],
			"to": [20, 21, -3.5],
			"rotation": {"angle": 22.5, "axis": "x", "origin": [0, 0, 0]},
			"faces": {
				"north": {"uv": [0, 10.66667, 1.71429, 10.83333], "texture": "#40"},
				"east": {"uv": [0, 11.33333, 0.14286, 11.5], "texture": "#40"},
				"south": {"uv": [0, 10.83333, 1.71429, 11], "texture": "#40"},
				"west": {"uv": [0.14286, 11.33333, 0.28571, 11.5], "texture": "#40"},
				"up": {"uv": [1.71429, 11.16667, 0, 11], "texture": "#40"},
				"down": {"uv": [1.71429, 11.16667, 0, 11.33333], "texture": "#40"}
			}
		},
		{
			"from": [20, 11, -5.5],
			"to": [22, 21, -3.5],
			"rotation": {"angle": 22.5, "axis": "x", "origin": [0, 0, 0]},
			"faces": {
				"north": {"uv": [13.71429, 2.66667, 14, 4.33333], "texture": "#40"},
				"east": {"uv": [14, 2.66667, 14.28571, 4.33333], "texture": "#40"},
				"south": {"uv": [14.28571, 2.66667, 14.57143, 4.33333], "texture": "#40"},
				"west": {"uv": [14.57143, 2.66667, 14.85714, 4.33333], "texture": "#40"},
				"up": {"uv": [15.14286, 3, 14.85714, 2.66667], "texture": "#40"},
				"down": {"uv": [15.14286, 3, 14.85714, 3.33333], "texture": "#40"}
			}
		},
		{
			"from": [-2, 8, 12],
			"to": [7, 18, 14],
			"faces": {
				"north": {"uv": [11.42857, 8, 12.07143, 8.83333], "texture": "#40"},
				"east": {"uv": [11.42857, 8.83333, 11.57143, 9.66667], "texture": "#40"},
				"south": {"uv": [12.07143, 8, 12.71429, 8.83333], "texture": "#40"},
				"west": {"uv": [11.57143, 8.83333, 11.71429, 9.66667], "texture": "#40"},
				"up": {"uv": [12.35714, 9, 11.71429, 8.83333], "texture": "#40"},
				"down": {"uv": [12.35714, 9, 11.71429, 9.16667], "texture": "#40"}
			}
		},
		{
			"from": [9, 8, 12],
			"to": [18, 18, 14],
			"faces": {
				"north": {"uv": [11.42857, 8, 12.07143, 8.83333], "texture": "#40"},
				"east": {"uv": [11.42857, 8.83333, 11.57143, 9.66667], "texture": "#40"},
				"south": {"uv": [12.07143, 8, 12.71429, 8.83333], "texture": "#40"},
				"west": {"uv": [11.57143, 8.83333, 11.71429, 9.66667], "texture": "#40"},
				"up": {"uv": [12.35714, 9, 11.71429, 8.83333], "texture": "#40"},
				"down": {"uv": [12.35714, 9, 11.71429, 9.16667], "texture": "#40"}
			}
		},
		{
			"from": [0, 11, -14],
			"to": [15, 13, 1],
			"faces": {
				"north": {"uv": [9.14286, 6.83333, 10.21429, 7], "texture": "#40"},
				"east": {"uv": [9.14286, 6.66667, 10.28571, 6.83333], "texture": "#40"},
				"south": {"uv": [10.21429, 6.83333, 11.28571, 7], "texture": "#40"},
				"west": {"uv": [10.28571, 6.66667, 11.42857, 6.83333], "texture": "#40"},
				"up": {"uv": [10.21429, 6.66667, 9.14286, 5.33333], "texture": "#40"},
				"down": {"uv": [11.28571, 5.33333, 10.21429, 6.66667], "texture": "#40"}
			}
		},
		{
			"from": [-5, 0, 22],
			"to": [-3, 4, 31],
			"rotation": {"angle": -22.5, "axis": "x", "origin": [0, 0, 0]},
			"faces": {
				"north": {"uv": [12.21429, 10.66667, 12.35714, 11.33333], "texture": "#40"},
				"east": {"uv": [11.42857, 10.66667, 12.07143, 11.33333], "texture": "#40"},
				"south": {"uv": [12.21429, 11.33333, 12.35714, 12], "texture": "#40"},
				"west": {"uv": [11.42857, 11.33333, 12.07143, 12], "texture": "#40"},
				"up": {"uv": [12.21429, 11.41667, 12.07143, 10.66667], "texture": "#40"},
				"down": {"uv": [12.21429, 11.41667, 12.07143, 12.16667], "texture": "#40"}
			}
		},
		{
			"from": [19, 0, 22],
			"to": [21, 4, 31],
			"rotation": {"angle": -22.5, "axis": "x", "origin": [0, 0, 0]},
			"faces": {
				"north": {"uv": [12.21429, 10.66667, 12.35714, 11.33333], "texture": "#40"},
				"east": {"uv": [11.42857, 10.66667, 12.07143, 11.33333], "texture": "#40"},
				"south": {"uv": [12.21429, 11.33333, 12.35714, 12], "texture": "#40"},
				"west": {"uv": [11.42857, 11.33333, 12.07143, 12], "texture": "#40"},
				"up": {"uv": [12.21429, 11.41667, 12.07143, 10.66667], "texture": "#40"},
				"down": {"uv": [12.21429, 11.41667, 12.07143, 12.16667], "texture": "#40"}
			}
		},
		{
			"from": [0, 11, 14],
			"to": [15, 13, 29],
			"faces": {
				"north": {"uv": [5.64286, 13.33333, 6.71429, 13.5], "texture": "#40"},
				"east": {"uv": [5.64286, 13.5, 6.71429, 13.66667], "texture": "#40"},
				"south": {"uv": [5.64286, 13.66667, 6.71429, 13.83333], "texture": "#40"},
				"west": {"uv": [5.64286, 13.83333, 6.71429, 14], "texture": "#40"},
				"up": {"uv": [5.64286, 14.58333, 4.57143, 13.33333], "texture": "#40"},
				"down": {"uv": [5.64286, 14.58333, 4.57143, 15.83333], "texture": "#40"}
			}
		},
		{
			"from": [1.5, 7, 8],
			"to": [2.5, 9, 9],
			"rotation": {"angle": -22.5, "axis": "x", "origin": [0, 0, 0]},
			"faces": {
				"north": {"uv": [2.28571, 2.66667, 2.85714, 4], "texture": "#40"},
				"east": {"uv": [2.85714, 2.66667, 3.42857, 4], "texture": "#40"},
				"south": {"uv": [2.28571, 4, 2.85714, 5.33333], "texture": "#40"},
				"west": {"uv": [3.42857, 2.66667, 4, 4], "texture": "#40"},
				"up": {"uv": [3.42857, 4.66667, 2.85714, 4], "texture": "#40"},
				"down": {"uv": [4, 4, 3.42857, 4.66667], "texture": "#40"}
			}
		},
		{
			"from": [1.5, 11, 8],
			"to": [2.5, 13, 9],
			"rotation": {"angle": -22.5, "axis": "x", "origin": [0, 0, 0]},
			"faces": {
				"north": {"uv": [2.28571, 2.66667, 2.85714, 4], "texture": "#40"},
				"east": {"uv": [2.85714, 2.66667, 3.42857, 4], "texture": "#40"},
				"south": {"uv": [2.28571, 4, 2.85714, 5.33333], "texture": "#40"},
				"west": {"uv": [3.42857, 2.66667, 4, 4], "texture": "#40"},
				"up": {"uv": [3.42857, 4.66667, 2.85714, 4], "texture": "#40"},
				"down": {"uv": [4, 4, 3.42857, 4.66667], "texture": "#40"}
			}
		},
		{
			"from": [3, 9.5, 8],
			"to": [5.5, 10.5, 9],
			"rotation": {"angle": -22.5, "axis": "x", "origin": [0, 0, 0]},
			"faces": {
				"north": {"uv": [2.28571, 0, 3.71429, 0.66667], "texture": "#40"},
				"east": {"uv": [4, 0, 4.57143, 0.66667], "texture": "#40"},
				"south": {"uv": [2.28571, 0.66667, 3.71429, 1.33333], "texture": "#40"},
				"west": {"uv": [4, 0.66667, 4.57143, 1.33333], "texture": "#40"},
				"up": {"uv": [3.71429, 2, 2.28571, 1.33333], "texture": "#40"},
				"down": {"uv": [3.71429, 2, 2.28571, 2.66667], "texture": "#40"}
			}
		},
		{
			"from": [-1.5, 9.5, 8],
			"to": [1, 10.5, 9],
			"rotation": {"angle": -22.5, "axis": "x", "origin": [0, 0, 0]},
			"faces": {
				"north": {"uv": [0, 0, 1.42857, 0.66667], "texture": "#40"},
				"east": {"uv": [1.71429, 0, 2.28571, 0.66667], "texture": "#40"},
				"south": {"uv": [0, 0.66667, 1.42857, 1.33333], "texture": "#40"},
				"west": {"uv": [1.71429, 0.66667, 2.28571, 1.33333], "texture": "#40"},
				"up": {"uv": [1.42857, 2, 0, 1.33333], "texture": "#40"},
				"down": {"uv": [1.42857, 2, 0, 2.66667], "texture": "#40"}
			}
		},
		{
			"from": [-1.5, 7.5, 8],
			"to": [-0.5, 9.5, 9],
			"rotation": {"angle": -22.5, "axis": "x", "origin": [0, 0, 0]},
			"faces": {
				"north": {"uv": [11.42857, 0, 12, 1.33333], "texture": "#40"},
				"east": {"uv": [12, 0, 12.57143, 1.33333], "texture": "#40"},
				"south": {"uv": [11.42857, 1.33333, 12, 2.66667], "texture": "#40"},
				"west": {"uv": [12.57143, 0, 13.14286, 1.33333], "texture": "#40"},
				"up": {"uv": [12.57143, 2, 12, 1.33333], "texture": "#40"},
				"down": {"uv": [13.14286, 1.33333, 12.57143, 2], "texture": "#40"}
			}
		},
		{
			"from": [-1.5, 10.5, 8],
			"to": [-0.5, 12.5, 9],
			"rotation": {"angle": -22.5, "axis": "x", "origin": [0, 0, 0]},
			"faces": {
				"north": {"uv": [11.42857, 0, 12, 1.33333], "texture": "#40"},
				"east": {"uv": [12, 0, 12.57143, 1.33333], "texture": "#40"},
				"south": {"uv": [11.42857, 1.33333, 12, 2.66667], "texture": "#40"},
				"west": {"uv": [12.57143, 0, 13.14286, 1.33333], "texture": "#40"},
				"up": {"uv": [12.57143, 2, 12, 1.33333], "texture": "#40"},
				"down": {"uv": [13.14286, 1.33333, 12.57143, 2], "texture": "#40"}
			}
		},
		{
			"from": [4.5, 7.5, 8],
			"to": [5.5, 9.5, 9],
			"rotation": {"angle": -22.5, "axis": "x", "origin": [0, 0, 0]},
			"faces": {
				"north": {"uv": [0, 2.66667, 0.57143, 4], "texture": "#40"},
				"east": {"uv": [0.57143, 2.66667, 1.14286, 4], "texture": "#40"},
				"south": {"uv": [0, 4, 0.57143, 5.33333], "texture": "#40"},
				"west": {"uv": [1.14286, 2.66667, 1.71429, 4], "texture": "#40"},
				"up": {"uv": [1.14286, 4.66667, 0.57143, 4], "texture": "#40"},
				"down": {"uv": [1.71429, 4, 1.14286, 4.66667], "texture": "#40"}
			}
		},
		{
			"from": [4.5, 10.5, 8],
			"to": [5.5, 12.5, 9],
			"rotation": {"angle": -22.5, "axis": "x", "origin": [0, 0, 0]},
			"faces": {
				"north": {"uv": [0, 2.66667, 0.57143, 4], "texture": "#40"},
				"east": {"uv": [0.57143, 2.66667, 1.14286, 4], "texture": "#40"},
				"south": {"uv": [0, 4, 0.57143, 5.33333], "texture": "#40"},
				"west": {"uv": [1.14286, 2.66667, 1.71429, 4], "texture": "#40"},
				"up": {"uv": [1.14286, 4.66667, 0.57143, 4], "texture": "#40"},
				"down": {"uv": [1.71429, 4, 1.14286, 4.66667], "texture": "#40"}
			}
		},
		{
			"from": [2.5, 12, 8],
			"to": [5.5, 13, 9],
			"rotation": {"angle": -22.5, "axis": "x", "origin": [0, 0, 0]},
			"faces": {
				"north": {"uv": [6.85714, 0, 8.57143, 0.66667], "texture": "#40"},
				"east": {"uv": [8.57143, 0, 9.14286, 0.66667], "texture": "#40"},
				"south": {"uv": [6.85714, 0.66667, 8.57143, 1.33333], "texture": "#40"},
				"west": {"uv": [8.57143, 0.66667, 9.14286, 1.33333], "texture": "#40"},
				"up": {"uv": [8.57143, 2, 6.85714, 1.33333], "texture": "#40"},
				"down": {"uv": [8.57143, 2, 6.85714, 2.66667], "texture": "#40"}
			}
		},
		{
			"from": [-1.5, 12, 8],
			"to": [1.5, 13, 9],
			"rotation": {"angle": -22.5, "axis": "x", "origin": [0, 0, 0]},
			"faces": {
				"north": {"uv": [4.57143, 0, 6.28571, 0.66667], "texture": "#40"},
				"east": {"uv": [6.28571, 0, 6.85714, 0.66667], "texture": "#40"},
				"south": {"uv": [4.57143, 0.66667, 6.28571, 1.33333], "texture": "#40"},
				"west": {"uv": [6.28571, 0.66667, 6.85714, 1.33333], "texture": "#40"},
				"up": {"uv": [6.28571, 2, 4.57143, 1.33333], "texture": "#40"},
				"down": {"uv": [6.28571, 2, 4.57143, 2.66667], "texture": "#40"}
			}
		},
		{
			"from": [2.5, 7, 8],
			"to": [5.5, 8, 9],
			"rotation": {"angle": -22.5, "axis": "x", "origin": [0, 0, 0]},
			"faces": {
				"north": {"uv": [13.71429, 0, 15.42857, 0.66667], "texture": "#40"},
				"east": {"uv": [15.42857, 0, 16, 0.66667], "texture": "#40"},
				"south": {"uv": [13.71429, 0.66667, 15.42857, 1.33333], "texture": "#40"},
				"west": {"uv": [15.42857, 0.66667, 16, 1.33333], "texture": "#40"},
				"up": {"uv": [15.42857, 2, 13.71429, 1.33333], "texture": "#40"},
				"down": {"uv": [15.42857, 2, 13.71429, 2.66667], "texture": "#40"}
			}
		},
		{
			"from": [-1.5, 7, 8],
			"to": [1.5, 8, 9],
			"rotation": {"angle": -22.5, "axis": "x", "origin": [0, 0, 0]},
			"faces": {
				"north": {"uv": [9.14286, 0, 10.85714, 0.66667], "texture": "#40"},
				"east": {"uv": [10.85714, 0, 11.42857, 0.66667], "texture": "#40"},
				"south": {"uv": [9.14286, 0.66667, 10.85714, 1.33333], "texture": "#40"},
				"west": {"uv": [10.85714, 0.66667, 11.42857, 1.33333], "texture": "#40"},
				"up": {"uv": [10.85714, 2, 9.14286, 1.33333], "texture": "#40"},
				"down": {"uv": [10.85714, 2, 9.14286, 2.66667], "texture": "#40"}
			}
		},
		{
			"from": [1, 9, 5],
			"to": [3, 11, 9],
			"rotation": {"angle": -22.5, "axis": "x", "origin": [0, 0, 0]},
			"faces": {
				"north": {"uv": [0.57143, 6.66667, 1.14286, 7.33333], "texture": "#40"},
				"east": {"uv": [0, 5.33333, 1.14286, 6], "texture": "#40"},
				"south": {"uv": [1.14286, 6.66667, 1.71429, 7.33333], "texture": "#40"},
				"west": {"uv": [0, 6, 1.14286, 6.66667], "texture": "#40"},
				"up": {"uv": [0.57143, 8, 0, 6.66667], "texture": "#40"},
				"down": {"uv": [1.71429, 5.33333, 1.14286, 6.66667], "texture": "#40"}
			}
		},
		{
			"from": [-4, 11, -5],
			"to": [20, 21, -5],
			"rotation": {"angle": 22.5, "axis": "x", "origin": [0, 0, 0]},
			"faces": {
				"north": {"uv": [13.71429, 8, 15.42857, 8.83333], "texture": "#40"},
				"east": {"uv": [13.71429, 8, 13.71429, 8.83333], "texture": "#40"},
				"south": {"uv": [13.71429, 8.83333, 15.42857, 9.66667], "texture": "#40"},
				"west": {"uv": [13.71429, 8, 13.71429, 8.83333], "texture": "#40"},
				"up": {"uv": [15.42857, 8, 13.71429, 8], "texture": "#40"},
				"down": {"uv": [15.42857, 8, 13.71429, 8], "texture": "#40"}
			}
		},
		{
			"name": "Bumper",
			"from": [-7, 1, -15],
			"to": [23, 6, -11],
			"faces": {
				"north": {"uv": [13.71429, 5.33333, 15.85714, 5.75], "texture": "#40"},
				"east": {"uv": [13.71429, 6.83333, 14, 7.25], "texture": "#40"},
				"south": {"uv": [13.71429, 5.75, 15.85714, 6.16667], "texture": "#40"},
				"west": {"uv": [14, 6.83333, 14.28571, 7.25], "texture": "#40"},
				"up": {"uv": [15.85714, 6.5, 13.71429, 6.16667], "texture": "#40"},
				"down": {"uv": [15.85714, 6.5, 13.71429, 6.83333], "texture": "#40"}
			}
		},
		{
			"name": "F-Plate",
			"from": [3, 1.5, -15.5],
			"to": [13, 4.5, -14.5],
			"faces": {
				"north": {"uv": [6.85714, 13.33333, 8.28571, 13.83333], "texture": "#40"},
				"east": {"uv": [6.85714, 14.66667, 7, 15.16667], "texture": "#40"},
				"south": {"uv": [6.85714, 13.83333, 8.28571, 14.33333], "texture": "#40"},
				"west": {"uv": [7, 14.66667, 7.14286, 15.16667], "texture": "#40"},
				"up": {"uv": [8.28571, 14.5, 6.85714, 14.33333], "texture": "#40"},
				"down": {"uv": [8.28571, 14.5, 6.85714, 14.66667], "texture": "#40"}
			}
		},
		{
			"name": "F-Plate",
			"from": [3, 1.5, 29.5],
			"to": [13, 4.5, 30.5],
			"faces": {
				"north": {"uv": [0, 0.0625, 0.17857, 0.125], "texture": "#missing"},
				"east": {"uv": [7, 14.66667, 7.14286, 15.16667], "texture": "#40"},
				"south": {"uv": [6.85714, 13.33333, 8.28571, 13.83333], "texture": "#40"},
				"west": {"uv": [6.85714, 14.66667, 7, 15.16667], "texture": "#40"},
				"up": {"uv": [8.28571, 14.5, 6.85714, 14.33333], "rotation": 180, "texture": "#40"},
				"down": {"uv": [8.28571, 14.5, 6.85714, 14.66667], "rotation": 180, "texture": "#40"}
			}
		},
		{
			"name": "B-Bumper",
			"from": [-7, 1, 26],
			"to": [23, 6, 30],
			"faces": {
				"north": {"uv": [6.85714, 10.66667, 9, 11.08333], "texture": "#40"},
				"east": {"uv": [6.85714, 12.16667, 7.14286, 12.58333], "texture": "#40"},
				"south": {"uv": [6.85714, 11.08333, 9, 11.5], "texture": "#40"},
				"west": {"uv": [7.14286, 12.16667, 7.42857, 12.58333], "texture": "#40"},
				"up": {"uv": [9, 11.83333, 6.85714, 11.5], "texture": "#40"},
				"down": {"uv": [9, 11.83333, 6.85714, 12.16667], "texture": "#40"}
			}
		},
		{
			"from": [-2, 6, 4],
			"to": [7, 8, 14],
			"faces": {
				"north": {"uv": [9.14286, 9, 9.78571, 9.16667], "texture": "#40"},
				"east": {"uv": [9.14286, 8.83333, 9.85714, 9], "texture": "#40"},
				"south": {"uv": [9.78571, 9, 10.42857, 9.16667], "texture": "#40"},
				"west": {"uv": [9.85714, 8.83333, 10.57143, 9], "texture": "#40"},
				"up": {"uv": [9.78571, 8.83333, 9.14286, 8], "texture": "#40"},
				"down": {"uv": [10.42857, 8, 9.78571, 8.83333], "texture": "#40"}
			}
		},
		{
			"from": [9, 6, 4],
			"to": [18, 8, 14],
			"faces": {
				"north": {"uv": [9.14286, 9, 9.78571, 9.16667], "texture": "#40"},
				"east": {"uv": [9.14286, 8.83333, 9.85714, 9], "texture": "#40"},
				"south": {"uv": [9.78571, 9, 10.42857, 9.16667], "texture": "#40"},
				"west": {"uv": [9.85714, 8.83333, 10.57143, 9], "texture": "#40"},
				"up": {"uv": [9.78571, 8.83333, 9.14286, 8], "texture": "#40"},
				"down": {"uv": [10.42857, 8, 9.78571, 8.83333], "texture": "#40"}
			}
		}
	],
	"display": {
		"gui": {
			"rotation": [16, 154, 0],
			"scale": [0.36, 0.47, 0.43]
		},
		"head": {
			"translation": [1, -24, 0.5],
			"scale": [2.92, 2.6, 2.61]
		}
	},
	"groups": [
		{
			"name": "Wheel",
			"origin": [8, 8, 8],
			"color": 0,
			"children": [
				{
					"name": "L-Front",
					"origin": [8, 8, 8],
					"color": 0,
					"children": []
				},
				{
					"name": "L-Back",
					"origin": [8, 8, 8],
					"color": 0,
					"children": [0, 1, 2, 3]
				},
				{
					"name": "R-Front",
					"origin": [8, 8, 8],
					"color": 0,
					"children": []
				},
				{
					"name": "R-Back",
					"origin": [8, 8, 8],
					"color": 0,
					"children": []
				}
			]
		},
		{
			"name": "Body",
			"origin": [8, 8, 8],
			"color": 0,
			"children": [
				4,
				5,
				6,
				7,
				8,
				9,
				10,
				11,
				12,
				13,
				14,
				15,
				16,
				17,
				18,
				19,
				20,
				21,
				22,
				23,
				24,
				25,
				{
					"name": "Steering Wheel",
					"origin": [0, 0, 0],
					"color": 4,
					"children": [26, 27, 28, 29, 30, 31, 32, 33, 34, 35, 36, 37, 38]
				},
				39
			]
		},
		40,
		41,
		42,
		43,
		44,
		45
	]
}