{
	"credit": "Made with Blockbench",
	"texture_size": [128, 128],
	"textures": {
		"28": "models/yellowbus/wheelplate4",
		"particle": "models/yellowbus/body"
	},
	"elements": [
		{
			"from": [23, 2, -5],
			"to": [25, 7, -2],
			"faces": {
				"north": {"uv": [6.25, 9.875, 6.5, 10.5], "texture": "#28"},
				"east": {"uv": [2.25, 9.375, 2.625, 10], "texture": "#28"},
				"south": {"uv": [6.5, 9.875, 6.75, 10.5], "texture": "#28"},
				"west": {"uv": [2.625, 9.375, 3, 10], "texture": "#28"},
				"up": {"uv": [5, 10.625, 4.75, 10.25], "texture": "#28"},
				"down": {"uv": [5.25, 10.25, 5, 10.625], "texture": "#28"}
			}
		},
		{
			"from": [23, 2, 16],
			"to": [25, 7, 19],
			"faces": {
				"north": {"uv": [1.5, 10, 1.75, 10.625], "texture": "#28"},
				"east": {"uv": [9.625, 6.875, 10, 7.5], "texture": "#28"},
				"south": {"uv": [1.75, 10, 2, 10.625], "texture": "#28"},
				"west": {"uv": [9.625, 9.25, 10, 9.875], "texture": "#28"},
				"up": {"uv": [0.25, 10.75, 0, 10.375], "texture": "#28"},
				"down": {"uv": [10.625, 0, 10.375, 0.375], "texture": "#28"}
			}
		},
		{
			"from": [16, 2, 16],
			"to": [18, 7, 19],
			"faces": {
				"north": {"uv": [2, 10, 2.25, 10.625], "texture": "#28"},
				"east": {"uv": [0, 9.75, 0.375, 10.375], "texture": "#28"},
				"south": {"uv": [2.25, 10, 2.5, 10.625], "texture": "#28"},
				"west": {"uv": [0.375, 9.75, 0.75, 10.375], "texture": "#28"},
				"up": {"uv": [0.5, 10.75, 0.25, 10.375], "texture": "#28"},
				"down": {"uv": [10.625, 0.375, 10.375, 0.75], "texture": "#28"}
			}
		},
		{
			"from": [-5, 2, 16],
			"to": [-3, 7, 19],
			"faces": {
				"north": {"uv": [2.5, 10, 2.75, 10.625], "texture": "#28"},
				"east": {"uv": [0.75, 9.75, 1.125, 10.375], "texture": "#28"},
				"south": {"uv": [2.75, 10, 3, 10.625], "texture": "#28"},
				"west": {"uv": [1.125, 9.75, 1.5, 10.375], "texture": "#28"},
				"up": {"uv": [0.75, 10.75, 0.5, 10.375], "texture": "#28"},
				"down": {"uv": [1, 10.375, 0.75, 10.75], "texture": "#28"}
			}
		},
		{
			"from": [-12, 2, 16],
			"to": [-10, 7, 19],
			"faces": {
				"north": {"uv": [3, 10, 3.25, 10.625], "texture": "#28"},
				"east": {"uv": [3.75, 9.75, 4.125, 10.375], "texture": "#28"},
				"south": {"uv": [3.25, 10, 3.5, 10.625], "texture": "#28"},
				"west": {"uv": [8.375, 9.75, 8.75, 10.375], "texture": "#28"},
				"up": {"uv": [10.625, 1.125, 10.375, 0.75], "texture": "#28"},
				"down": {"uv": [1.25, 10.375, 1, 10.75], "texture": "#28"}
			}
		},
		{
			"from": [16, 2, -5],
			"to": [18, 7, -2],
			"faces": {
				"north": {"uv": [7.375, 9.875, 7.625, 10.5], "texture": "#28"},
				"east": {"uv": [3, 9.375, 3.375, 10], "texture": "#28"},
				"south": {"uv": [7.625, 9.875, 7.875, 10.5], "texture": "#28"},
				"west": {"uv": [3.375, 9.375, 3.75, 10], "texture": "#28"},
				"up": {"uv": [5.5, 10.625, 5.25, 10.25], "texture": "#28"},
				"down": {"uv": [5.75, 10.25, 5.5, 10.625], "texture": "#28"}
			}
		},
		{
			"from": [-12, 2, -5],
			"to": [-10, 7, -2],
			"faces": {
				"north": {"uv": [7.875, 9.875, 8.125, 10.5], "texture": "#28"},
				"east": {"uv": [9.5, 4.875, 9.875, 5.5], "texture": "#28"},
				"south": {"uv": [8.125, 9.875, 8.375, 10.5], "texture": "#28"},
				"west": {"uv": [9.5, 5.5, 9.875, 6.125], "texture": "#28"},
				"up": {"uv": [6, 10.625, 5.75, 10.25], "texture": "#28"},
				"down": {"uv": [10.5, 9.875, 10.25, 10.25], "texture": "#28"}
			}
		},
		{
			"from": [-5, 2, -5],
			"to": [-3, 7, -2],
			"faces": {
				"north": {"uv": [9.375, 9.75, 9.625, 10.375], "texture": "#28"},
				"east": {"uv": [1.5, 9.375, 1.875, 10], "texture": "#28"},
				"south": {"uv": [6, 9.875, 6.25, 10.5], "texture": "#28"},
				"west": {"uv": [1.875, 9.375, 2.25, 10], "texture": "#28"},
				"up": {"uv": [4.5, 10.625, 4.25, 10.25], "texture": "#28"},
				"down": {"uv": [4.75, 10.25, 4.5, 10.625], "texture": "#28"}
			}
		},
		{
			"from": [-3, 2, -4],
			"to": [16, 5, -2],
			"faces": {
				"north": {"uv": [5.5, 8, 7.875, 8.375], "texture": "#28"},
				"east": {"uv": [1.25, 10.375, 1.5, 10.75], "texture": "#28"},
				"south": {"uv": [7.875, 8, 10.25, 8.375], "texture": "#28"},
				"west": {"uv": [10.375, 2.125, 10.625, 2.5], "texture": "#28"},
				"up": {"uv": [8, 4.5, 5.625, 4.25], "texture": "#28"},
				"down": {"uv": [10.375, 4.25, 8, 4.5], "texture": "#28"}
			}
		},
		{
			"from": [25, 2, -4],
			"to": [30, 5, -2],
			"faces": {
				"north": {"uv": [4.75, 9.875, 5.375, 10.25], "texture": "#28"},
				"east": {"uv": [10.375, 8.375, 10.625, 8.75], "texture": "#28"},
				"south": {"uv": [9.875, 4.875, 10.5, 5.25], "texture": "#28"},
				"west": {"uv": [10.375, 8.75, 10.625, 9.125], "texture": "#28"},
				"up": {"uv": [10.625, 9.375, 10, 9.125], "texture": "#28"},
				"down": {"uv": [10.625, 9.375, 10, 9.625], "texture": "#28"}
			}
		},
		{
			"from": [-15, 2, -4],
			"to": [-12, 5, -2],
			"faces": {
				"north": {"uv": [4.375, 8.75, 4.75, 9.125], "texture": "#28"},
				"east": {"uv": [10.5, 5.125, 10.75, 5.5], "texture": "#28"},
				"south": {"uv": [10.125, 6.125, 10.5, 6.5], "texture": "#28"},
				"west": {"uv": [10.5, 5.5, 10.75, 5.875], "texture": "#28"},
				"up": {"uv": [10.75, 4.5, 10.375, 4.25], "texture": "#28"},
				"down": {"uv": [10.875, 5.875, 10.5, 6.125], "texture": "#28"}
			}
		},
		{
			"from": [-15, 2, 16],
			"to": [-12, 5, 18],
			"faces": {
				"north": {"uv": [8.75, 10.125, 9.125, 10.5], "texture": "#28"},
				"east": {"uv": [6, 10.5, 6.25, 10.875], "texture": "#28"},
				"south": {"uv": [9.625, 10.125, 10, 10.5], "texture": "#28"},
				"west": {"uv": [10.5, 6.125, 10.75, 6.5], "texture": "#28"},
				"up": {"uv": [6.625, 10.75, 6.25, 10.5], "texture": "#28"},
				"down": {"uv": [7.75, 10.5, 7.375, 10.75], "texture": "#28"}
			}
		},
		{
			"from": [25, 2, 16],
			"to": [30, 5, 18],
			"faces": {
				"north": {"uv": [9.875, 5.25, 10.5, 5.625], "texture": "#28"},
				"east": {"uv": [9.375, 10.375, 9.625, 10.75], "texture": "#28"},
				"south": {"uv": [5.375, 9.875, 6, 10.25], "texture": "#28"},
				"west": {"uv": [10.5, 4.75, 10.75, 5.125], "texture": "#28"},
				"up": {"uv": [10.625, 9.875, 10, 9.625], "texture": "#28"},
				"down": {"uv": [10.75, 4.5, 10.125, 4.75], "texture": "#28"}
			}
		},
		{
			"from": [30, 2, -4],
			"to": [31, 5, 18],
			"faces": {
				"north": {"uv": [6.625, 10.5, 6.75, 10.875], "texture": "#28"},
				"east": {"uv": [4.5, 7.625, 7.25, 8], "texture": "#28"},
				"south": {"uv": [8.25, 10.5, 8.375, 10.875], "texture": "#28"},
				"west": {"uv": [7.25, 7.625, 10, 8], "texture": "#28"},
				"up": {"uv": [7, 12, 6.875, 9.25], "texture": "#28"},
				"down": {"uv": [7.125, 9.25, 7, 12], "texture": "#28"}
			}
		},
		{
			"from": [31, 1, 4],
			"to": [32, 4, 10],
			"faces": {
				"north": {"uv": [1.875, 10.625, 2, 11], "texture": "#28"},
				"east": {"uv": [0, 9.375, 0.75, 9.75], "texture": "#28"},
				"south": {"uv": [2, 10.625, 2.125, 11], "texture": "#28"},
				"west": {"uv": [0.75, 9.375, 1.5, 9.75], "texture": "#28"},
				"up": {"uv": [4.125, 11.125, 4, 10.375], "texture": "#28"},
				"down": {"uv": [8.75, 10.375, 8.625, 11.125], "texture": "#28"}
			}
		},
		{
			"from": [-16, 2, -4],
			"to": [-15, 5, 18],
			"faces": {
				"north": {"uv": [9, 10.5, 9.125, 10.875], "texture": "#28"},
				"east": {"uv": [0, 8, 2.75, 8.375], "texture": "#28"},
				"south": {"uv": [9.875, 10.5, 10, 10.875], "texture": "#28"},
				"west": {"uv": [2.75, 8, 5.5, 8.375], "texture": "#28"},
				"up": {"uv": [7.25, 12, 7.125, 9.25], "texture": "#28"},
				"down": {"uv": [7.375, 9.25, 7.25, 12], "texture": "#28"}
			}
		},
		{
			"from": [-3, 2, 16],
			"to": [16, 5, 18],
			"faces": {
				"north": {"uv": [0, 8.375, 2.375, 8.75], "texture": "#28"},
				"east": {"uv": [3.75, 10.375, 4, 10.75], "texture": "#28"},
				"south": {"uv": [2.375, 8.375, 4.75, 8.75], "texture": "#28"},
				"west": {"uv": [8.375, 10.375, 8.625, 10.75], "texture": "#28"},
				"up": {"uv": [7.125, 8.625, 4.75, 8.375], "texture": "#28"},
				"down": {"uv": [9.5, 8.375, 7.125, 8.625], "texture": "#28"}
			}
		},
		{
			"from": [18, 5, -5],
			"to": [23, 7, -2],
			"faces": {
				"north": {"uv": [9, 7.375, 9.625, 7.625], "texture": "#28"},
				"east": {"uv": [10.25, 6.5, 10.625, 6.75], "texture": "#28"},
				"south": {"uv": [9.875, 5.625, 10.5, 5.875], "texture": "#28"},
				"west": {"uv": [10.25, 7.875, 10.625, 8.125], "texture": "#28"},
				"up": {"uv": [4.375, 9.75, 3.75, 9.375], "texture": "#28"},
				"down": {"uv": [10.125, 4.5, 9.5, 4.875], "texture": "#28"}
			}
		},
		{
			"from": [-10, 5, -5],
			"to": [-5, 7, -2],
			"faces": {
				"north": {"uv": [9.875, 5.875, 10.5, 6.125], "texture": "#28"},
				"east": {"uv": [10.25, 8.125, 10.625, 8.375], "texture": "#28"},
				"south": {"uv": [9.625, 9.875, 10.25, 10.125], "texture": "#28"},
				"west": {"uv": [10.25, 10.25, 10.625, 10.5], "texture": "#28"},
				"up": {"uv": [10.125, 6.5, 9.5, 6.125], "texture": "#28"},
				"down": {"uv": [10.25, 6.5, 9.625, 6.875], "texture": "#28"}
			}
		},
		{
			"from": [-10, 5, 16],
			"to": [-5, 7, 19],
			"faces": {
				"north": {"uv": [10, 6.875, 10.625, 7.125], "texture": "#28"},
				"east": {"uv": [10.375, 1.125, 10.75, 1.375], "texture": "#28"},
				"south": {"uv": [10, 7.125, 10.625, 7.375], "texture": "#28"},
				"west": {"uv": [10.375, 1.375, 10.75, 1.625], "texture": "#28"},
				"up": {"uv": [10.375, 8.75, 9.75, 8.375], "texture": "#28"},
				"down": {"uv": [9.375, 9.75, 8.75, 10.125], "texture": "#28"}
			}
		},
		{
			"from": [18, 5, 16],
			"to": [23, 7, 19],
			"faces": {
				"north": {"uv": [10, 7.375, 10.625, 7.625], "texture": "#28"},
				"east": {"uv": [10.375, 1.625, 10.75, 1.875], "texture": "#28"},
				"south": {"uv": [10, 7.625, 10.625, 7.875], "texture": "#28"},
				"west": {"uv": [10.375, 1.875, 10.75, 2.125], "texture": "#28"},
				"up": {"uv": [10.375, 9.125, 9.75, 8.75], "texture": "#28"},
				"down": {"uv": [4.75, 9.875, 4.125, 10.25], "texture": "#28"}
			}
		},
		{
			"from": [18, 0, -4],
			"to": [23, 5, 0],
			"faces": {
				"north": {"uv": [8.5, 8.625, 9.125, 9.25], "texture": "#28"},
				"east": {"uv": [7.375, 9.25, 7.875, 9.875], "texture": "#28"},
				"south": {"uv": [0, 8.75, 0.625, 9.375], "texture": "#28"},
				"west": {"uv": [7.875, 9.25, 8.375, 9.875], "texture": "#28"},
				"up": {"uv": [9, 9.75, 8.375, 9.25], "texture": "#28"},
				"down": {"uv": [9.625, 9.25, 9, 9.75], "texture": "#28"}
			}
		},
		{
			"from": [18, 0, 13],
			"to": [23, 5, 18],
			"faces": {
				"north": {"uv": [0.625, 8.75, 1.25, 9.375], "texture": "#28"},
				"east": {"uv": [1.25, 8.75, 1.875, 9.375], "texture": "#28"},
				"south": {"uv": [1.875, 8.75, 2.5, 9.375], "texture": "#28"},
				"west": {"uv": [2.5, 8.75, 3.125, 9.375], "texture": "#28"},
				"up": {"uv": [3.75, 9.375, 3.125, 8.75], "texture": "#28"},
				"down": {"uv": [4.375, 8.75, 3.75, 9.375], "texture": "#28"}
			}
		},
		{
			"from": [-10, 0, -4],
			"to": [-5, 5, 1],
			"faces": {
				"north": {"uv": [4.75, 8.625, 5.375, 9.25], "texture": "#28"},
				"east": {"uv": [5.375, 8.625, 6, 9.25], "texture": "#28"},
				"south": {"uv": [6, 8.625, 6.625, 9.25], "texture": "#28"},
				"west": {"uv": [6.625, 8.625, 7.25, 9.25], "texture": "#28"},
				"up": {"uv": [7.875, 9.25, 7.25, 8.625], "texture": "#28"},
				"down": {"uv": [8.5, 8.625, 7.875, 9.25], "texture": "#28"}
			}
		},
		{
			"from": [-10, 0, 13],
			"to": [-5, 5, 18],
			"faces": {
				"north": {"uv": [9, 6.75, 9.625, 7.375], "texture": "#28"},
				"east": {"uv": [9.125, 8.625, 9.75, 9.25], "texture": "#28"},
				"south": {"uv": [4.375, 9.25, 5, 9.875], "texture": "#28"},
				"west": {"uv": [5, 9.25, 5.625, 9.875], "texture": "#28"},
				"up": {"uv": [6.25, 9.875, 5.625, 9.25], "texture": "#28"},
				"down": {"uv": [6.875, 9.25, 6.25, 9.875], "texture": "#28"}
			}
		},
		{
			"from": [-15, 2, -2],
			"to": [30, 9, 16],
			"faces": {
				"north": {"uv": [5.625, 2.5, 11.25, 3.375], "texture": "#28"},
				"east": {"uv": [4.5, 6.75, 6.75, 7.625], "texture": "#28"},
				"south": {"uv": [5.625, 3.375, 11.25, 4.25], "texture": "#28"},
				"west": {"uv": [6.75, 6.75, 9, 7.625], "texture": "#28"},
				"up": {"uv": [5.625, 2.25, 0, 0], "texture": "#28"},
				"down": {"uv": [5.625, 2.25, 0, 4.5], "texture": "#28"}
			}
		},
		{
			"from": [-15, 9, -2],
			"to": [23, 19, 16],
			"faces": {
				"north": {"uv": [5.625, 0, 10.375, 1.25], "texture": "#28"},
				"east": {"uv": [0, 6.75, 2.25, 8], "texture": "#28"},
				"south": {"uv": [5.625, 1.25, 10.375, 2.5], "texture": "#28"},
				"west": {"uv": [2.25, 6.75, 4.5, 8], "texture": "#28"},
				"up": {"uv": [4.75, 6.75, 0, 4.5], "texture": "#28"},
				"down": {"uv": [9.5, 4.5, 4.75, 6.75], "texture": "#28"}
			}
		},
		{
			"from": [22, 17, -4],
			"to": [23, 18, -2],
			"faces": {
				"north": {"uv": [4.625, 9.125, 4.75, 9.25], "texture": "#28"},
				"east": {"uv": [4.375, 9.125, 4.625, 9.25], "texture": "#28"},
				"south": {"uv": [9.875, 7.5, 10, 7.625], "texture": "#28"},
				"west": {"uv": [9.5, 8.375, 9.75, 8.5], "texture": "#28"},
				"up": {"uv": [9.625, 6.75, 9.5, 6.5], "texture": "#28"},
				"down": {"uv": [4.375, 10.625, 4.25, 10.875], "texture": "#28"}
			}
		},
		{
			"from": [22, 17, 16],
			"to": [23, 18, 18],
			"faces": {
				"north": {"uv": [10.625, 7.75, 10.75, 7.875], "texture": "#28"},
				"east": {"uv": [4.125, 9.75, 4.375, 9.875], "texture": "#28"},
				"south": {"uv": [10.625, 7.875, 10.75, 8], "texture": "#28"},
				"west": {"uv": [9.75, 9.125, 10, 9.25], "texture": "#28"},
				"up": {"uv": [4.75, 10.875, 4.625, 10.625], "texture": "#28"},
				"down": {"uv": [4.875, 10.625, 4.75, 10.875], "texture": "#28"}
			}
		},
		{
			"from": [22, 9, -4],
			"to": [23, 10, -2],
			"faces": {
				"north": {"uv": [10.25, 6.75, 10.375, 6.875], "texture": "#28"},
				"east": {"uv": [9.5, 8.5, 9.75, 8.625], "texture": "#28"},
				"south": {"uv": [10.375, 4.75, 10.5, 4.875], "texture": "#28"},
				"west": {"uv": [9.625, 7.5, 9.875, 7.625], "texture": "#28"},
				"up": {"uv": [4.5, 10.875, 4.375, 10.625], "texture": "#28"},
				"down": {"uv": [4.625, 10.625, 4.5, 10.875], "texture": "#28"}
			}
		},
		{
			"from": [22, 9, 16],
			"to": [23, 10, 18],
			"faces": {
				"north": {"uv": [10.625, 8.25, 10.75, 8.375], "texture": "#28"},
				"east": {"uv": [10, 7.875, 10.25, 8], "texture": "#28"},
				"south": {"uv": [10.625, 8.375, 10.75, 8.5], "texture": "#28"},
				"west": {"uv": [10.125, 4.75, 10.375, 4.875], "texture": "#28"},
				"up": {"uv": [5, 10.875, 4.875, 10.625], "texture": "#28"},
				"down": {"uv": [5.125, 10.625, 5, 10.875], "texture": "#28"}
			}
		},
		{
			"from": [22, 10, -4],
			"to": [23, 17, -3],
			"faces": {
				"north": {"uv": [6.75, 9.875, 6.875, 10.75], "texture": "#28"},
				"east": {"uv": [3.5, 10, 3.625, 10.875], "texture": "#28"},
				"south": {"uv": [3.625, 10, 3.75, 10.875], "texture": "#28"},
				"west": {"uv": [9.125, 10.125, 9.25, 11], "texture": "#28"},
				"up": {"uv": [10.5, 6.875, 10.375, 6.75], "texture": "#28"},
				"down": {"uv": [10.625, 6.75, 10.5, 6.875], "texture": "#28"}
			}
		},
		{
			"from": [22, 14, 3],
			"to": [23, 17, 5],
			"rotation": {"angle": 22.5, "axis": "y", "origin": [0, 0, 0]},
			"faces": {
				"north": {"uv": [2.125, 10.625, 2.25, 11], "texture": "#28"},
				"east": {"uv": [7.75, 10.5, 8, 10.875], "texture": "#28"},
				"south": {"uv": [10.625, 2.125, 10.75, 2.5], "texture": "#28"},
				"west": {"uv": [8, 10.5, 8.25, 10.875], "texture": "#28"},
				"up": {"uv": [5.25, 10.875, 5.125, 10.625], "texture": "#28"},
				"down": {"uv": [5.375, 10.625, 5.25, 10.875], "texture": "#28"}
			}
		},
		{
			"from": [28, 14, 8],
			"to": [29, 17, 10],
			"rotation": {"angle": -22.5, "axis": "y", "origin": [0, 0, 0]},
			"faces": {
				"north": {"uv": [2.5, 10.625, 2.625, 11], "texture": "#28"},
				"east": {"uv": [10.5, 9.875, 10.75, 10.25], "texture": "#28"},
				"south": {"uv": [2.625, 10.625, 2.75, 11], "texture": "#28"},
				"west": {"uv": [10.25, 10.5, 10.5, 10.875], "texture": "#28"},
				"up": {"uv": [5.75, 10.875, 5.625, 10.625], "texture": "#28"},
				"down": {"uv": [5.875, 10.625, 5.75, 10.875], "texture": "#28"}
			}
		},
		{
			"from": [28, 10, 8],
			"to": [29, 13, 10],
			"rotation": {"angle": -22.5, "axis": "y", "origin": [0, 0, 0]},
			"faces": {
				"north": {"uv": [2.75, 10.625, 2.875, 11], "texture": "#28"},
				"east": {"uv": [10.5, 10.5, 10.75, 10.875], "texture": "#28"},
				"south": {"uv": [2.875, 10.625, 3, 11], "texture": "#28"},
				"west": {"uv": [10.625, 0, 10.875, 0.375], "texture": "#28"},
				"up": {"uv": [6, 10.875, 5.875, 10.625], "texture": "#28"},
				"down": {"uv": [10.75, 6.5, 10.625, 6.75], "texture": "#28"}
			}
		},
		{
			"from": [22, 10, 3],
			"to": [23, 13, 5],
			"rotation": {"angle": 22.5, "axis": "y", "origin": [0, 0, 0]},
			"faces": {
				"north": {"uv": [2.25, 10.625, 2.375, 11], "texture": "#28"},
				"east": {"uv": [8.75, 10.5, 9, 10.875], "texture": "#28"},
				"south": {"uv": [2.375, 10.625, 2.5, 11], "texture": "#28"},
				"west": {"uv": [9.625, 10.5, 9.875, 10.875], "texture": "#28"},
				"up": {"uv": [5.5, 10.875, 5.375, 10.625], "texture": "#28"},
				"down": {"uv": [5.625, 10.625, 5.5, 10.875], "texture": "#28"}
			}
		},
		{
			"from": [22, 10, 17],
			"to": [23, 17, 18],
			"faces": {
				"north": {"uv": [9.25, 10.125, 9.375, 11], "texture": "#28"},
				"east": {"uv": [10, 10.125, 10.125, 11], "texture": "#28"},
				"south": {"uv": [10.125, 10.125, 10.25, 11], "texture": "#28"},
				"west": {"uv": [4.125, 10.25, 4.25, 11.125], "texture": "#28"},
				"up": {"uv": [10.75, 8.125, 10.625, 8], "texture": "#28"},
				"down": {"uv": [10.75, 8.125, 10.625, 8.25], "texture": "#28"}
			}
		},
		{
			"from": [-16, 6, 0],
			"to": [-15, 8, 3],
			"faces": {
				"north": {"uv": [10.625, 6.75, 10.75, 7], "texture": "#28"},
				"east": {"uv": [10.625, 0.375, 11, 0.625], "texture": "#28"},
				"south": {"uv": [10.625, 7, 10.75, 7.25], "texture": "#28"},
				"west": {"uv": [10.625, 0.625, 11, 0.875], "texture": "#28"},
				"up": {"uv": [3.125, 11, 3, 10.625], "texture": "#28"},
				"down": {"uv": [3.25, 10.625, 3.125, 11], "texture": "#28"}
			}
		},
		{
			"from": [-16, 6, 11],
			"to": [-15, 8, 14],
			"faces": {
				"north": {"uv": [10.625, 7.25, 10.75, 7.5], "texture": "#28"},
				"east": {"uv": [10.625, 0.875, 11, 1.125], "texture": "#28"},
				"south": {"uv": [10.625, 7.5, 10.75, 7.75], "texture": "#28"},
				"west": {"uv": [1.5, 10.625, 1.875, 10.875], "texture": "#28"},
				"up": {"uv": [3.375, 11, 3.25, 10.625], "texture": "#28"},
				"down": {"uv": [3.5, 10.625, 3.375, 11], "texture": "#28"}
			}
		}
	],
	"display": {
		"head": {
			"rotation": [0, 89, 0],
			"translation": [0, -24.25, 0],
			"scale": [3.49, 3.49, 3.49]
		}
	}
}