{"sources":[{"type":"single","resource":"minecraft:required/warningitem","sprite":"minecraft:required/warningitem"},{"type":"single","resource":"minecraft:required/ui/menu_items_gems","sprite":"minecraft:required/ui/menu_items_gems"},{"type":"single","resource":"minecraft:required/ui/menu_items","sprite":"minecraft:required/ui/menu_items"},{"type":"single","resource":"minecraft:required/ui/menu_banner","sprite":"minecraft:required/ui/menu_banner"},{"type":"single","resource":"minecraft:required/ui/announcement_store","sprite":"minecraft:required/ui/announcement_store"},{"type":"single","resource":"minecraft:required/treasuremapitem","sprite":"minecraft:required/treasuremapitem"},{"type":"single","resource":"minecraft:required/themepark","sprite":"minecraft:required/themepark"},{"type":"single","resource":"minecraft:required/templeitem","sprite":"minecraft:required/templeitem"},{"type":"single","resource":"minecraft:required/storeitem","sprite":"minecraft:required/storeitem"},{"type":"single","resource":"minecraft:required/storeitem-whiteborder","sprite":"minecraft:required/storeitem-whiteborder"},{"type":"single","resource":"minecraft:required/solarrefugeitem2","sprite":"minecraft:required/solarrefugeitem2"},{"type":"single","resource":"minecraft:required/solarrefugeitem","sprite":"minecraft:required/solarrefugeitem"},{"type":"single","resource":"minecraft:required/skychampionsitem4","sprite":"minecraft:required/skychampionsitem4"},{"type":"single","resource":"minecraft:required/skychampionsitem3","sprite":"minecraft:required/skychampionsitem3"},{"type":"single","resource":"minecraft:required/skychampionsitem2","sprite":"minecraft:required/skychampionsitem2"},{"type":"single","resource":"minecraft:required/skychampionsitem","sprite":"minecraft:required/skychampionsitem"},{"type":"single","resource":"minecraft:required/shovelitem","sprite":"minecraft:required/shovelitem"},{"type":"single","resource":"minecraft:required/settingsitem","sprite":"minecraft:required/settingsitem"},{"type":"single","resource":"minecraft:required/select-3interface","sprite":"minecraft:required/select-3interface"},{"type":"single","resource":"minecraft:required/remote","sprite":"minecraft:required/remote"},{"type":"single","resource":"minecraft:required/rankitem","sprite":"minecraft:required/rankitem"},{"type":"single","resource":"minecraft:required/rankitem-blue","sprite":"minecraft:required/rankitem-blue"},{"type":"single","resource":"minecraft:required/questsitem","sprite":"minecraft:required/questsitem"},{"type":"single","resource":"minecraft:required/potionitem","sprite":"minecraft:required/potionitem"},{"type":"single","resource":"minecraft:required/potato","sprite":"minecraft:required/potato"},{"type":"single","resource":"minecraft:required/pickaxeitem","sprite":"minecraft:required/pickaxeitem"},{"type":"single","resource":"minecraft:required/phone","sprite":"minecraft:required/phone"},{"type":"single","resource":"minecraft:required/personalmenuitem","sprite":"minecraft:required/personalmenuitem"},{"type":"single","resource":"minecraft:required/partyitem","sprite":"minecraft:required/partyitem"},{"type":"single","resource":"minecraft:required/particle","sprite":"minecraft:required/particle"},{"type":"single","resource":"minecraft:required/nodeicon","sprite":"minecraft:required/nodeicon"},{"type":"single","resource":"minecraft:required/magnifyingglassitem","sprite":"minecraft:required/magnifyingglassitem"},{"type":"single","resource":"minecraft:required/lifestealitem","sprite":"minecraft:required/lifestealitem"},{"type":"single","resource":"minecraft:required/levelitem","sprite":"minecraft:required/levelitem"},{"type":"single","resource":"minecraft:required/kitsitem","sprite":"minecraft:required/kitsitem"},{"type":"single","resource":"minecraft:required/keyitem2","sprite":"minecraft:required/keyitem2"},{"type":"single","resource":"minecraft:required/keyitem1","sprite":"minecraft:required/keyitem1"},{"type":"single","resource":"minecraft:required/islandicon","sprite":"minecraft:required/islandicon"},{"type":"single","resource":"minecraft:required/islandgamesitem","sprite":"minecraft:required/islandgamesitem"},{"type":"single","resource":"minecraft:required/invisible","sprite":"minecraft:required/invisible"},{"type":"single","resource":"minecraft:required/heartitem","sprite":"minecraft:required/heartitem"},{"type":"single","resource":"minecraft:required/hearticon","sprite":"minecraft:required/hearticon"},{"type":"single","resource":"minecraft:required/globeitem","sprite":"minecraft:required/globeitem"},{"type":"single","resource":"minecraft:required/gems","sprite":"minecraft:required/gems"},{"type":"single","resource":"minecraft:required/gamesitem","sprite":"minecraft:required/gamesitem"},{"type":"single","resource":"minecraft:required/gamecoin","sprite":"minecraft:required/gamecoin"},{"type":"single","resource":"minecraft:required/friendsitem","sprite":"minecraft:required/friendsitem"},{"type":"single","resource":"minecraft:required/floweritem","sprite":"minecraft:required/floweritem"},{"type":"single","resource":"minecraft:required/exit_icon","sprite":"minecraft:required/exit_icon"},{"type":"single","resource":"minecraft:required/demo-buttonoverlay","sprite":"minecraft:required/demo-buttonoverlay"},{"type":"single","resource":"minecraft:required/cubeclashitem","sprite":"minecraft:required/cubeclashitem"},{"type":"single","resource":"minecraft:required/crown2","sprite":"minecraft:required/crown2"},{"type":"single","resource":"minecraft:required/crossedswords","sprite":"minecraft:required/crossedswords"},{"type":"single","resource":"minecraft:required/crateitem","sprite":"minecraft:required/crateitem"},{"type":"single","resource":"minecraft:required/cosmeticsitem","sprite":"minecraft:required/cosmeticsitem"},{"type":"single","resource":"minecraft:required/clockitem","sprite":"minecraft:required/clockitem"},{"type":"single","resource":"minecraft:required/bsmp","sprite":"minecraft:required/bsmp"},{"type":"single","resource":"minecraft:required/bricknetplusrank","sprite":"minecraft:required/bricknetplusrank"},{"type":"single","resource":"minecraft:required/bricknetplusplusrank","sprite":"minecraft:required/bricknetplusplusrank"},{"type":"single","resource":"minecraft:required/bricknetplusplusplusrank","sprite":"minecraft:required/bricknetplusplusplusrank"},{"type":"single","resource":"minecraft:required/brickneteventsicon","sprite":"minecraft:required/brickneteventsicon"},{"type":"single","resource":"minecraft:required/bricknet_confused","sprite":"minecraft:required/bricknet_confused"},{"type":"single","resource":"minecraft:required/botitem","sprite":"minecraft:required/botitem"},{"type":"single","resource":"minecraft:required/binocularsitem","sprite":"minecraft:required/binocularsitem"},{"type":"single","resource":"minecraft:required/bedrushitem","sprite":"minecraft:required/bedrushitem"},{"type":"single","resource":"minecraft:required/beacon","sprite":"minecraft:required/beacon"},{"type":"single","resource":"minecraft:required/badgeitem","sprite":"minecraft:required/badgeitem"},{"type":"single","resource":"minecraft:required/axeitem","sprite":"minecraft:required/axeitem"},{"type":"single","resource":"minecraft:required/arrowclouditem","sprite":"minecraft:required/arrowclouditem"},{"type":"single","resource":"minecraft:required/arrow_previous_icon","sprite":"minecraft:required/arrow_previous_icon"},{"type":"single","resource":"minecraft:required/arrow_next_icon","sprite":"minecraft:required/arrow_next_icon"},{"type":"single","resource":"minecraft:required/apartmentitem","sprite":"minecraft:required/apartmentitem"},{"type":"single","resource":"minecraft:required/announcements-store","sprite":"minecraft:required/announcements-store"},{"type":"single","resource":"minecraft:particle/leaf_9","sprite":"minecraft:particle/leaf_9"},{"type":"single","resource":"minecraft:particle/leaf_8","sprite":"minecraft:particle/leaf_8"},{"type":"single","resource":"minecraft:particle/leaf_7","sprite":"minecraft:particle/leaf_7"},{"type":"single","resource":"minecraft:particle/leaf_6","sprite":"minecraft:particle/leaf_6"},{"type":"single","resource":"minecraft:particle/leaf_5","sprite":"minecraft:particle/leaf_5"},{"type":"single","resource":"minecraft:particle/leaf_4","sprite":"minecraft:particle/leaf_4"},{"type":"single","resource":"minecraft:particle/leaf_3","sprite":"minecraft:particle/leaf_3"},{"type":"single","resource":"minecraft:particle/leaf_2","sprite":"minecraft:particle/leaf_2"},{"type":"single","resource":"minecraft:particle/leaf_11","sprite":"minecraft:particle/leaf_11"},{"type":"single","resource":"minecraft:particle/leaf_10","sprite":"minecraft:particle/leaf_10"},{"type":"single","resource":"minecraft:particle/leaf_1","sprite":"minecraft:particle/leaf_1"},{"type":"single","resource":"minecraft:particle/leaf_0","sprite":"minecraft:particle/leaf_0"},{"type":"single","resource":"minecraft:models/yellowconvertible/yellowconvertible","sprite":"minecraft:models/yellowconvertible/yellowconvertible"},{"type":"single","resource":"minecraft:models/yellowbus/wheelside6","sprite":"minecraft:models/yellowbus/wheelside6"},{"type":"single","resource":"minecraft:models/yellowbus/wheelside5","sprite":"minecraft:models/yellowbus/wheelside5"},{"type":"single","resource":"minecraft:models/yellowbus/wheelside4","sprite":"minecraft:models/yellowbus/wheelside4"},{"type":"single","resource":"minecraft:models/yellowbus/wheelside3","sprite":"minecraft:models/yellowbus/wheelside3"},{"type":"single","resource":"minecraft:models/yellowbus/wheelside2","sprite":"minecraft:models/yellowbus/wheelside2"},{"type":"single","resource":"minecraft:models/yellowbus/wheelside1","sprite":"minecraft:models/yellowbus/wheelside1"},{"type":"single","resource":"minecraft:models/yellowbus/wheelplate4","sprite":"minecraft:models/yellowbus/wheelplate4"},{"type":"single","resource":"minecraft:models/yellowbus/wheelplate3","sprite":"minecraft:models/yellowbus/wheelplate3"},{"type":"single","resource":"minecraft:models/yellowbus/wheelplate2","sprite":"minecraft:models/yellowbus/wheelplate2"},{"type":"single","resource":"minecraft:models/yellowbus/wheelplate1","sprite":"minecraft:models/yellowbus/wheelplate1"},{"type":"single","resource":"minecraft:models/yellowbus/wheelfront1","sprite":"minecraft:models/yellowbus/wheelfront1"},{"type":"single","resource":"minecraft:models/yellowbus/wheelback1","sprite":"minecraft:models/yellowbus/wheelback1"},{"type":"single","resource":"minecraft:models/yellowbus/wheel4","sprite":"minecraft:models/yellowbus/wheel4"},{"type":"single","resource":"minecraft:models/yellowbus/wheel3","sprite":"minecraft:models/yellowbus/wheel3"},{"type":"single","resource":"minecraft:models/yellowbus/wheel2","sprite":"minecraft:models/yellowbus/wheel2"},{"type":"single","resource":"minecraft:models/yellowbus/wheel1","sprite":"minecraft:models/yellowbus/wheel1"},{"type":"single","resource":"minecraft:models/yellowbus/side6","sprite":"minecraft:models/yellowbus/side6"},{"type":"single","resource":"minecraft:models/yellowbus/side5","sprite":"minecraft:models/yellowbus/side5"},{"type":"single","resource":"minecraft:models/yellowbus/side4","sprite":"minecraft:models/yellowbus/side4"},{"type":"single","resource":"minecraft:models/yellowbus/side3","sprite":"minecraft:models/yellowbus/side3"},{"type":"single","resource":"minecraft:models/yellowbus/side2","sprite":"minecraft:models/yellowbus/side2"},{"type":"single","resource":"minecraft:models/yellowbus/side1","sprite":"minecraft:models/yellowbus/side1"},{"type":"single","resource":"minecraft:models/yellowbus/numberplate","sprite":"minecraft:models/yellowbus/numberplate"},{"type":"single","resource":"minecraft:models/yellowbus/mirror4","sprite":"minecraft:models/yellowbus/mirror4"},{"type":"single","resource":"minecraft:models/yellowbus/mirror3","sprite":"minecraft:models/yellowbus/mirror3"},{"type":"single","resource":"minecraft:models/yellowbus/mirror2","sprite":"minecraft:models/yellowbus/mirror2"},{"type":"single","resource":"minecraft:models/yellowbus/mirror1","sprite":"minecraft:models/yellowbus/mirror1"},{"type":"single","resource":"minecraft:models/yellowbus/body","sprite":"minecraft:models/yellowbus/body"},{"type":"single","resource":"minecraft:models/yellowbus/base","sprite":"minecraft:models/yellowbus/base"},{"type":"single","resource":"minecraft:models/woman2npc/rightarm","sprite":"minecraft:models/woman2npc/rightarm"},{"type":"single","resource":"minecraft:models/woman2npc/leftarm","sprite":"minecraft:models/woman2npc/leftarm"},{"type":"single","resource":"minecraft:models/woman2npc/layer5","sprite":"minecraft:models/woman2npc/layer5"},{"type":"single","resource":"minecraft:models/woman2npc/layer4","sprite":"minecraft:models/woman2npc/layer4"},{"type":"single","resource":"minecraft:models/woman2npc/layer3","sprite":"minecraft:models/woman2npc/layer3"},{"type":"single","resource":"minecraft:models/woman2npc/layer2","sprite":"minecraft:models/woman2npc/layer2"},{"type":"single","resource":"minecraft:models/woman2npc/layer1","sprite":"minecraft:models/woman2npc/layer1"},{"type":"single","resource":"minecraft:models/woman2npc/head","sprite":"minecraft:models/woman2npc/head"},{"type":"single","resource":"minecraft:models/woman2npc/base","sprite":"minecraft:models/woman2npc/base"},{"type":"single","resource":"minecraft:models/wheelblock/wheelblock_wheel","sprite":"minecraft:models/wheelblock/wheelblock_wheel"},{"type":"single","resource":"minecraft:models/treesticks/strap4","sprite":"minecraft:models/treesticks/strap4"},{"type":"single","resource":"minecraft:models/treesticks/strap3","sprite":"minecraft:models/treesticks/strap3"},{"type":"single","resource":"minecraft:models/treesticks/strap2","sprite":"minecraft:models/treesticks/strap2"},{"type":"single","resource":"minecraft:models/treesticks/strap1","sprite":"minecraft:models/treesticks/strap1"},{"type":"single","resource":"minecraft:models/treesticks/stick4","sprite":"minecraft:models/treesticks/stick4"},{"type":"single","resource":"minecraft:models/treesticks/stick3","sprite":"minecraft:models/treesticks/stick3"},{"type":"single","resource":"minecraft:models/treesticks/stick2","sprite":"minecraft:models/treesticks/stick2"},{"type":"single","resource":"minecraft:models/treesticks/stick1","sprite":"minecraft:models/treesticks/stick1"},{"type":"single","resource":"minecraft:models/trashcan/texture","sprite":"minecraft:models/trashcan/texture"},{"type":"single","resource":"minecraft:models/trafficcone/trafficcone","sprite":"minecraft:models/trafficcone/trafficcone"},{"type":"single","resource":"minecraft:models/sunshade/sunshade_top","sprite":"minecraft:models/sunshade/sunshade_top"},{"type":"single","resource":"minecraft:models/sunshade/sunshade_supportbase","sprite":"minecraft:models/sunshade/sunshade_supportbase"},{"type":"single","resource":"minecraft:models/sunshade/sunshade_support3","sprite":"minecraft:models/sunshade/sunshade_support3"},{"type":"single","resource":"minecraft:models/sunshade/sunshade_support2","sprite":"minecraft:models/sunshade/sunshade_support2"},{"type":"single","resource":"minecraft:models/sunshade/sunshade_support1","sprite":"minecraft:models/sunshade/sunshade_support1"},{"type":"single","resource":"minecraft:models/sunshade/sunshade_front","sprite":"minecraft:models/sunshade/sunshade_front"},{"type":"single","resource":"minecraft:models/sunshade/sunshade_bottom","sprite":"minecraft:models/sunshade/sunshade_bottom"},{"type":"single","resource":"minecraft:models/speedrunnersnpc/texture","sprite":"minecraft:models/speedrunnersnpc/texture"},{"type":"single","resource":"minecraft:models/speedrunnersnpc/leftarm","sprite":"minecraft:models/speedrunnersnpc/leftarm"},{"type":"single","resource":"minecraft:models/speedrunnersnpc/base","sprite":"minecraft:models/speedrunnersnpc/base"},{"type":"single","resource":"minecraft:models/specialproject/tip","sprite":"minecraft:models/specialproject/tip"},{"type":"single","resource":"minecraft:models/specialproject/stem","sprite":"minecraft:models/specialproject/stem"},{"type":"single","resource":"minecraft:models/specialproject/ball2","sprite":"minecraft:models/specialproject/ball2"},{"type":"single","resource":"minecraft:models/specialproject/ball1","sprite":"minecraft:models/specialproject/ball1"},{"type":"single","resource":"minecraft:models/sofa_large_blue/pillow_top","sprite":"minecraft:models/sofa_large_blue/pillow_top"},{"type":"single","resource":"minecraft:models/sofa_large_blue/pillow_bottom","sprite":"minecraft:models/sofa_large_blue/pillow_bottom"},{"type":"single","resource":"minecraft:models/sofa_large_blue/leg4","sprite":"minecraft:models/sofa_large_blue/leg4"},{"type":"single","resource":"minecraft:models/sofa_large_blue/leg3","sprite":"minecraft:models/sofa_large_blue/leg3"},{"type":"single","resource":"minecraft:models/sofa_large_blue/leg2","sprite":"minecraft:models/sofa_large_blue/leg2"},{"type":"single","resource":"minecraft:models/sofa_large_blue/leg1","sprite":"minecraft:models/sofa_large_blue/leg1"},{"type":"single","resource":"minecraft:models/sofa_large_blue/armrest2","sprite":"minecraft:models/sofa_large_blue/armrest2"},{"type":"single","resource":"minecraft:models/sofa_large_blue/armrest1","sprite":"minecraft:models/sofa_large_blue/armrest1"},{"type":"single","resource":"minecraft:models/sofa/pillow_top","sprite":"minecraft:models/sofa/pillow_top"},{"type":"single","resource":"minecraft:models/sofa/pillow_bottom","sprite":"minecraft:models/sofa/pillow_bottom"},{"type":"single","resource":"minecraft:models/sofa/leg4","sprite":"minecraft:models/sofa/leg4"},{"type":"single","resource":"minecraft:models/sofa/leg3","sprite":"minecraft:models/sofa/leg3"},{"type":"single","resource":"minecraft:models/sofa/leg2","sprite":"minecraft:models/sofa/leg2"},{"type":"single","resource":"minecraft:models/sofa/leg1","sprite":"minecraft:models/sofa/leg1"},{"type":"single","resource":"minecraft:models/sofa/armrest2","sprite":"minecraft:models/sofa/armrest2"},{"type":"single","resource":"minecraft:models/sofa/armrest1","sprite":"minecraft:models/sofa/armrest1"},{"type":"single","resource":"minecraft:models/showmannpc/rightarm","sprite":"minecraft:models/showmannpc/rightarm"},{"type":"single","resource":"minecraft:models/showmannpc/leftarm","sprite":"minecraft:models/showmannpc/leftarm"},{"type":"single","resource":"minecraft:models/showmannpc/layer2","sprite":"minecraft:models/showmannpc/layer2"},{"type":"single","resource":"minecraft:models/showmannpc/layer1","sprite":"minecraft:models/showmannpc/layer1"},{"type":"single","resource":"minecraft:models/showmannpc/head","sprite":"minecraft:models/showmannpc/head"},{"type":"single","resource":"minecraft:models/showmannpc/base","sprite":"minecraft:models/showmannpc/base"},{"type":"single","resource":"minecraft:models/shopshelf/wall","sprite":"minecraft:models/shopshelf/wall"},{"type":"single","resource":"minecraft:models/shopshelf/top","sprite":"minecraft:models/shopshelf/top"},{"type":"single","resource":"minecraft:models/shopshelf/base","sprite":"minecraft:models/shopshelf/base"},{"type":"single","resource":"minecraft:models/shopshelf/3","sprite":"minecraft:models/shopshelf/3"},{"type":"single","resource":"minecraft:models/shopshelf/2","sprite":"minecraft:models/shopshelf/2"},{"type":"single","resource":"minecraft:models/shopshelf/1","sprite":"minecraft:models/shopshelf/1"},{"type":"single","resource":"minecraft:models/shoppingcart/wheel4","sprite":"minecraft:models/shoppingcart/wheel4"},{"type":"single","resource":"minecraft:models/shoppingcart/wheel3","sprite":"minecraft:models/shoppingcart/wheel3"},{"type":"single","resource":"minecraft:models/shoppingcart/wheel2","sprite":"minecraft:models/shoppingcart/wheel2"},{"type":"single","resource":"minecraft:models/shoppingcart/wheel1","sprite":"minecraft:models/shoppingcart/wheel1"},{"type":"single","resource":"minecraft:models/shoppingcart/side2","sprite":"minecraft:models/shoppingcart/side2"},{"type":"single","resource":"minecraft:models/shoppingcart/side","sprite":"minecraft:models/shoppingcart/side"},{"type":"single","resource":"minecraft:models/shoppingcart/handle2","sprite":"minecraft:models/shoppingcart/handle2"},{"type":"single","resource":"minecraft:models/shoppingcart/handle1","sprite":"minecraft:models/shoppingcart/handle1"},{"type":"single","resource":"minecraft:models/shoppingcart/handle","sprite":"minecraft:models/shoppingcart/handle"},{"type":"single","resource":"minecraft:models/shoppingcart/front","sprite":"minecraft:models/shoppingcart/front"},{"type":"single","resource":"minecraft:models/shoppingcart/bottom","sprite":"minecraft:models/shoppingcart/bottom"},{"type":"single","resource":"minecraft:models/shoppingcart/base","sprite":"minecraft:models/shoppingcart/base"},{"type":"single","resource":"minecraft:models/shoppingcart/bar2","sprite":"minecraft:models/shoppingcart/bar2"},{"type":"single","resource":"minecraft:models/shoppingcart/bar1","sprite":"minecraft:models/shoppingcart/bar1"},{"type":"single","resource":"minecraft:models/shoppingcart/back","sprite":"minecraft:models/shoppingcart/back"},{"type":"single","resource":"minecraft:models/rocks/stonerock2","sprite":"minecraft:models/rocks/stonerock2"},{"type":"single","resource":"minecraft:models/rocks/stonerock1","sprite":"minecraft:models/rocks/stonerock1"},{"type":"single","resource":"minecraft:models/rocks/orangerock2","sprite":"minecraft:models/rocks/orangerock2"},{"type":"single","resource":"minecraft:models/rocks/orangerock1","sprite":"minecraft:models/rocks/orangerock1"},{"type":"single","resource":"minecraft:models/robot/shoulder_2","sprite":"minecraft:models/robot/shoulder_2"},{"type":"single","resource":"minecraft:models/robot/shoulder_1","sprite":"minecraft:models/robot/shoulder_1"},{"type":"single","resource":"minecraft:models/robot/robot1","sprite":"minecraft:models/robot/robot1"},{"type":"single","resource":"minecraft:models/robot/neck","sprite":"minecraft:models/robot/neck"},{"type":"single","resource":"minecraft:models/robot/joint_2","sprite":"minecraft:models/robot/joint_2"},{"type":"single","resource":"minecraft:models/robot/joint_1","sprite":"minecraft:models/robot/joint_1"},{"type":"single","resource":"minecraft:models/robot/head","sprite":"minecraft:models/robot/head"},{"type":"single","resource":"minecraft:models/robot/eye","sprite":"minecraft:models/robot/eye"},{"type":"single","resource":"minecraft:models/robot/ear_2","sprite":"minecraft:models/robot/ear_2"},{"type":"single","resource":"minecraft:models/robot/ear_1","sprite":"minecraft:models/robot/ear_1"},{"type":"single","resource":"minecraft:models/robot/claw_2b","sprite":"minecraft:models/robot/claw_2b"},{"type":"single","resource":"minecraft:models/robot/claw_2","sprite":"minecraft:models/robot/claw_2"},{"type":"single","resource":"minecraft:models/robot/claw_1","sprite":"minecraft:models/robot/claw_1"},{"type":"single","resource":"minecraft:models/robot/claw_1-b","sprite":"minecraft:models/robot/claw_1-b"},{"type":"single","resource":"minecraft:models/robot/bottom_4","sprite":"minecraft:models/robot/bottom_4"},{"type":"single","resource":"minecraft:models/robot/bottom_3","sprite":"minecraft:models/robot/bottom_3"},{"type":"single","resource":"minecraft:models/robot/bottom_2","sprite":"minecraft:models/robot/bottom_2"},{"type":"single","resource":"minecraft:models/robot/bottom_1","sprite":"minecraft:models/robot/bottom_1"},{"type":"single","resource":"minecraft:models/robot/body","sprite":"minecraft:models/robot/body"},{"type":"single","resource":"minecraft:models/robot/arm_2","sprite":"minecraft:models/robot/arm_2"},{"type":"single","resource":"minecraft:models/robot/arm_2-b","sprite":"minecraft:models/robot/arm_2-b"},{"type":"single","resource":"minecraft:models/robot/arm_1","sprite":"minecraft:models/robot/arm_1"},{"type":"single","resource":"minecraft:models/robot/arm_1-b","sprite":"minecraft:models/robot/arm_1-b"},{"type":"single","resource":"minecraft:models/robot/antenna_2","sprite":"minecraft:models/robot/antenna_2"},{"type":"single","resource":"minecraft:models/robot/antenna_1","sprite":"minecraft:models/robot/antenna_1"},{"type":"single","resource":"minecraft:models/roadblock/support2","sprite":"minecraft:models/roadblock/support2"},{"type":"single","resource":"minecraft:models/roadblock/support1","sprite":"minecraft:models/roadblock/support1"},{"type":"single","resource":"minecraft:models/roadblock/leg4","sprite":"minecraft:models/roadblock/leg4"},{"type":"single","resource":"minecraft:models/roadblock/leg3","sprite":"minecraft:models/roadblock/leg3"},{"type":"single","resource":"minecraft:models/roadblock/leg2","sprite":"minecraft:models/roadblock/leg2"},{"type":"single","resource":"minecraft:models/roadblock/leg1","sprite":"minecraft:models/roadblock/leg1"},{"type":"single","resource":"minecraft:models/roadblock/board","sprite":"minecraft:models/roadblock/board"},{"type":"single","resource":"minecraft:models/redumbrella/top","sprite":"minecraft:models/redumbrella/top"},{"type":"single","resource":"minecraft:models/redumbrella/support4","sprite":"minecraft:models/redumbrella/support4"},{"type":"single","resource":"minecraft:models/redumbrella/support3","sprite":"minecraft:models/redumbrella/support3"},{"type":"single","resource":"minecraft:models/redumbrella/support2","sprite":"minecraft:models/redumbrella/support2"},{"type":"single","resource":"minecraft:models/redumbrella/support1","sprite":"minecraft:models/redumbrella/support1"},{"type":"single","resource":"minecraft:models/redumbrella/side4","sprite":"minecraft:models/redumbrella/side4"},{"type":"single","resource":"minecraft:models/redumbrella/side3","sprite":"minecraft:models/redumbrella/side3"},{"type":"single","resource":"minecraft:models/redumbrella/side2","sprite":"minecraft:models/redumbrella/side2"},{"type":"single","resource":"minecraft:models/redumbrella/side1","sprite":"minecraft:models/redumbrella/side1"},{"type":"single","resource":"minecraft:models/redumbrella/poll","sprite":"minecraft:models/redumbrella/poll"},{"type":"single","resource":"minecraft:models/redconvertible/redconvertible","sprite":"minecraft:models/redconvertible/redconvertible"},{"type":"single","resource":"minecraft:models/redconvertible","sprite":"minecraft:models/redconvertible"},{"type":"single","resource":"minecraft:models/propeller/propeller","sprite":"minecraft:models/propeller/propeller"},{"type":"single","resource":"minecraft:models/poster1/poster1","sprite":"minecraft:models/poster1/poster1"},{"type":"single","resource":"minecraft:models/pipe/pipe_8","sprite":"minecraft:models/pipe/pipe_8"},{"type":"single","resource":"minecraft:models/pipe/pipe_7","sprite":"minecraft:models/pipe/pipe_7"},{"type":"single","resource":"minecraft:models/pipe/pipe_6","sprite":"minecraft:models/pipe/pipe_6"},{"type":"single","resource":"minecraft:models/pipe/pipe_5","sprite":"minecraft:models/pipe/pipe_5"},{"type":"single","resource":"minecraft:models/pipe/pipe_4","sprite":"minecraft:models/pipe/pipe_4"},{"type":"single","resource":"minecraft:models/pipe/pipe_3","sprite":"minecraft:models/pipe/pipe_3"},{"type":"single","resource":"minecraft:models/pipe/pipe_2","sprite":"minecraft:models/pipe/pipe_2"},{"type":"single","resource":"minecraft:models/pipe/pipe_1","sprite":"minecraft:models/pipe/pipe_1"},{"type":"single","resource":"minecraft:models/pinksofa/pinksofa_seat","sprite":"minecraft:models/pinksofa/pinksofa_seat"},{"type":"single","resource":"minecraft:models/pinksofa/pinksofa_leg1","sprite":"minecraft:models/pinksofa/pinksofa_leg1"},{"type":"single","resource":"minecraft:models/pinksofa/pinksofa_backrest","sprite":"minecraft:models/pinksofa/pinksofa_backrest"},{"type":"single","resource":"minecraft:models/pinksofa/pinksofa_back1","sprite":"minecraft:models/pinksofa/pinksofa_back1"},{"type":"single","resource":"minecraft:models/pinksofa/pinksofa_armrest2","sprite":"minecraft:models/pinksofa/pinksofa_armrest2"},{"type":"single","resource":"minecraft:models/pinksofa/pinksofa_armrest1","sprite":"minecraft:models/pinksofa/pinksofa_armrest1"},{"type":"single","resource":"minecraft:models/pinksofa/pinklsofa_armrest1","sprite":"minecraft:models/pinksofa/pinklsofa_armrest1"},{"type":"single","resource":"minecraft:models/parkseat/support","sprite":"minecraft:models/parkseat/support"},{"type":"single","resource":"minecraft:models/parkseat/plank","sprite":"minecraft:models/parkseat/plank"},{"type":"single","resource":"minecraft:models/orangesofa/orangesofa_seat","sprite":"minecraft:models/orangesofa/orangesofa_seat"},{"type":"single","resource":"minecraft:models/orangesofa/orangesofa_leg1","sprite":"minecraft:models/orangesofa/orangesofa_leg1"},{"type":"single","resource":"minecraft:models/orangesofa/orangesofa_backrest","sprite":"minecraft:models/orangesofa/orangesofa_backrest"},{"type":"single","resource":"minecraft:models/orangesofa/orangesofa_back1","sprite":"minecraft:models/orangesofa/orangesofa_back1"},{"type":"single","resource":"minecraft:models/orangesofa/orangesofa_armrest2","sprite":"minecraft:models/orangesofa/orangesofa_armrest2"},{"type":"single","resource":"minecraft:models/orangesofa/orangesofa_armrest1","sprite":"minecraft:models/orangesofa/orangesofa_armrest1"},{"type":"single","resource":"minecraft:models/mysterylootbox/mysterylootbox","sprite":"minecraft:models/mysterylootbox/mysterylootbox"},{"type":"single","resource":"minecraft:models/minernpc/texture","sprite":"minecraft:models/minernpc/texture"},{"type":"single","resource":"minecraft:models/minernpc/rightarm","sprite":"minecraft:models/minernpc/rightarm"},{"type":"single","resource":"minecraft:models/minernpc/leftarm","sprite":"minecraft:models/minernpc/leftarm"},{"type":"single","resource":"minecraft:models/minernpc/gold5","sprite":"minecraft:models/minernpc/gold5"},{"type":"single","resource":"minecraft:models/minernpc/gold4","sprite":"minecraft:models/minernpc/gold4"},{"type":"single","resource":"minecraft:models/minernpc/gold3","sprite":"minecraft:models/minernpc/gold3"},{"type":"single","resource":"minecraft:models/minernpc/gold2","sprite":"minecraft:models/minernpc/gold2"},{"type":"single","resource":"minecraft:models/minernpc/gold1","sprite":"minecraft:models/minernpc/gold1"},{"type":"single","resource":"minecraft:models/minernpc/base","sprite":"minecraft:models/minernpc/base"},{"type":"single","resource":"minecraft:models/mail1/top","sprite":"minecraft:models/mail1/top"},{"type":"single","resource":"minecraft:models/mail1/stand","sprite":"minecraft:models/mail1/stand"},{"type":"single","resource":"minecraft:models/mail1/letter","sprite":"minecraft:models/mail1/letter"},{"type":"single","resource":"minecraft:models/mail1/bottom","sprite":"minecraft:models/mail1/bottom"},{"type":"single","resource":"minecraft:models/mail1/base","sprite":"minecraft:models/mail1/base"},{"type":"single","resource":"minecraft:models/lifestealnpc/texture","sprite":"minecraft:models/lifestealnpc/texture"},{"type":"single","resource":"minecraft:models/lifestealnpc/leftarm","sprite":"minecraft:models/lifestealnpc/leftarm"},{"type":"single","resource":"minecraft:models/lifestealnpc/base","sprite":"minecraft:models/lifestealnpc/base"},{"type":"single","resource":"minecraft:models/laptop/screen","sprite":"minecraft:models/laptop/screen"},{"type":"single","resource":"minecraft:models/laptop/body","sprite":"minecraft:models/laptop/body"},{"type":"single","resource":"minecraft:models/lamp/poll","sprite":"minecraft:models/lamp/poll"},{"type":"single","resource":"minecraft:models/lamp/light","sprite":"minecraft:models/lamp/light"},{"type":"single","resource":"minecraft:models/lamp/lamp","sprite":"minecraft:models/lamp/lamp"},{"type":"single","resource":"minecraft:models/lamp/base2","sprite":"minecraft:models/lamp/base2"},{"type":"single","resource":"minecraft:models/lamp/base","sprite":"minecraft:models/lamp/base"},{"type":"single","resource":"minecraft:models/lamp/arm","sprite":"minecraft:models/lamp/arm"},{"type":"single","resource":"minecraft:models/islandselector/islandselector","sprite":"minecraft:models/islandselector/islandselector"},{"type":"single","resource":"minecraft:models/invisibleseat/invisibleseat","sprite":"minecraft:models/invisibleseat/invisibleseat"},{"type":"single","resource":"minecraft:models/haylenplus/3","sprite":"minecraft:models/haylenplus/3"},{"type":"single","resource":"minecraft:models/haylenplus/2","sprite":"minecraft:models/haylenplus/2"},{"type":"single","resource":"minecraft:models/haylenplus/1","sprite":"minecraft:models/haylenplus/1"},{"type":"single","resource":"minecraft:models/greensofa/greensofa_seat","sprite":"minecraft:models/greensofa/greensofa_seat"},{"type":"single","resource":"minecraft:models/greensofa/greensofa_leg1","sprite":"minecraft:models/greensofa/greensofa_leg1"},{"type":"single","resource":"minecraft:models/greensofa/greensofa_backrest","sprite":"minecraft:models/greensofa/greensofa_backrest"},{"type":"single","resource":"minecraft:models/greensofa/greensofa_back1","sprite":"minecraft:models/greensofa/greensofa_back1"},{"type":"single","resource":"minecraft:models/greensofa/greensofa_armrest2","sprite":"minecraft:models/greensofa/greensofa_armrest2"},{"type":"single","resource":"minecraft:models/greensofa/greensofa_armrest1","sprite":"minecraft:models/greensofa/greensofa_armrest1"},{"type":"single","resource":"minecraft:models/gameselector/gameselector","sprite":"minecraft:models/gameselector/gameselector"},{"type":"single","resource":"minecraft:models/eventselector/eventselector","sprite":"minecraft:models/eventselector/eventselector"},{"type":"single","resource":"minecraft:models/crates/mysterylootbox-yellow","sprite":"minecraft:models/crates/mysterylootbox-yellow"},{"type":"single","resource":"minecraft:models/crates/mysterylootbox-red","sprite":"minecraft:models/crates/mysterylootbox-red"},{"type":"single","resource":"minecraft:models/crates/mysterylootbox-purple","sprite":"minecraft:models/crates/mysterylootbox-purple"},{"type":"single","resource":"minecraft:models/crates/mysterylootbox-pink","sprite":"minecraft:models/crates/mysterylootbox-pink"},{"type":"single","resource":"minecraft:models/crates/mysterylootbox-blue","sprite":"minecraft:models/crates/mysterylootbox-blue"},{"type":"single","resource":"minecraft:models/craftquestnpc/texture","sprite":"minecraft:models/craftquestnpc/texture"},{"type":"single","resource":"minecraft:models/craftquestnpc/leftarm","sprite":"minecraft:models/craftquestnpc/leftarm"},{"type":"single","resource":"minecraft:models/craftquestnpc/base","sprite":"minecraft:models/craftquestnpc/base"},{"type":"single","resource":"minecraft:models/computer/computer_pc","sprite":"minecraft:models/computer/computer_pc"},{"type":"single","resource":"minecraft:models/computer/computer_mouse","sprite":"minecraft:models/computer/computer_mouse"},{"type":"single","resource":"minecraft:models/computer/computer_monitorstand","sprite":"minecraft:models/computer/computer_monitorstand"},{"type":"single","resource":"minecraft:models/computer/computer_monitor","sprite":"minecraft:models/computer/computer_monitor"},{"type":"single","resource":"minecraft:models/computer/computer_keyboard","sprite":"minecraft:models/computer/computer_keyboard"},{"type":"single","resource":"minecraft:models/clickforinfo/side4","sprite":"minecraft:models/clickforinfo/side4"},{"type":"single","resource":"minecraft:models/clickforinfo/side3","sprite":"minecraft:models/clickforinfo/side3"},{"type":"single","resource":"minecraft:models/clickforinfo/side2","sprite":"minecraft:models/clickforinfo/side2"},{"type":"single","resource":"minecraft:models/clickforinfo/side1","sprite":"minecraft:models/clickforinfo/side1"},{"type":"single","resource":"minecraft:models/clickforinfo/main2","sprite":"minecraft:models/clickforinfo/main2"},{"type":"single","resource":"minecraft:models/clickforinfo/main1","sprite":"minecraft:models/clickforinfo/main1"},{"type":"single","resource":"minecraft:models/clickforinfo/lid","sprite":"minecraft:models/clickforinfo/lid"},{"type":"single","resource":"minecraft:models/classiccrate/classiccrate","sprite":"minecraft:models/classiccrate/classiccrate"},{"type":"single","resource":"minecraft:models/cashregister/screen","sprite":"minecraft:models/cashregister/screen"},{"type":"single","resource":"minecraft:models/cashregister/receipt","sprite":"minecraft:models/cashregister/receipt"},{"type":"single","resource":"minecraft:models/cashregister/buttons2","sprite":"minecraft:models/cashregister/buttons2"},{"type":"single","resource":"minecraft:models/cashregister/buttons","sprite":"minecraft:models/cashregister/buttons"},{"type":"single","resource":"minecraft:models/cashregister/base","sprite":"minecraft:models/cashregister/base"},{"type":"single","resource":"minecraft:models/cashregister/arm","sprite":"minecraft:models/cashregister/arm"},{"type":"single","resource":"minecraft:models/cars/yellowcar","sprite":"minecraft:models/cars/yellowcar"},{"type":"single","resource":"minecraft:models/cars/windscreen","sprite":"minecraft:models/cars/windscreen"},{"type":"single","resource":"minecraft:models/cars/redcar","sprite":"minecraft:models/cars/redcar"},{"type":"single","resource":"minecraft:models/cars/greencar","sprite":"minecraft:models/cars/greencar"},{"type":"single","resource":"minecraft:models/cars/bluecar","sprite":"minecraft:models/cars/bluecar"},{"type":"single","resource":"minecraft:models/car1/wheel4","sprite":"minecraft:models/car1/wheel4"},{"type":"single","resource":"minecraft:models/car1/wheel4-c","sprite":"minecraft:models/car1/wheel4-c"},{"type":"single","resource":"minecraft:models/car1/wheel4-b","sprite":"minecraft:models/car1/wheel4-b"},{"type":"single","resource":"minecraft:models/car1/wheel4-a","sprite":"minecraft:models/car1/wheel4-a"},{"type":"single","resource":"minecraft:models/car1/wheel3","sprite":"minecraft:models/car1/wheel3"},{"type":"single","resource":"minecraft:models/car1/wheel3-c","sprite":"minecraft:models/car1/wheel3-c"},{"type":"single","resource":"minecraft:models/car1/wheel3-b","sprite":"minecraft:models/car1/wheel3-b"},{"type":"single","resource":"minecraft:models/car1/wheel3-a","sprite":"minecraft:models/car1/wheel3-a"},{"type":"single","resource":"minecraft:models/car1/wheel2","sprite":"minecraft:models/car1/wheel2"},{"type":"single","resource":"minecraft:models/car1/wheel2-c","sprite":"minecraft:models/car1/wheel2-c"},{"type":"single","resource":"minecraft:models/car1/wheel2-b","sprite":"minecraft:models/car1/wheel2-b"},{"type":"single","resource":"minecraft:models/car1/wheel2-a","sprite":"minecraft:models/car1/wheel2-a"},{"type":"single","resource":"minecraft:models/car1/wheel1","sprite":"minecraft:models/car1/wheel1"},{"type":"single","resource":"minecraft:models/car1/wheel1-c","sprite":"minecraft:models/car1/wheel1-c"},{"type":"single","resource":"minecraft:models/car1/wheel1-b","sprite":"minecraft:models/car1/wheel1-b"},{"type":"single","resource":"minecraft:models/car1/wheel1-a","sprite":"minecraft:models/car1/wheel1-a"},{"type":"single","resource":"minecraft:models/car1/side2","sprite":"minecraft:models/car1/side2"},{"type":"single","resource":"minecraft:models/car1/side1","sprite":"minecraft:models/car1/side1"},{"type":"single","resource":"minecraft:models/car1/roof","sprite":"minecraft:models/car1/roof"},{"type":"single","resource":"minecraft:models/car1/body","sprite":"minecraft:models/car1/body"},{"type":"single","resource":"minecraft:models/busstop/top6","sprite":"minecraft:models/busstop/top6"},{"type":"single","resource":"minecraft:models/busstop/top5","sprite":"minecraft:models/busstop/top5"},{"type":"single","resource":"minecraft:models/busstop/top3","sprite":"minecraft:models/busstop/top3"},{"type":"single","resource":"minecraft:models/busstop/top2","sprite":"minecraft:models/busstop/top2"},{"type":"single","resource":"minecraft:models/busstop/top1","sprite":"minecraft:models/busstop/top1"},{"type":"single","resource":"minecraft:models/busstop/poll4","sprite":"minecraft:models/busstop/poll4"},{"type":"single","resource":"minecraft:models/busstop/poll3","sprite":"minecraft:models/busstop/poll3"},{"type":"single","resource":"minecraft:models/busstop/poll2","sprite":"minecraft:models/busstop/poll2"},{"type":"single","resource":"minecraft:models/busstop/poll1","sprite":"minecraft:models/busstop/poll1"},{"type":"single","resource":"minecraft:models/busstop/layer3","sprite":"minecraft:models/busstop/layer3"},{"type":"single","resource":"minecraft:models/busstop/layer2","sprite":"minecraft:models/busstop/layer2"},{"type":"single","resource":"minecraft:models/busstop/layer1","sprite":"minecraft:models/busstop/layer1"},{"type":"single","resource":"minecraft:models/busstop/glass2","sprite":"minecraft:models/busstop/glass2"},{"type":"single","resource":"minecraft:models/busstop/glass1","sprite":"minecraft:models/busstop/glass1"},{"type":"single","resource":"minecraft:models/busstop/base4","sprite":"minecraft:models/busstop/base4"},{"type":"single","resource":"minecraft:models/busstop/base3","sprite":"minecraft:models/busstop/base3"},{"type":"single","resource":"minecraft:models/busstop/base2","sprite":"minecraft:models/busstop/base2"},{"type":"single","resource":"minecraft:models/busstop/base1","sprite":"minecraft:models/busstop/base1"},{"type":"single","resource":"minecraft:models/busstop/base","sprite":"minecraft:models/busstop/base"},{"type":"single","resource":"minecraft:models/busstop/ad2","sprite":"minecraft:models/busstop/ad2"},{"type":"single","resource":"minecraft:models/busstop/ad1","sprite":"minecraft:models/busstop/ad1"},{"type":"single","resource":"minecraft:models/bussign/xtable","sprite":"minecraft:models/bussign/xtable"},{"type":"single","resource":"minecraft:models/bussign/sign","sprite":"minecraft:models/bussign/sign"},{"type":"single","resource":"minecraft:models/bussign/poll_top","sprite":"minecraft:models/bussign/poll_top"},{"type":"single","resource":"minecraft:models/bussign/poll_side","sprite":"minecraft:models/bussign/poll_side"},{"type":"single","resource":"minecraft:models/bussign/poll","sprite":"minecraft:models/bussign/poll"},{"type":"single","resource":"minecraft:models/bunting/pole2","sprite":"minecraft:models/bunting/pole2"},{"type":"single","resource":"minecraft:models/bunting/pole","sprite":"minecraft:models/bunting/pole"},{"type":"single","resource":"minecraft:models/bunting/flag6","sprite":"minecraft:models/bunting/flag6"},{"type":"single","resource":"minecraft:models/bunting/flag5","sprite":"minecraft:models/bunting/flag5"},{"type":"single","resource":"minecraft:models/bunting/flag4","sprite":"minecraft:models/bunting/flag4"},{"type":"single","resource":"minecraft:models/bunting/flag3","sprite":"minecraft:models/bunting/flag3"},{"type":"single","resource":"minecraft:models/bunting/flag2","sprite":"minecraft:models/bunting/flag2"},{"type":"single","resource":"minecraft:models/bunting/flag1","sprite":"minecraft:models/bunting/flag1"},{"type":"single","resource":"minecraft:models/bunting/6","sprite":"minecraft:models/bunting/6"},{"type":"single","resource":"minecraft:models/bunting/5","sprite":"minecraft:models/bunting/5"},{"type":"single","resource":"minecraft:models/bunting/4","sprite":"minecraft:models/bunting/4"},{"type":"single","resource":"minecraft:models/bunting/3","sprite":"minecraft:models/bunting/3"},{"type":"single","resource":"minecraft:models/bunting/2","sprite":"minecraft:models/bunting/2"},{"type":"single","resource":"minecraft:models/bunting/1","sprite":"minecraft:models/bunting/1"},{"type":"single","resource":"minecraft:models/bluetruck/bluetruck","sprite":"minecraft:models/bluetruck/bluetruck"},{"type":"single","resource":"minecraft:models/bluesofa/bluesofa_seat","sprite":"minecraft:models/bluesofa/bluesofa_seat"},{"type":"single","resource":"minecraft:models/bluesofa/bluesofa_leg1","sprite":"minecraft:models/bluesofa/bluesofa_leg1"},{"type":"single","resource":"minecraft:models/bluesofa/bluesofa_backrest","sprite":"minecraft:models/bluesofa/bluesofa_backrest"},{"type":"single","resource":"minecraft:models/bluesofa/bluesofa_back1","sprite":"minecraft:models/bluesofa/bluesofa_back1"},{"type":"single","resource":"minecraft:models/bluesofa/bluesofa_armrest2","sprite":"minecraft:models/bluesofa/bluesofa_armrest2"},{"type":"single","resource":"minecraft:models/bluesofa/bluesofa_armrest1","sprite":"minecraft:models/bluesofa/bluesofa_armrest1"},{"type":"single","resource":"minecraft:models/bluecar/wheel4","sprite":"minecraft:models/bluecar/wheel4"},{"type":"single","resource":"minecraft:models/bluecar/wheel3","sprite":"minecraft:models/bluecar/wheel3"},{"type":"single","resource":"minecraft:models/bluecar/wheel2","sprite":"minecraft:models/bluecar/wheel2"},{"type":"single","resource":"minecraft:models/bluecar/wheel1","sprite":"minecraft:models/bluecar/wheel1"},{"type":"single","resource":"minecraft:models/bluecar/top","sprite":"minecraft:models/bluecar/top"},{"type":"single","resource":"minecraft:models/bluecar/support2","sprite":"minecraft:models/bluecar/support2"},{"type":"single","resource":"minecraft:models/bluecar/support1","sprite":"minecraft:models/bluecar/support1"},{"type":"single","resource":"minecraft:models/bluecar/side9","sprite":"minecraft:models/bluecar/side9"},{"type":"single","resource":"minecraft:models/bluecar/side8","sprite":"minecraft:models/bluecar/side8"},{"type":"single","resource":"minecraft:models/bluecar/side7","sprite":"minecraft:models/bluecar/side7"},{"type":"single","resource":"minecraft:models/bluecar/side6","sprite":"minecraft:models/bluecar/side6"},{"type":"single","resource":"minecraft:models/bluecar/side5","sprite":"minecraft:models/bluecar/side5"},{"type":"single","resource":"minecraft:models/bluecar/side4","sprite":"minecraft:models/bluecar/side4"},{"type":"single","resource":"minecraft:models/bluecar/side3","sprite":"minecraft:models/bluecar/side3"},{"type":"single","resource":"minecraft:models/bluecar/side2","sprite":"minecraft:models/bluecar/side2"},{"type":"single","resource":"minecraft:models/bluecar/side12","sprite":"minecraft:models/bluecar/side12"},{"type":"single","resource":"minecraft:models/bluecar/side11","sprite":"minecraft:models/bluecar/side11"},{"type":"single","resource":"minecraft:models/bluecar/side10","sprite":"minecraft:models/bluecar/side10"},{"type":"single","resource":"minecraft:models/bluecar/side1","sprite":"minecraft:models/bluecar/side1"},{"type":"single","resource":"minecraft:models/bluecar/plate","sprite":"minecraft:models/bluecar/plate"},{"type":"single","resource":"minecraft:models/bluecar/mirror2","sprite":"minecraft:models/bluecar/mirror2"},{"type":"single","resource":"minecraft:models/bluecar/mirror1","sprite":"minecraft:models/bluecar/mirror1"},{"type":"single","resource":"minecraft:models/bluecar/base","sprite":"minecraft:models/bluecar/base"},{"type":"single","resource":"minecraft:models/bigbin/lid1","sprite":"minecraft:models/bigbin/lid1"},{"type":"single","resource":"minecraft:models/bigbin/base2","sprite":"minecraft:models/bigbin/base2"},{"type":"single","resource":"minecraft:models/bigbin/base1","sprite":"minecraft:models/bigbin/base1"},{"type":"single","resource":"minecraft:models/bigbin/base","sprite":"minecraft:models/bigbin/base"},{"type":"single","resource":"minecraft:models/bigarrow/8a","sprite":"minecraft:models/bigarrow/8a"},{"type":"single","resource":"minecraft:models/bigarrow/7a","sprite":"minecraft:models/bigarrow/7a"},{"type":"single","resource":"minecraft:models/bigarrow/6a","sprite":"minecraft:models/bigarrow/6a"},{"type":"single","resource":"minecraft:models/bigarrow/5a","sprite":"minecraft:models/bigarrow/5a"},{"type":"single","resource":"minecraft:models/bigarrow/4a","sprite":"minecraft:models/bigarrow/4a"},{"type":"single","resource":"minecraft:models/bigarrow/3a","sprite":"minecraft:models/bigarrow/3a"},{"type":"single","resource":"minecraft:models/bigarrow/2a","sprite":"minecraft:models/bigarrow/2a"},{"type":"single","resource":"minecraft:models/bigarrow/1a","sprite":"minecraft:models/bigarrow/1a"},{"type":"single","resource":"minecraft:models/bigarrow/0a","sprite":"minecraft:models/bigarrow/0a"},{"type":"single","resource":"minecraft:models/beacondevice/beacondevice_side","sprite":"minecraft:models/beacondevice/beacondevice_side"},{"type":"single","resource":"minecraft:models/beacondevice/beacondevice_platform","sprite":"minecraft:models/beacondevice/beacondevice_platform"},{"type":"single","resource":"minecraft:models/beacondevice/beacondevice_bottom","sprite":"minecraft:models/beacondevice/beacondevice_bottom"},{"type":"single","resource":"minecraft:models/battlebot-robot/battlebot-robot","sprite":"minecraft:models/battlebot-robot/battlebot-robot"},{"type":"single","resource":"minecraft:models/battlebot-player/battlebot-player","sprite":"minecraft:models/battlebot-player/battlebot-player"},{"type":"single","resource":"minecraft:models/armor/leather_layer_2_overlay","sprite":"minecraft:models/armor/leather_layer_2_overlay"},{"type":"single","resource":"minecraft:models/armor/leather_layer_1_overlay","sprite":"minecraft:models/armor/leather_layer_1_overlay"},{"type":"single","resource":"minecraft:mob_effect/hunger","sprite":"minecraft:mob_effect/hunger"},{"type":"single","resource":"minecraft:misc/underwater","sprite":"minecraft:misc/underwater"},{"type":"single","resource":"minecraft:item/empty_armor_slot_shield","sprite":"minecraft:item/empty_armor_slot_shield"},{"type":"single","resource":"minecraft:item/empty_armor_slot_leggings","sprite":"minecraft:item/empty_armor_slot_leggings"},{"type":"single","resource":"minecraft:item/empty_armor_slot_helmet","sprite":"minecraft:item/empty_armor_slot_helmet"},{"type":"single","resource":"minecraft:item/empty_armor_slot_chestplate","sprite":"minecraft:item/empty_armor_slot_chestplate"},{"type":"single","resource":"minecraft:item/empty_armor_slot_boots","sprite":"minecraft:item/empty_armor_slot_boots"},{"type":"single","resource":"minecraft:interface/bedwarsupgradesinterface","sprite":"minecraft:interface/bedwarsupgradesinterface"},{"type":"single","resource":"minecraft:interface/bedwarsshopinterface","sprite":"minecraft:interface/bedwarsshopinterface"},{"type":"single","resource":"minecraft:gui/widgets","sprite":"minecraft:gui/widgets"},{"type":"single","resource":"minecraft:gui/toasts","sprite":"minecraft:gui/toasts"},{"type":"single","resource":"minecraft:gui/social_interactions","sprite":"minecraft:gui/social_interactions"},{"type":"single","resource":"minecraft:gui/slider","sprite":"minecraft:gui/slider"},{"type":"single","resource":"minecraft:gui/report_button","sprite":"minecraft:gui/report_button"},{"type":"single","resource":"minecraft:gui/recipe_button","sprite":"minecraft:gui/recipe_button"},{"type":"single","resource":"minecraft:gui/recipe_book","sprite":"minecraft:gui/recipe_book"},{"type":"single","resource":"minecraft:gui/options_background","sprite":"minecraft:gui/options_background"},{"type":"single","resource":"minecraft:gui/icons","sprite":"minecraft:gui/icons"},{"type":"single","resource":"minecraft:gui/demo_background","sprite":"minecraft:gui/demo_background"},{"type":"single","resource":"minecraft:gui/container/villager2","sprite":"minecraft:gui/container/villager2"},{"type":"single","resource":"minecraft:gui/container/stonecutter","sprite":"minecraft:gui/container/stonecutter"},{"type":"single","resource":"minecraft:gui/container/stats_icons","sprite":"minecraft:gui/container/stats_icons"},{"type":"single","resource":"minecraft:gui/container/smoker","sprite":"minecraft:gui/container/smoker"},{"type":"single","resource":"minecraft:gui/container/smithing_table","sprite":"minecraft:gui/container/smithing_table"},{"type":"single","resource":"minecraft:gui/container/shulker_box","sprite":"minecraft:gui/container/shulker_box"},{"type":"single","resource":"minecraft:gui/container/loom","sprite":"minecraft:gui/container/loom"},{"type":"single","resource":"minecraft:gui/container/inventory","sprite":"minecraft:gui/container/inventory"},{"type":"single","resource":"minecraft:gui/container/horse","sprite":"minecraft:gui/container/horse"},{"type":"single","resource":"minecraft:gui/container/hopper","sprite":"minecraft:gui/container/hopper"},{"type":"single","resource":"minecraft:gui/container/grindstone","sprite":"minecraft:gui/container/grindstone"},{"type":"single","resource":"minecraft:gui/container/generic_54","sprite":"minecraft:gui/container/generic_54"},{"type":"single","resource":"minecraft:gui/container/furnace","sprite":"minecraft:gui/container/furnace"},{"type":"single","resource":"minecraft:gui/container/enderchestinterface","sprite":"minecraft:gui/container/enderchestinterface"},{"type":"single","resource":"minecraft:gui/container/enchanting_table","sprite":"minecraft:gui/container/enchanting_table"},{"type":"single","resource":"minecraft:gui/container/dispenser","sprite":"minecraft:gui/container/dispenser"},{"type":"single","resource":"minecraft:gui/container/creative_inventory/tabs","sprite":"minecraft:gui/container/creative_inventory/tabs"},{"type":"single","resource":"minecraft:gui/container/creative_inventory/tab_items","sprite":"minecraft:gui/container/creative_inventory/tab_items"},{"type":"single","resource":"minecraft:gui/container/creative_inventory/tab_item_search","sprite":"minecraft:gui/container/creative_inventory/tab_item_search"},{"type":"single","resource":"minecraft:gui/container/creative_inventory/tab_inventory","sprite":"minecraft:gui/container/creative_inventory/tab_inventory"},{"type":"single","resource":"minecraft:gui/container/crafting_table","sprite":"minecraft:gui/container/crafting_table"},{"type":"single","resource":"minecraft:gui/container/cartography_table","sprite":"minecraft:gui/container/cartography_table"},{"type":"single","resource":"minecraft:gui/container/brewing_stand","sprite":"minecraft:gui/container/brewing_stand"},{"type":"single","resource":"minecraft:gui/container/blast_furnace","sprite":"minecraft:gui/container/blast_furnace"},{"type":"single","resource":"minecraft:gui/container/beacon","sprite":"minecraft:gui/container/beacon"},{"type":"single","resource":"minecraft:gui/container/barrelinterface","sprite":"minecraft:gui/container/barrelinterface"},{"type":"single","resource":"minecraft:gui/container/anvil","sprite":"minecraft:gui/container/anvil"},{"type":"single","resource":"minecraft:gui/book","sprite":"minecraft:gui/book"},{"type":"single","resource":"minecraft:gui/bars","sprite":"minecraft:gui/bars"},{"type":"single","resource":"minecraft:font/ascii","sprite":"minecraft:font/ascii"},{"type":"single","resource":"minecraft:entity/wolf/wolf_tame","sprite":"minecraft:entity/wolf/wolf_tame"},{"type":"single","resource":"minecraft:entity/wolf/wolf_collar","sprite":"minecraft:entity/wolf/wolf_collar"},{"type":"single","resource":"minecraft:entity/wolf/wolf_angry","sprite":"minecraft:entity/wolf/wolf_angry"},{"type":"single","resource":"minecraft:entity/wolf/wolf","sprite":"minecraft:entity/wolf/wolf"},{"type":"single","resource":"minecraft:entity/signs/mangrove","sprite":"minecraft:entity/signs/mangrove"},{"type":"single","resource":"minecraft:entity/chicken","sprite":"minecraft:entity/chicken"},{"type":"single","resource":"minecraft:entity/chest/trapped_right","sprite":"minecraft:entity/chest/trapped_right"},{"type":"single","resource":"minecraft:entity/chest/trapped_left","sprite":"minecraft:entity/chest/trapped_left"},{"type":"single","resource":"minecraft:entity/chest/trapped","sprite":"minecraft:entity/chest/trapped"},{"type":"single","resource":"minecraft:entity/chest/normal_right","sprite":"minecraft:entity/chest/normal_right"},{"type":"single","resource":"minecraft:entity/chest/normal_left","sprite":"minecraft:entity/chest/normal_left"},{"type":"single","resource":"minecraft:entity/chest/normal","sprite":"minecraft:entity/chest/normal"},{"type":"single","resource":"minecraft:default/wood_sword","sprite":"minecraft:default/wood_sword"},{"type":"single","resource":"minecraft:default/withooker","sprite":"minecraft:default/withooker"},{"type":"single","resource":"minecraft:default/witch_hat2","sprite":"minecraft:default/witch_hat2"},{"type":"single","resource":"minecraft:default/witch_hat1","sprite":"minecraft:default/witch_hat1"},{"type":"single","resource":"minecraft:default/witch_hat0","sprite":"minecraft:default/witch_hat0"},{"type":"single","resource":"minecraft:default/weed/vegatative","sprite":"minecraft:default/weed/vegatative"},{"type":"single","resource":"minecraft:default/weed/seedling","sprite":"minecraft:default/weed/seedling"},{"type":"single","resource":"minecraft:default/weed/seed","sprite":"minecraft:default/weed/seed"},{"type":"single","resource":"minecraft:default/weed/leaf","sprite":"minecraft:default/weed/leaf"},{"type":"single","resource":"minecraft:default/weed/harvest","sprite":"minecraft:default/weed/harvest"},{"type":"single","resource":"minecraft:default/weed/flowering","sprite":"minecraft:default/weed/flowering"},{"type":"single","resource":"minecraft:default/table","sprite":"minecraft:default/table"},{"type":"single","resource":"minecraft:default/storm_sword4","sprite":"minecraft:default/storm_sword4"},{"type":"single","resource":"minecraft:default/storm_sword3","sprite":"minecraft:default/storm_sword3"},{"type":"single","resource":"minecraft:default/storm_sword2","sprite":"minecraft:default/storm_sword2"},{"type":"single","resource":"minecraft:default/storm_sword1","sprite":"minecraft:default/storm_sword1"},{"type":"single","resource":"minecraft:default/storm_sword0","sprite":"minecraft:default/storm_sword0"},{"type":"single","resource":"minecraft:default/space_helmet","sprite":"minecraft:default/space_helmet"},{"type":"single","resource":"minecraft:default/shelf","sprite":"minecraft:default/shelf"},{"type":"single","resource":"minecraft:default/sandwitch","sprite":"minecraft:default/sandwitch"},{"type":"single","resource":"minecraft:default/ruby_ore","sprite":"minecraft:default/ruby_ore"},{"type":"single","resource":"minecraft:default/ruby","sprite":"minecraft:default/ruby"},{"type":"single","resource":"minecraft:default/robot","sprite":"minecraft:default/robot"},{"type":"single","resource":"minecraft:default/remote","sprite":"minecraft:default/remote"},{"type":"single","resource":"minecraft:default/phone","sprite":"minecraft:default/phone"},{"type":"single","resource":"minecraft:default/pharaoh_head","sprite":"minecraft:default/pharaoh_head"},{"type":"single","resource":"minecraft:default/orax_ore","sprite":"minecraft:default/orax_ore"},{"type":"single","resource":"minecraft:default/orax_hammer","sprite":"minecraft:default/orax_hammer"},{"type":"single","resource":"minecraft:default/orax","sprite":"minecraft:default/orax"},{"type":"single","resource":"minecraft:default/orangephone","sprite":"minecraft:default/orangephone"},{"type":"single","resource":"minecraft:default/onyx_ore","sprite":"minecraft:default/onyx_ore"},{"type":"single","resource":"minecraft:default/onyx_hammer","sprite":"minecraft:default/onyx_hammer"},{"type":"single","resource":"minecraft:default/onyx","sprite":"minecraft:default/onyx"},{"type":"single","resource":"minecraft:default/octavia_sword","sprite":"minecraft:default/octavia_sword"},{"type":"single","resource":"minecraft:default/obsidian_sword","sprite":"minecraft:default/obsidian_sword"},{"type":"single","resource":"minecraft:default/obsidian_pickaxe","sprite":"minecraft:default/obsidian_pickaxe"},{"type":"single","resource":"minecraft:default/magical_wand1","sprite":"minecraft:default/magical_wand1"},{"type":"single","resource":"minecraft:default/magical_wand0","sprite":"minecraft:default/magical_wand0"},{"type":"single","resource":"minecraft:default/magical_axe1","sprite":"minecraft:default/magical_axe1"},{"type":"single","resource":"minecraft:default/magical_axe0","sprite":"minecraft:default/magical_axe0"},{"type":"single","resource":"minecraft:default/magic_book","sprite":"minecraft:default/magic_book"},{"type":"single","resource":"minecraft:default/legendary_hammer1","sprite":"minecraft:default/legendary_hammer1"},{"type":"single","resource":"minecraft:default/legendary_hammer0","sprite":"minecraft:default/legendary_hammer0"},{"type":"single","resource":"minecraft:default/katana2","sprite":"minecraft:default/katana2"},{"type":"single","resource":"minecraft:default/katana1","sprite":"minecraft:default/katana1"},{"type":"single","resource":"minecraft:default/katana0","sprite":"minecraft:default/katana0"},{"type":"single","resource":"minecraft:default/iron_serpe","sprite":"minecraft:default/iron_serpe"},{"type":"single","resource":"minecraft:default/iron_cog","sprite":"minecraft:default/iron_cog"},{"type":"single","resource":"minecraft:default/ice_staff","sprite":"minecraft:default/ice_staff"},{"type":"single","resource":"minecraft:default/great_sword","sprite":"minecraft:default/great_sword"},{"type":"single","resource":"minecraft:default/grape_seeds","sprite":"minecraft:default/grape_seeds"},{"type":"single","resource":"minecraft:default/grape3","sprite":"minecraft:default/grape3"},{"type":"single","resource":"minecraft:default/grape2","sprite":"minecraft:default/grape2"},{"type":"single","resource":"minecraft:default/grape1","sprite":"minecraft:default/grape1"},{"type":"single","resource":"minecraft:default/grape0","sprite":"minecraft:default/grape0"},{"type":"single","resource":"minecraft:default/grape","sprite":"minecraft:default/grape"},{"type":"single","resource":"minecraft:default/gold_cog","sprite":"minecraft:default/gold_cog"},{"type":"single","resource":"minecraft:default/goblin_beetle4","sprite":"minecraft:default/goblin_beetle4"},{"type":"single","resource":"minecraft:default/goblin_beetle3","sprite":"minecraft:default/goblin_beetle3"},{"type":"single","resource":"minecraft:default/goblin_beetle2","sprite":"minecraft:default/goblin_beetle2"},{"type":"single","resource":"minecraft:default/goblin_beetle1","sprite":"minecraft:default/goblin_beetle1"},{"type":"single","resource":"minecraft:default/goblin_beetle0","sprite":"minecraft:default/goblin_beetle0"},{"type":"single","resource":"minecraft:default/glass_sword","sprite":"minecraft:default/glass_sword"},{"type":"single","resource":"minecraft:default/gamemenuinterface","sprite":"minecraft:default/gamemenuinterface"},{"type":"single","resource":"minecraft:default/flowers/dailily","sprite":"minecraft:default/flowers/dailily"},{"type":"single","resource":"minecraft:default/flowers/daffodil","sprite":"minecraft:default/flowers/daffodil"},{"type":"single","resource":"minecraft:default/flowers/brunnera","sprite":"minecraft:default/flowers/brunnera"},{"type":"single","resource":"minecraft:default/fire_hammer","sprite":"minecraft:default/fire_hammer"},{"type":"single","resource":"minecraft:default/energy_crystal_sword","sprite":"minecraft:default/energy_crystal_sword"},{"type":"single","resource":"minecraft:default/emerald_hammer","sprite":"minecraft:default/emerald_hammer"},{"type":"single","resource":"minecraft:default/egg","sprite":"minecraft:default/egg"},{"type":"single","resource":"minecraft:default/earth_hammer","sprite":"minecraft:default/earth_hammer"},{"type":"single","resource":"minecraft:default/divine_shield","sprite":"minecraft:default/divine_shield"},{"type":"single","resource":"minecraft:default/diamond_cog","sprite":"minecraft:default/diamond_cog"},{"type":"single","resource":"minecraft:default/dagger3","sprite":"minecraft:default/dagger3"},{"type":"single","resource":"minecraft:default/dagger2","sprite":"minecraft:default/dagger2"},{"type":"single","resource":"minecraft:default/dagger1","sprite":"minecraft:default/dagger1"},{"type":"single","resource":"minecraft:default/dagger0","sprite":"minecraft:default/dagger0"},{"type":"single","resource":"minecraft:default/crown","sprite":"minecraft:default/crown"},{"type":"single","resource":"minecraft:default/combat_bow","sprite":"minecraft:default/combat_bow"},{"type":"single","resource":"minecraft:default/coach","sprite":"minecraft:default/coach"},{"type":"single","resource":"minecraft:default/chaticon","sprite":"minecraft:default/chaticon"},{"type":"single","resource":"minecraft:default/chat/logo","sprite":"minecraft:default/chat/logo"},{"type":"single","resource":"minecraft:default/chair","sprite":"minecraft:default/chair"},{"type":"single","resource":"minecraft:default/caveblock","sprite":"minecraft:default/caveblock"},{"type":"single","resource":"minecraft:default/cart","sprite":"minecraft:default/cart"},{"type":"single","resource":"minecraft:default/bone_sword","sprite":"minecraft:default/bone_sword"},{"type":"single","resource":"minecraft:default/blood_sword","sprite":"minecraft:default/blood_sword"},{"type":"single","resource":"minecraft:default/bedrock_pickaxe2","sprite":"minecraft:default/bedrock_pickaxe2"},{"type":"single","resource":"minecraft:default/bedrock_pickaxe1","sprite":"minecraft:default/bedrock_pickaxe1"},{"type":"single","resource":"minecraft:default/bedrock_pickaxe0","sprite":"minecraft:default/bedrock_pickaxe0"},{"type":"single","resource":"minecraft:default/battle_axe","sprite":"minecraft:default/battle_axe"},{"type":"single","resource":"minecraft:default/armors/ruby_leggings","sprite":"minecraft:default/armors/ruby_leggings"},{"type":"single","resource":"minecraft:default/armors/ruby_helmet","sprite":"minecraft:default/armors/ruby_helmet"},{"type":"single","resource":"minecraft:default/armors/ruby_chestplate","sprite":"minecraft:default/armors/ruby_chestplate"},{"type":"single","resource":"minecraft:default/armors/ruby_boots","sprite":"minecraft:default/armors/ruby_boots"},{"type":"single","resource":"minecraft:default/armors/obsidian_leggings","sprite":"minecraft:default/armors/obsidian_leggings"},{"type":"single","resource":"minecraft:default/armors/obsidian_helmet","sprite":"minecraft:default/armors/obsidian_helmet"},{"type":"single","resource":"minecraft:default/armors/obsidian_chestplate","sprite":"minecraft:default/armors/obsidian_chestplate"},{"type":"single","resource":"minecraft:default/armors/obsidian_boots","sprite":"minecraft:default/armors/obsidian_boots"},{"type":"single","resource":"minecraft:default/armors/emerald_leggings","sprite":"minecraft:default/armors/emerald_leggings"},{"type":"single","resource":"minecraft:default/armors/emerald_helmet","sprite":"minecraft:default/armors/emerald_helmet"},{"type":"single","resource":"minecraft:default/armors/emerald_chestplate","sprite":"minecraft:default/armors/emerald_chestplate"},{"type":"single","resource":"minecraft:default/armors/emerald_boots","sprite":"minecraft:default/armors/emerald_boots"},{"type":"single","resource":"minecraft:default/anubis_head","sprite":"minecraft:default/anubis_head"},{"type":"single","resource":"minecraft:default/amethyst_ore","sprite":"minecraft:default/amethyst_ore"},{"type":"single","resource":"minecraft:default/amethyst_hammer","sprite":"minecraft:default/amethyst_hammer"},{"type":"single","resource":"minecraft:default/amethyst","sprite":"minecraft:default/amethyst"},{"type":"single","resource":"minecraft:customgear/magmantal_sword","sprite":"minecraft:customgear/magmantal_sword"},{"type":"single","resource":"minecraft:customgear/magmantal_shovel","sprite":"minecraft:customgear/magmantal_shovel"},{"type":"single","resource":"minecraft:customgear/magmantal_pickaxe","sprite":"minecraft:customgear/magmantal_pickaxe"},{"type":"single","resource":"minecraft:customgear/magmantal_leggings","sprite":"minecraft:customgear/magmantal_leggings"},{"type":"single","resource":"minecraft:customgear/magmantal_helmet","sprite":"minecraft:customgear/magmantal_helmet"},{"type":"single","resource":"minecraft:customgear/magmantal_chestplate","sprite":"minecraft:customgear/magmantal_chestplate"},{"type":"single","resource":"minecraft:customgear/magmantal_boots","sprite":"minecraft:customgear/magmantal_boots"},{"type":"single","resource":"minecraft:customgear/magmantal_axe","sprite":"minecraft:customgear/magmantal_axe"},{"type":"single","resource":"minecraft:block/yellow_stained_glass_pane_top","sprite":"minecraft:block/yellow_stained_glass_pane_top"},{"type":"single","resource":"minecraft:block/yellow_stained_glass","sprite":"minecraft:block/yellow_stained_glass"},{"type":"single","resource":"minecraft:block/white_stained_glass_pane_top","sprite":"minecraft:block/white_stained_glass_pane_top"},{"type":"single","resource":"minecraft:block/white_stained_glass","sprite":"minecraft:block/white_stained_glass"},{"type":"single","resource":"minecraft:block/wheat_stage7","sprite":"minecraft:block/wheat_stage7"},{"type":"single","resource":"minecraft:block/wheat_stage6","sprite":"minecraft:block/wheat_stage6"},{"type":"single","resource":"minecraft:block/warped_planks","sprite":"minecraft:block/warped_planks"},{"type":"single","resource":"minecraft:block/tripwire_hook","sprite":"minecraft:block/tripwire_hook"},{"type":"single","resource":"minecraft:block/tinted_glass","sprite":"minecraft:block/tinted_glass"},{"type":"single","resource":"minecraft:block/terracotta","sprite":"minecraft:block/terracotta"},{"type":"single","resource":"minecraft:block/target_top","sprite":"minecraft:block/target_top"},{"type":"single","resource":"minecraft:block/target_side","sprite":"minecraft:block/target_side"},{"type":"single","resource":"minecraft:block/structure_block_save","sprite":"minecraft:block/structure_block_save"},{"type":"single","resource":"minecraft:block/structure_block_load","sprite":"minecraft:block/structure_block_load"},{"type":"single","resource":"minecraft:block/structure_block_corner","sprite":"minecraft:block/structure_block_corner"},{"type":"single","resource":"minecraft:block/structure_block","sprite":"minecraft:block/structure_block"},{"type":"single","resource":"minecraft:block/stone","sprite":"minecraft:block/stone"},{"type":"single","resource":"minecraft:block/spruce_planks","sprite":"minecraft:block/spruce_planks"},{"type":"single","resource":"minecraft:block/spruce_log_top","sprite":"minecraft:block/spruce_log_top"},{"type":"single","resource":"minecraft:block/spruce_log","sprite":"minecraft:block/spruce_log"},{"type":"single","resource":"minecraft:block/spore_blossom_base","sprite":"minecraft:block/spore_blossom_base"},{"type":"single","resource":"minecraft:block/spore_blossom","sprite":"minecraft:block/spore_blossom"},{"type":"single","resource":"minecraft:block/sandstone_top","sprite":"minecraft:block/sandstone_top"},{"type":"single","resource":"minecraft:block/sandstone_bottom","sprite":"minecraft:block/sandstone_bottom"},{"type":"single","resource":"minecraft:block/sandstone","sprite":"minecraft:block/sandstone"},{"type":"single","resource":"minecraft:block/sand","sprite":"minecraft:block/sand"},{"type":"single","resource":"minecraft:block/rooted_dirt","sprite":"minecraft:block/rooted_dirt"},{"type":"single","resource":"minecraft:block/reinforced_deepslate_top","sprite":"minecraft:block/reinforced_deepslate_top"},{"type":"single","resource":"minecraft:block/reinforced_deepslate_side","sprite":"minecraft:block/reinforced_deepslate_side"},{"type":"single","resource":"minecraft:block/reinforced_deepslate_bottom","sprite":"minecraft:block/reinforced_deepslate_bottom"},{"type":"single","resource":"minecraft:block/red_stained_glass_pane_top","sprite":"minecraft:block/red_stained_glass_pane_top"},{"type":"single","resource":"minecraft:block/red_stained_glass","sprite":"minecraft:block/red_stained_glass"},{"type":"single","resource":"minecraft:block/rail_corner","sprite":"minecraft:block/rail_corner"},{"type":"single","resource":"minecraft:block/rail","sprite":"minecraft:block/rail"},{"type":"single","resource":"minecraft:block/purple_stained_glass_pane_top","sprite":"minecraft:block/purple_stained_glass_pane_top"},{"type":"single","resource":"minecraft:block/purple_stained_glass","sprite":"minecraft:block/purple_stained_glass"},{"type":"single","resource":"minecraft:block/prismarine_bricks","sprite":"minecraft:block/prismarine_bricks"},{"type":"single","resource":"minecraft:block/polished_granite","sprite":"minecraft:block/polished_granite"},{"type":"single","resource":"minecraft:block/polished_diorite","sprite":"minecraft:block/polished_diorite"},{"type":"single","resource":"minecraft:block/polished_andesite","sprite":"minecraft:block/polished_andesite"},{"type":"single","resource":"minecraft:block/pink_stained_glass_pane_top","sprite":"minecraft:block/pink_stained_glass_pane_top"},{"type":"single","resource":"minecraft:block/pink_stained_glass","sprite":"minecraft:block/pink_stained_glass"},{"type":"single","resource":"minecraft:block/orange_stained_glass_pane_top","sprite":"minecraft:block/orange_stained_glass_pane_top"},{"type":"single","resource":"minecraft:block/orange_stained_glass","sprite":"minecraft:block/orange_stained_glass"},{"type":"single","resource":"minecraft:block/oak_planks","sprite":"minecraft:block/oak_planks"},{"type":"single","resource":"minecraft:block/oak_log_top","sprite":"minecraft:block/oak_log_top"},{"type":"single","resource":"minecraft:block/oak_log","sprite":"minecraft:block/oak_log"},{"type":"single","resource":"minecraft:block/mud_bricks","sprite":"minecraft:block/mud_bricks"},{"type":"single","resource":"minecraft:block/mossy_cobblestone","sprite":"minecraft:block/mossy_cobblestone"},{"type":"single","resource":"minecraft:block/mangrove_planks","sprite":"minecraft:block/mangrove_planks"},{"type":"single","resource":"minecraft:block/magenta_stained_glass_pane_top","sprite":"minecraft:block/magenta_stained_glass_pane_top"},{"type":"single","resource":"minecraft:block/magenta_stained_glass","sprite":"minecraft:block/magenta_stained_glass"},{"type":"single","resource":"minecraft:block/lime_stained_glass_pane_top","sprite":"minecraft:block/lime_stained_glass_pane_top"},{"type":"single","resource":"minecraft:block/lime_stained_glass","sprite":"minecraft:block/lime_stained_glass"},{"type":"single","resource":"minecraft:block/lily_pad","sprite":"minecraft:block/lily_pad"},{"type":"single","resource":"minecraft:block/lilac_top","sprite":"minecraft:block/lilac_top"},{"type":"single","resource":"minecraft:block/lilac_bottom","sprite":"minecraft:block/lilac_bottom"},{"type":"single","resource":"minecraft:block/light_gray_stained_glass_pane_top","sprite":"minecraft:block/light_gray_stained_glass_pane_top"},{"type":"single","resource":"minecraft:block/light_gray_stained_glass","sprite":"minecraft:block/light_gray_stained_glass"},{"type":"single","resource":"minecraft:block/light_blue_stained_glass_pane_top","sprite":"minecraft:block/light_blue_stained_glass_pane_top"},{"type":"single","resource":"minecraft:block/light_blue_stained_glass","sprite":"minecraft:block/light_blue_stained_glass"},{"type":"single","resource":"minecraft:block/lapis_ore","sprite":"minecraft:block/lapis_ore"},{"type":"single","resource":"minecraft:block/ladder","sprite":"minecraft:block/ladder"},{"type":"single","resource":"minecraft:block/jungle_planks","sprite":"minecraft:block/jungle_planks"},{"type":"single","resource":"minecraft:block/jungle_log_top","sprite":"minecraft:block/jungle_log_top"},{"type":"single","resource":"minecraft:block/jungle_log","sprite":"minecraft:block/jungle_log"},{"type":"single","resource":"minecraft:block/iron_trapdoor","sprite":"minecraft:block/iron_trapdoor"},{"type":"single","resource":"minecraft:block/iron_ore","sprite":"minecraft:block/iron_ore"},{"type":"single","resource":"minecraft:block/iron_door_top","sprite":"minecraft:block/iron_door_top"},{"type":"single","resource":"minecraft:block/iron_bars","sprite":"minecraft:block/iron_bars"},{"type":"single","resource":"minecraft:block/hay_block_top","sprite":"minecraft:block/hay_block_top"},{"type":"single","resource":"minecraft:block/hay_block_side","sprite":"minecraft:block/hay_block_side"},{"type":"single","resource":"minecraft:block/green_stained_glass_pane_top","sprite":"minecraft:block/green_stained_glass_pane_top"},{"type":"single","resource":"minecraft:block/green_stained_glass","sprite":"minecraft:block/green_stained_glass"},{"type":"single","resource":"minecraft:block/gray_stained_glass_pane_top","sprite":"minecraft:block/gray_stained_glass_pane_top"},{"type":"single","resource":"minecraft:block/gray_stained_glass","sprite":"minecraft:block/gray_stained_glass"},{"type":"single","resource":"minecraft:block/gravel","sprite":"minecraft:block/gravel"},{"type":"single","resource":"minecraft:block/grass_block_side","sprite":"minecraft:block/grass_block_side"},{"type":"single","resource":"minecraft:block/granite_old","sprite":"minecraft:block/granite_old"},{"type":"single","resource":"minecraft:block/granite","sprite":"minecraft:block/granite"},{"type":"single","resource":"minecraft:block/gold_ore","sprite":"minecraft:block/gold_ore"},{"type":"single","resource":"minecraft:block/gold_block","sprite":"minecraft:block/gold_block"},{"type":"single","resource":"minecraft:block/glass_pane_top","sprite":"minecraft:block/glass_pane_top"},{"type":"single","resource":"minecraft:block/glass","sprite":"minecraft:block/glass"},{"type":"single","resource":"minecraft:block/flower_pot","sprite":"minecraft:block/flower_pot"},{"type":"single","resource":"minecraft:block/end_stone_bricks","sprite":"minecraft:block/end_stone_bricks"},{"type":"single","resource":"minecraft:block/end_stone","sprite":"minecraft:block/end_stone"},{"type":"single","resource":"minecraft:block/emerald_ore","sprite":"minecraft:block/emerald_ore"},{"type":"single","resource":"minecraft:block/dirt","sprite":"minecraft:block/dirt"},{"type":"single","resource":"minecraft:block/diorite","sprite":"minecraft:block/diorite"},{"type":"single","resource":"minecraft:block/diamond_ore","sprite":"minecraft:block/diamond_ore"},{"type":"single","resource":"minecraft:block/daylight_detector_top","sprite":"minecraft:block/daylight_detector_top"},{"type":"single","resource":"minecraft:block/daylight_detector_side","sprite":"minecraft:block/daylight_detector_side"},{"type":"single","resource":"minecraft:block/daylight_detector_inverted_top","sprite":"minecraft:block/daylight_detector_inverted_top"},{"type":"single","resource":"minecraft:block/dark_oak_planks","sprite":"minecraft:block/dark_oak_planks"},{"type":"single","resource":"minecraft:block/cyan_stained_glass_pane_top","sprite":"minecraft:block/cyan_stained_glass_pane_top"},{"type":"single","resource":"minecraft:block/cyan_stained_glass","sprite":"minecraft:block/cyan_stained_glass"},{"type":"single","resource":"minecraft:block/crimson_planks","sprite":"minecraft:block/crimson_planks"},{"type":"single","resource":"minecraft:block/crafting_table_top","sprite":"minecraft:block/crafting_table_top"},{"type":"single","resource":"minecraft:block/crafting_table_side","sprite":"minecraft:block/crafting_table_side"},{"type":"single","resource":"minecraft:block/crafting_table_front","sprite":"minecraft:block/crafting_table_front"},{"type":"single","resource":"minecraft:block/cobblestone","sprite":"minecraft:block/cobblestone"},{"type":"single","resource":"minecraft:block/coarse_dirt","sprite":"minecraft:block/coarse_dirt"},{"type":"single","resource":"minecraft:block/coal_ore","sprite":"minecraft:block/coal_ore"},{"type":"single","resource":"minecraft:block/clay","sprite":"minecraft:block/clay"},{"type":"single","resource":"minecraft:block/brown_stained_glass_pane_top","sprite":"minecraft:block/brown_stained_glass_pane_top"},{"type":"single","resource":"minecraft:block/brown_stained_glass","sprite":"minecraft:block/brown_stained_glass"},{"type":"single","resource":"minecraft:block/bricks","sprite":"minecraft:block/bricks"},{"type":"single","resource":"minecraft:block/bookshelf","sprite":"minecraft:block/bookshelf"},{"type":"single","resource":"minecraft:block/blue_stained_glass_pane_top","sprite":"minecraft:block/blue_stained_glass_pane_top"},{"type":"single","resource":"minecraft:block/blue_stained_glass","sprite":"minecraft:block/blue_stained_glass"},{"type":"single","resource":"minecraft:block/black_stained_glass_pane_top","sprite":"minecraft:block/black_stained_glass_pane_top"},{"type":"single","resource":"minecraft:block/black_stained_glass","sprite":"minecraft:block/black_stained_glass"},{"type":"single","resource":"minecraft:block/black_concrete","sprite":"minecraft:block/black_concrete"},{"type":"single","resource":"minecraft:block/birch_planks","sprite":"minecraft:block/birch_planks"},{"type":"single","resource":"minecraft:block/birch_log_top","sprite":"minecraft:block/birch_log_top"},{"type":"single","resource":"minecraft:block/birch_log","sprite":"minecraft:block/birch_log"},{"type":"single","resource":"minecraft:block/barrel_top_open","sprite":"minecraft:block/barrel_top_open"},{"type":"single","resource":"minecraft:block/barrel_top","sprite":"minecraft:block/barrel_top"},{"type":"single","resource":"minecraft:block/barrel_side","sprite":"minecraft:block/barrel_side"},{"type":"single","resource":"minecraft:block/barrel_bottom","sprite":"minecraft:block/barrel_bottom"},{"type":"single","resource":"minecraft:block/andesite","sprite":"minecraft:block/andesite"},{"type":"single","resource":"minecraft:block/acacia_planks","sprite":"minecraft:block/acacia_planks"}]}