{"parent":"item/generated","textures":{"layer0":"item/emerald"},"overrides":[{"predicate":{"custom_model_data":1},"model":"redconvertible"},{"predicate":{"custom_model_data":2},"model":"cargreen"},{"predicate":{"custom_model_data":3},"model":"invisibleseat"},{"predicate":{"custom_model_data":4},"model":"carblue"},{"predicate":{"custom_model_data":5},"model":"yellowconvertible"},{"predicate":{"custom_model_data":6},"model":"bluetruck"},{"predicate":{"custom_model_data":7},"model":"battlebot-robot"},{"predicate":{"custom_model_data":8},"model":"battlebot-player"},{"predicate":{"custom_model_data":9},"model":"propeller"}]}