{"parent":"item/generated","textures":{"layer0":"item/paper"},"overrides":[{"predicate":{"custom_model_data":1},"model":"shovelitem"},{"predicate":{"custom_model_data":2},"model":"parkseat"},{"predicate":{"custom_model_data":3},"model":"robot"},{"predicate":{"custom_model_data":4},"model":"shoppingcart"},{"predicate":{"custom_model_data":5},"model":"lamp"},{"predicate":{"custom_model_data":6},"model":"axeitem"},{"predicate":{"custom_model_data":7},"model":"crateitem"},{"predicate":{"custom_model_data":8},"model":"floweritem"},{"predicate":{"custom_model_data":9},"model":"redumbrella"},{"predicate":{"custom_model_data":10},"model":"default/cart"},{"predicate":{"custom_model_data":11},"model":"default/chair"},{"predicate":{"custom_model_data":12},"model":"default/coach"},{"predicate":{"custom_model_data":13},"model":"default/shelf"},{"predicate":{"custom_model_data":14},"model":"potionitem"},{"predicate":{"custom_model_data":15},"model":"treasuremapitem"},{"predicate":{"custom_model_data":16},"model":"globeitem"},{"predicate":{"custom_model_data":17},"model":"arrow_next_icon"},{"predicate":{"custom_model_data":18},"model":"arrow_previous_icon"},{"predicate":{"custom_model_data":19},"model":"exit_icon"},{"predicate":{"custom_model_data":20},"model":"default/anubis_head"},{"predicate":{"custom_model_data":21},"model":"default/crown"},{"predicate":{"custom_model_data":22},"model":"default/pharaoh_head"},{"predicate":{"custom_model_data":23},"model":"default/witch_hat"},{"predicate":{"custom_model_data":24},"model":"default/space_helmet"},{"predicate":{"custom_model_data":25},"model":"gem"},{"predicate":{"custom_model_data":26},"model":"ruby"},{"predicate":{"custom_model_data":27},"model":"onyx"},{"predicate":{"custom_model_data":28},"model":"orax"},{"predicate":{"custom_model_data":29},"model":"block/fire_floor0"},{"predicate":{"custom_model_data":30},"model":"minernpc"},{"predicate":{"custom_model_data":31},"model":"lifestealnpc"},{"predicate":{"custom_model_data":32},"model":"speedrunnersnpc"},{"predicate":{"custom_model_data":33},"model":"craftquestnpc"},{"predicate":{"custom_model_data":34},"model":"bigarrow"},{"predicate":{"custom_model_data":35},"model":"bricknetplusplusplusrank"},{"predicate":{"custom_model_data":36},"model":"bricknetplusplusrank"},{"predicate":{"custom_model_data":37},"model":"bricknetplusrank"},{"predicate":{"custom_model_data":38},"model":"binocularsitem"},{"predicate":{"custom_model_data":39},"model":"friendsitem"},{"predicate":{"custom_model_data":40},"model":"skychampionsitem"},{"predicate":{"custom_model_data":41},"model":"themepark"},{"predicate":{"custom_model_data":42},"model":"computer"},{"predicate":{"custom_model_data":43},"model":"gamesitem"},{"predicate":{"custom_model_data":44},"model":"invisible_item"},{"predicate":{"custom_model_data":45},"model":"arrowclouditem"},{"predicate":{"custom_model_data":46},"model":"pinksofa"},{"predicate":{"custom_model_data":47},"model":"settingsitem"},{"predicate":{"custom_model_data":48},"model":"personalmenuitem"},{"predicate":{"custom_model_data":49},"model":"propeller"},{"predicate":{"custom_model_data":49},"model":"orangephone"},{"predicate":{"custom_model_data":50},"model":"lifestealitem"},{"predicate":{"custom_model_data":51},"model":"solarrefugeitem"},{"predicate":{"custom_model_data":52},"model":"storeitem"},{"predicate":{"custom_model_data":53},"model":"islandgamesitem"},{"predicate":{"custom_model_data":54},"model":"trashcan_closed"},{"predicate":{"custom_model_data":55},"model":"trashcan_open"},{"predicate":{"custom_model_data":56},"model":"magnifyingglassitem"},{"predicate":{"custom_model_data":57},"model":"levelitem"},{"predicate":{"custom_model_data":58},"model":"storeitem-whiteborder"},{"predicate":{"custom_model_data":59},"model":"keyitem2"},{"predicate":{"custom_model_data":60},"model":"crown2"},{"predicate":{"custom_model_data":61},"model":"rankitem-blue"},{"predicate":{"custom_model_data":62},"model":"keyitem1"},{"predicate":{"custom_model_data":63},"model":"rankitem"},{"predicate":{"custom_model_data":64},"model":"gamecoin"},{"predicate":{"custom_model_data":65},"model":"shopshelf"},{"predicate":{"custom_model_data":66},"model":"sunshade"},{"predicate":{"custom_model_data":67},"model":"skychampionsitem2"},{"predicate":{"custom_model_data":68},"model":"skychampionsitem3"},{"predicate":{"custom_model_data":69},"model":"mail1"},{"predicate":{"custom_model_data":70},"model":"skychampionsitem4"},{"predicate":{"custom_model_data":71},"model":"solarrefugeitem2"},{"predicate":{"custom_model_data":72},"model":"stonerocks"},{"predicate":{"custom_model_data":73},"model":"orangerocks"},{"predicate":{"custom_model_data":74},"model":"orangesofa"},{"predicate":{"custom_model_data":75},"model":"greensofa"},{"predicate":{"custom_model_data":76},"model":"warningitem"},{"predicate":{"custom_model_data":77},"model":"mysterylootbox-blue"},{"predicate":{"custom_model_data":78},"model":"bsmp"},{"predicate":{"custom_model_data":79},"model":"clockitem"},{"predicate":{"custom_model_data":80},"model":"templeitem"},{"predicate":{"custom_model_data":81},"model":"bedrushitem"},{"predicate":{"custom_model_data":82},"model":"apartmentitem"},{"predicate":{"custom_model_data":83},"model":"badgeitem"},{"predicate":{"custom_model_data":84},"model":"heartitem"},{"predicate":{"custom_model_data":85},"model":"cubeclashitem"},{"predicate":{"custom_model_data":86},"model":"eventsitem"},{"predicate":{"custom_model_data":87},"model":"nodeicon"},{"predicate":{"custom_model_data":492},"model":"chaticon"},{"predicate":{"custom_model_data":5443},"model":"classiccrate"},{"predicate":{"custom_model_data":349323},"model":"haylenplus"},{"predicate":{"custom_model_data":534674},"model":"laptop"},{"predicate":{"custom_model_data":945773},"model":"trafficcone"},{"predicate":{"custom_model_data":5746444},"model":"gameselector"},{"predicate":{"custom_model_data":5867976},"model":"eventselector"},{"predicate":{"custom_model_data":7567674},"model":"wheelblock"},{"predicate":{"custom_model_data":7875678},"model":"mysterylootbox"},{"predicate":{"custom_model_data":8543356},"model":"orangephone"},{"predicate":{"custom_model_data":9099585},"model":"roadblock"},{"predicate":{"custom_model_data":76565655},"model":"mysterylootbox-purple"},{"predicate":{"custom_model_data":78734333},"model":"mysterylootbox-red"},{"predicate":{"custom_model_data":97898767},"model":"cosmeticsitem"},{"predicate":{"custom_model_data":565678897},"model":"pickaxeitem"},{"predicate":{"custom_model_data":575645767},"model":"islandselector"},{"predicate":{"custom_model_data":666666666},"model":"remote"},{"predicate":{"custom_model_data":767866555},"model":"bluesofa"},{"predicate":{"custom_model_data":787532678},"model":"mysterylootbox-pink"},{"predicate":{"custom_model_data":787554444},"model":"mysterylootbox-yellow"},{"predicate":{"custom_model_data":857878768},"model":"cashregister"},{"predicate":{"custom_model_data":946585567},"model":"busstop"}]}