{"interface-click":{"category":"master","sounds":["interface-click"]},"interface-open":{"category":"master","sounds":["interface-open"]},"gun-powerdown":{"category":"master","sounds":["gun-powerdown"]},"event-over":{"category":"master","sounds":["event-over"]},"gamestart-beep":{"category":"master","sounds":["gamestart-beep"]},"levelcomplete":{"category":"master","sounds":["levelcomplete"]},"gamestart-finalbeep":{"category":"master","sounds":["gamestart-finalbeep"]},"carhorn":{"category":"master","sounds":["carhorn"]},"game-countdown":{"category":"master","sounds":["game-countdown"]},"interface-buttonpress":{"category":"master","sounds":["interface-buttonpress"]},"beacondevice-pulse":{"category":"master","sounds":["beacondevice-pulse"]},"beacondevice-ping":{"category":"master","sounds":["beacondevice-ping"]},"coins":{"category":"master","sounds":["coins"]},"interface-error":{"category":"master","sounds":["interface-error"]},"interface-lightclick":{"category":"master","sounds":["interface-lightclick"]},"interface-ready":{"category":"master","sounds":["interface-ready"]},"success":{"category":"master","sounds":["success"]},"levelup":{"category":"master","sounds":["levelup"]},"notification":{"category":"master","sounds":["notification"]},"game-over":{"category":"master","sounds":["game-over"]},"welcome":{"category":"master","sounds":["welcome"]},"block.wood.step":{"category":"master","replace":true,"sounds":[]},"block.wood.place":{"category":"master","replace":true,"sounds":[]},"block.wood.break":{"category":"master","replace":true,"sounds":[]},"block.wood.fall":{"category":"master","replace":true,"sounds":[]},"block.wood.hit":{"category":"master","replace":true,"sounds":[]},"block.stone.step":{"category":"master","replace":true,"sounds":[]},"block.stone.place":{"category":"master","replace":true,"sounds":[]},"block.stone.break":{"category":"master","replace":true,"sounds":[]},"block.stone.fall":{"category":"master","replace":true,"sounds":[]},"block.stone.hit":{"category":"master","replace":true,"sounds":[]},"required.wood.hit":{"category":"master","subtitle":"subtitles.block.generic.hit","sounds":["step/wood1","step/wood2","step/wood3","step/wood4","step/wood5","step/wood6"]},"required.wood.place":{"category":"master","subtitle":"subtitles.block.generic.place","sounds":["dig/wood1","dig/wood2","dig/wood3","dig/wood4"]},"required.wood.break":{"category":"master","subtitle":"subtitles.block.generic.break","sounds":["dig/wood1","dig/wood2","dig/wood3","dig/wood4"]},"required.wood.step":{"category":"master","subtitle":"subtitles.block.generic.footsteps","sounds":["step/wood1","step/wood2","step/wood3","step/wood4","step/wood5","step/wood6"]},"required.wood.fall":{"category":"master","sounds":["step/wood1","step/wood2","step/wood3","step/wood4","step/wood5","step/wood6"]},"required.stone.hit":{"category":"master","subtitle":"subtitles.block.generic.hit","sounds":["step/stone1","step/stone2","step/stone3","step/stone4","step/stone5","step/stone6"]},"required.stone.place":{"category":"master","subtitle":"subtitles.block.generic.place","sounds":["dig/stone1","dig/stone2","dig/stone3","dig/stone4"]},"required.stone.break":{"category":"master","subtitle":"subtitles.block.generic.break","sounds":["dig/stone1","dig/stone2","dig/stone3","dig/stone4"]},"required.stone.step":{"category":"master","subtitle":"subtitles.block.generic.footsteps","sounds":["step/stone1","step/stone2","step/stone3","step/stone4","step/stone5","step/stone6"]},"required.stone.fall":{"category":"master","sounds":["step/stone1","step/stone2","step/stone3","step/stone4","step/stone5","step/stone6"]}}