{
	"credit": "Made with Blockbench",
	"texture_size": [576, 576],
	"textures": {
		"8": "battlebot-player"
	},
	"elements": [
		{
			"from": [6, -9, -2],
			"to": [11, 7, 3],
			"rotation": {"angle": 22.5, "axis": "x", "origin": [0, 0, 0]},
			"faces": {
				"north": {"uv": [1.77778, 12.44444, 2.05556, 13.11111], "texture": "#8"},
				"east": {"uv": [2.05556, 12.44444, 2.33333, 13.11111], "texture": "#8"},
				"south": {"uv": [2.33333, 12.44444, 2.61111, 13.11111], "texture": "#8"},
				"west": {"uv": [1.77778, 13.11111, 2.05556, 13.77778], "texture": "#8"},
				"up": {"uv": [2.33333, 13.38889, 2.05556, 13.11111], "texture": "#8"},
				"down": {"uv": [2.61111, 13.11111, 2.33333, 13.38889], "texture": "#8"}
			}
		},
		{
			"from": [0, -11, 2],
			"to": [5, 5, 7],
			"rotation": {"angle": -22.5, "axis": "x", "origin": [0, 0, 0]},
			"faces": {
				"north": {"uv": [1.77778, 12.44444, 2.05556, 13.11111], "texture": "#8"},
				"east": {"uv": [2.05556, 12.44444, 2.33333, 13.11111], "texture": "#8"},
				"south": {"uv": [2.33333, 12.44444, 2.61111, 13.11111], "texture": "#8"},
				"west": {"uv": [1.77778, 13.11111, 2.05556, 13.77778], "texture": "#8"},
				"up": {"uv": [2.33333, 13.38889, 2.05556, 13.11111], "texture": "#8"},
				"down": {"uv": [2.61111, 13.11111, 2.33333, 13.38889], "texture": "#8"}
			}
		},
		{
			"from": [12, 8, 13],
			"to": [17, 13, 31],
			"rotation": {"angle": -45, "axis": "x", "origin": [0, 0, 0]},
			"faces": {
				"north": {"uv": [4.38889, 11.77778, 4.11111, 11.38889], "rotation": 180, "texture": "#8"},
				"east": {"uv": [3.55556, 10.66667, 3.94444, 11.38889], "rotation": 90, "texture": "#8"},
				"south": {"uv": [4.61111, 10.66667, 4.33333, 11.05556], "texture": "#8"},
				"west": {"uv": [3.94444, 10.66667, 4.33333, 11.38889], "rotation": 270, "texture": "#8"},
				"up": {"uv": [3.83333, 11.38889, 4.11111, 12.11111], "texture": "#8"},
				"down": {"uv": [3.55556, 11.38889, 3.83333, 12.11111], "rotation": 180, "texture": "#8"}
			}
		},
		{
			"from": [-6, 16, -7],
			"to": [-1, 21, 11],
			"rotation": {"angle": 22.5, "axis": "x", "origin": [0, 0, 0]},
			"faces": {
				"north": {"uv": [4.38889, 11.77778, 4.11111, 11.38889], "rotation": 180, "texture": "#8"},
				"east": {"uv": [3.55556, 10.66667, 3.94444, 11.38889], "rotation": 90, "texture": "#8"},
				"south": {"uv": [4.61111, 10.66667, 4.33333, 11.05556], "texture": "#8"},
				"west": {"uv": [3.94444, 10.66667, 4.33333, 11.38889], "rotation": 270, "texture": "#8"},
				"up": {"uv": [3.83333, 11.38889, 4.11111, 12.11111], "texture": "#8"},
				"down": {"uv": [3.55556, 11.38889, 3.83333, 12.11111], "rotation": 180, "texture": "#8"}
			}
		},
		{
			"from": [0, 6, 0],
			"to": [11, 20, 6],
			"faces": {
				"north": {"uv": [0, 12.44444, 0.66667, 13.16667], "texture": "#8"},
				"east": {"uv": [0, 13.16667, 0.38889, 13.88889], "texture": "#8"},
				"south": {"uv": [0.66667, 12.44444, 1.33333, 13.16667], "texture": "#8"},
				"west": {"uv": [0.38889, 13.16667, 0.77778, 13.88889], "texture": "#8"},
				"up": {"uv": [1.44444, 13.55556, 0.77778, 13.16667], "texture": "#8"},
				"down": {"uv": [1.44444, 13.55556, 0.77778, 13.94444], "texture": "#8"}
			}
		},
		{
			"from": [-16, 14, -2],
			"to": [10, 16, 0],
			"rotation": {"angle": -22.5, "axis": "z", "origin": [0, 0, 0]},
			"faces": {
				"north": {"uv": [3.55556, 12.44444, 5, 12.55556], "texture": "#8"},
				"east": {"uv": [3.55556, 12.88889, 3.66667, 13], "texture": "#8"},
				"south": {"uv": [3.55556, 12.55556, 5, 12.66667], "texture": "#8"},
				"west": {"uv": [3.66667, 12.88889, 3.77778, 13], "texture": "#8"},
				"up": {"uv": [5, 12.77778, 3.55556, 12.66667], "texture": "#8"},
				"down": {"uv": [5, 12.77778, 3.55556, 12.88889], "texture": "#8"}
			}
		},
		{
			"from": [0, 21, -3],
			"to": [11, 32, 8],
			"faces": {
				"north": {"uv": [0, 14.22222, 0.55556, 14.77778], "texture": "#8"},
				"east": {"uv": [0, 14.77778, 0.55556, 15.33333], "texture": "#8"},
				"south": {"uv": [0.55556, 14.22222, 1.11111, 14.77778], "texture": "#8"},
				"west": {"uv": [0.55556, 14.77778, 1.11111, 15.33333], "texture": "#8"},
				"up": {"uv": [0.55556, 15.88889, 0, 15.33333], "texture": "#8"},
				"down": {"uv": [1.66667, 14.22222, 1.11111, 14.77778], "texture": "#8"}
			}
		},
		{
			"from": [-16, 13.5, -2.5],
			"to": [-2, 16.5, 0.5],
			"rotation": {"angle": -22.5, "axis": "z", "origin": [0, 0, 0]},
			"faces": {
				"north": {"uv": [3.61111, 13.52778, 5.05556, 13.63889], "texture": "#8"},
				"east": {"uv": [3.61111, 13.97222, 3.72222, 14.08333], "texture": "#8"},
				"south": {"uv": [3.61111, 13.63889, 5.05556, 13.75], "texture": "#8"},
				"west": {"uv": [3.72222, 13.97222, 3.83333, 14.08333], "texture": "#8"},
				"up": {"uv": [5.05556, 13.86111, 3.61111, 13.75], "texture": "#8"},
				"down": {"uv": [5.05556, 13.86111, 3.61111, 13.97222], "texture": "#8"}
			}
		},
		{
			"from": [-1, 22, -4],
			"to": [-1, 32, 9],
			"faces": {
				"north": {"uv": [5.33333, 5.33333, 5.33333, 7], "texture": "#8"},
				"east": {"uv": [5.33333, 5.33333, 7.5, 7], "texture": "#8"},
				"south": {"uv": [5.33333, 5.33333, 5.33333, 7], "texture": "#8"},
				"west": {"uv": [5.33333, 7, 7.5, 8.66667], "texture": "#8"},
				"up": {"uv": [5.33333, 7.5, 5.33333, 5.33333], "texture": "#8"},
				"down": {"uv": [5.33333, 5.33333, 5.33333, 7.5], "texture": "#8"}
			}
		},
		{
			"from": [12, 22, -4],
			"to": [12, 32, 9],
			"faces": {
				"north": {"uv": [10.66667, 0, 10.66667, 1.66667], "texture": "#8"},
				"east": {"uv": [10.66667, 0, 12.83333, 1.66667], "texture": "#8"},
				"south": {"uv": [10.66667, 0, 10.66667, 1.66667], "texture": "#8"},
				"west": {"uv": [10.66667, 1.66667, 12.83333, 3.33333], "texture": "#8"},
				"up": {"uv": [10.66667, 2.16667, 10.66667, 0], "texture": "#8"},
				"down": {"uv": [10.66667, 0, 10.66667, 2.16667], "texture": "#8"}
			}
		},
		{
			"from": [-1, 22, 9],
			"to": [12, 32, 9],
			"faces": {
				"north": {"uv": [0, 0, 2.16667, 1.66667], "texture": "#8"},
				"east": {"uv": [0, 0, 0, 1.66667], "texture": "#8"},
				"south": {"uv": [0, 1.66667, 2.16667, 3.33333], "texture": "#8"},
				"west": {"uv": [0, 0, 0, 1.66667], "texture": "#8"},
				"up": {"uv": [2.16667, 0, 0, 0], "texture": "#8"},
				"down": {"uv": [2.16667, 0, 0, 0], "texture": "#8"}
			}
		},
		{
			"from": [-1, 32, -4],
			"to": [12, 32, 9],
			"faces": {
				"north": {"uv": [10.66667, 5.33333, 12.83333, 5.33333], "texture": "#8"},
				"east": {"uv": [10.66667, 5.33333, 12.83333, 5.33333], "texture": "#8"},
				"south": {"uv": [10.66667, 5.33333, 12.83333, 5.33333], "texture": "#8"},
				"west": {"uv": [10.66667, 5.33333, 12.83333, 5.33333], "texture": "#8"},
				"up": {"uv": [12.83333, 7.5, 10.66667, 5.33333], "texture": "#8"},
				"down": {"uv": [12.83333, 7.5, 10.66667, 9.66667], "texture": "#8"}
			}
		},
		{
			"from": [-1, 22, -4],
			"to": [12, 32, -4],
			"faces": {
				"north": {"uv": [0, 5.33333, 2.16667, 7], "texture": "#8"},
				"east": {"uv": [0, 5.33333, 0, 7], "texture": "#8"},
				"south": {"uv": [0, 7, 2.16667, 8.66667], "texture": "#8"},
				"west": {"uv": [0, 5.33333, 0, 7], "texture": "#8"},
				"up": {"uv": [2.16667, 5.33333, 0, 5.33333], "texture": "#8"},
				"down": {"uv": [2.16667, 5.33333, 0, 5.33333], "texture": "#8"}
			}
		}
	],
	"display": {
		"thirdperson_righthand": {
			"translation": [-5.75, 4.5, 14]
		},
		"gui": {
			"rotation": [18, -22, 0],
			"translation": [0.75, -2.75, 0],
			"scale": [0.46, 0.4, 0.46]
		},
		"head": {
			"rotation": [0, 180, 0],
			"translation": [-4.5, -20.75, -9],
			"scale": [1.69, 1.69, 1.69]
		}
	}
}