{"providers":[{"chars":["ꑌ"],"file":"required/null.png","ascent":-32768,"height":-514,"type":"bitmap"},{"chars":["ꑟ"],"file":"required/islandgamesinterface.png","ascent":13,"height":256,"type":"bitmap"},{"chars":["ꐤ"],"file":"required/bricknetplusrank.png","ascent":8,"height":9,"type":"bitmap"},{"chars":["ꐝ"],"file":"required/gamemenulogo.png","ascent":31,"height":64,"type":"bitmap"},{"chars":["ꑹ"],"file":"required/punishinterface.png","ascent":13,"height":256,"type":"bitmap"},{"chars":["ꐨ"],"file":"required/modrank.png","ascent":8,"height":9,"type":"bitmap"},{"chars":["ꑧ"],"file":"required/lifestealitem.png","ascent":8,"height":16,"type":"bitmap"},{"chars":["ꑠ"],"file":"required/islandquestsinterface.png","ascent":13,"height":256,"type":"bitmap"},{"chars":["ꒄ"],"file":"badges/badge_pin.png","ascent":9,"height":10,"type":"bitmap"},{"chars":["ꐲ"],"file":"required/personalinterface.png","ascent":13,"height":256,"type":"bitmap"},{"chars":["ꑻ"],"file":"required/selectchestinterface.png","ascent":13,"height":256,"type":"bitmap"},{"chars":["꒔"],"file":"required/exit_icon.png","ascent":8,"height":8,"type":"bitmap"},{"chars":["ꑞ"],"file":"required/cosmeticsinterface.png","ascent":13,"height":256,"type":"bitmap"},{"chars":["ꑜ"],"file":"required/confirm-nointerface.png","ascent":13,"height":256,"type":"bitmap"},{"chars":["ꑯ"],"file":"required/partnersinterface.png","ascent":13,"height":256,"type":"bitmap"},{"chars":["ꑗ"],"file":"chatemojis/point_down.png","ascent":9,"height":10,"type":"bitmap"},{"chars":["ꑂ"],"file":"required/null.png","ascent":-32768,"height":1022,"type":"bitmap"},{"chars":["ꑳ"],"file":"required/lifestealquestsinterface.png","ascent":26,"height":256,"type":"bitmap"},{"chars":["꒍"],"file":"required/playermenuinterface.png","ascent":13,"height":256,"type":"bitmap"},{"chars":["꒓"],"file":"required/playbackinterface.png","ascent":13,"height":256,"type":"bitmap"},{"chars":["꒎"],"file":"badges/badge_grandopening.png","ascent":9,"height":10,"type":"bitmap"},{"chars":["ꐰ"],"file":"required/exit_icon.png","ascent":13,"height":256,"type":"bitmap"},{"chars":["ꐔ"],"file":"default/chat/prince_tag.png","ascent":9,"height":10,"type":"bitmap"},{"chars":["ꐫ"],"file":"required/champplusplusrank.png","ascent":8,"height":9,"type":"bitmap"},{"chars":["ꑦ"],"file":"required/solarrefugeitem.png","ascent":8,"height":16,"type":"bitmap"},{"chars":["ꑎ"],"file":"required/locationbackupinterface.png","ascent":13,"height":256,"type":"bitmap"},{"chars":["ꐙ"],"file":"required/logo.png","ascent":55,"height":55,"type":"bitmap"},{"chars":["ꑪ"],"file":"required/gems.png","ascent":10,"height":13,"type":"bitmap"},{"chars":["ꐾ"],"file":"required/null.png","ascent":-32768,"height":62,"type":"bitmap"},{"chars":["ꑮ"],"file":"required/skychampionsinterface.png","ascent":13,"height":256,"type":"bitmap"},{"chars":["ꑄ"],"file":"required/null.png","ascent":-32768,"height":-4,"type":"bitmap"},{"chars":["꒒"],"file":"required/select-3interface.png","ascent":13,"height":256,"type":"bitmap"},{"chars":["ꑃ"],"file":"required/null.png","ascent":-32768,"height":-3,"type":"bitmap"},{"chars":["ꑍ"],"file":"required/null.png","ascent":-32768,"height":-1026,"type":"bitmap"},{"chars":["ꒆ"],"file":"required/tradeinterface.png","ascent":13,"height":256,"type":"bitmap"},{"chars":["ꑅ"],"file":"required/null.png","ascent":-32768,"height":-6,"type":"bitmap"},{"chars":["ꑈ"],"file":"required/null.png","ascent":-32768,"height":-34,"type":"bitmap"},{"chars":["ꐞ"],"file":"required/managerrank.png","ascent":8,"height":9,"type":"bitmap"},{"chars":["ꑵ"],"file":"required/rewardsinterface.png","ascent":13,"height":256,"type":"bitmap"},{"chars":["ꑆ"],"file":"required/null.png","ascent":-32768,"height":-10,"type":"bitmap"},{"chars":["ꑑ"],"file":"chatemojis/confused.png","ascent":9,"height":10,"type":"bitmap"},{"chars":["ꑲ"],"file":"required/shopinterface.png","ascent":26,"height":256,"type":"bitmap"},{"chars":["ꐜ"],"file":"required/ownerrank.png","ascent":8,"height":9,"type":"bitmap"},{"chars":["ꑓ"],"file":"chatemojis/evil.png","ascent":9,"height":10,"type":"bitmap"},{"chars":["ꒊ"],"file":"required/powerlegacyinterface.png","ascent":13,"height":256,"type":"bitmap"},{"chars":["ꒋ"],"file":"required/powerlegacy-auinterface.png","ascent":13,"height":256,"type":"bitmap"},{"chars":["ꒌ"],"file":"required/powerlegacy-nainterface.png","ascent":13,"height":256,"type":"bitmap"},{"chars":["ꑝ"],"file":"required/kitsinterface.png","ascent":13,"height":256,"type":"bitmap"},{"chars":["晃"],"file":"required/bricknetpaidbanner.png","ascent":40,"height":72,"type":"bitmap"},{"chars":["ꑷ"],"file":"required/betatestingscreen.png","ascent":13,"height":256,"type":"bitmap"},{"chars":["ꑀ"],"file":"required/null.png","ascent":-32768,"height":254,"type":"bitmap"},{"chars":["ꑙ"],"file":"chatemojis/point_right.png","ascent":9,"height":10,"type":"bitmap"},{"chars":["ꐶ"],"file":"required/chestinterface.png","ascent":26,"height":256,"type":"bitmap"},{"chars":["ꐓ"],"file":"default/chat/lord_tag.png","ascent":9,"height":10,"type":"bitmap"},{"chars":["ꑉ"],"file":"required/null.png","ascent":-32768,"height":-66,"type":"bitmap"},{"chars":["꒑"],"file":"required/select-5interface.png","ascent":13,"height":256,"type":"bitmap"},{"chars":["ꐡ"],"file":"required/chaticon.png","ascent":8,"height":10,"type":"bitmap"},{"chars":["ꐻ"],"file":"required/null.png","ascent":-32768,"height":6,"type":"bitmap"},{"chars":["ꐸ"],"file":"required/null.png","ascent":-32768,"height":-1,"type":"bitmap"},{"chars":["ꑸ"],"file":"required/bsmpinterface.png","ascent":13,"height":256,"type":"bitmap"},{"chars":["ꐹ"],"file":"required/null.png","ascent":-32768,"height":0,"type":"bitmap"},{"chars":["ꐺ"],"file":"required/null.png","ascent":-32768,"height":2,"type":"bitmap"},{"chars":["ꑏ"],"file":"required/brickneteventsicon.png","ascent":9,"height":10,"type":"bitmap"},{"chars":["ꑩ"],"file":"required/bricknetpaidbanner.png","ascent":210,"height":300,"type":"bitmap"},{"chars":["ꐴ"],"file":"required/warpsinterface.png","ascent":13,"height":256,"type":"bitmap"},{"chars":["ꑭ"],"file":"required/store-cratekeysinterface.png","ascent":13,"height":256,"type":"bitmap"},{"chars":["巎"],"file":"required/logo.png","ascent":5,"height":29,"type":"bitmap"},{"chars":["ꑘ"],"file":"chatemojis/point_left.png","ascent":9,"height":10,"type":"bitmap"},{"chars":["ꑔ"],"file":"chatemojis/happy.png","ascent":9,"height":10,"type":"bitmap"},{"chars":["ꑴ"],"file":"required/lifestealquests-browseinterface.png","ascent":26,"height":256,"type":"bitmap"},{"chars":["ꒇ"],"file":"required/nodeicon.png","ascent":9,"height":10,"type":"bitmap"},{"chars":["ꑒ"],"file":"chatemojis/distorted.png","ascent":9,"height":10,"type":"bitmap"},{"chars":["ꒁ"],"file":"chatemojis/sob.png","ascent":9,"height":10,"type":"bitmap"},{"chars":["ꐩ"],"file":"required/exit_icon.png","ascent":9,"height":10,"type":"bitmap"},{"chars":["ꑚ"],"file":"required/confirminterface.png","ascent":13,"height":256,"type":"bitmap"},{"chars":["ꐠ"],"file":"required/citizensrank.png","ascent":8,"height":9,"type":"bitmap"},{"chars":["ꐟ"],"file":"required/champplusrank.png","ascent":8,"height":9,"type":"bitmap"},{"chars":["ꑥ"],"file":"required/skychampionsitem.png","ascent":8,"height":16,"type":"bitmap"},{"chars":["ꑬ"],"file":"required/store-ranksinterface.png","ascent":13,"height":256,"type":"bitmap"},{"chars":["ꐽ"],"file":"required/null.png","ascent":-32768,"height":30,"type":"bitmap"},{"chars":["ꑨ"],"file":"required/storeitem.png","ascent":12,"height":16,"type":"bitmap"},{"chars":["ꒅ"],"file":"required/logopixelated.png","ascent":8,"height":9,"type":"bitmap"},{"chars":[""],"file":"required/blankscreen.png","ascent":90,"height":100000,"type":"bitmap"},{"chars":["ꐭ"],"file":"required/logo.png","ascent":20,"height":36,"type":"bitmap"},{"chars":["ꐢ"],"file":"required/betarank.png","ascent":8,"height":9,"type":"bitmap"},{"chars":["ꑁ"],"file":"required/null.png","ascent":-32768,"height":510,"type":"bitmap"},{"chars":["ꐷ"],"file":"required/doublechestinterface.png","ascent":26,"height":256,"type":"bitmap"},{"chars":["ꐪ"],"file":"required/adminrank.png","ascent":8,"height":9,"type":"bitmap"},{"chars":["ꑶ"],"file":"required/bsmplogo.png","ascent":20,"height":50,"type":"bitmap"},{"chars":["ꑖ"],"file":"chatemojis/moustache.png","ascent":9,"height":10,"type":"bitmap"},{"chars":["ꐬ"],"file":"required/brickneteventslogo.png","ascent":20,"height":50,"type":"bitmap"},{"chars":["ꑿ"],"file":"chatemojis/shook.png","ascent":9,"height":10,"type":"bitmap"},{"chars":["ꑡ"],"file":"required/settingsinterface.png","ascent":13,"height":256,"type":"bitmap"},{"chars":["ꐼ"],"file":"required/null.png","ascent":-32768,"height":14,"type":"bitmap"},{"chars":["ꐘ"],"file":"default/chat/heart.png","ascent":8,"height":8,"type":"bitmap"},{"chars":["ꑫ"],"file":"required/gamecoin.png","ascent":10,"height":13,"type":"bitmap"},{"chars":["ꑢ"],"file":"required/enderchestinterface.png","ascent":13,"height":256,"type":"bitmap"},{"chars":["ꐦ"],"file":"required/bricknetplusplusplusrank.png","ascent":8,"height":9,"type":"bitmap"},{"chars":["ꒀ"],"file":"chatemojis/smile.png","ascent":9,"height":10,"type":"bitmap"},{"chars":["ꐱ"],"file":"required/storeinterface.png","ascent":13,"height":256,"type":"bitmap"},{"chars":["ꐧ"],"file":"required/helperrank.png","ascent":8,"height":9,"type":"bitmap"},{"chars":["ꐿ"],"file":"required/null.png","ascent":-32768,"height":126,"type":"bitmap"},{"chars":["ꑽ"],"file":"required/skychampionsarenasinterface.png","ascent":13,"height":256,"type":"bitmap"},{"chars":["ꒈ"],"file":"badges/badge_contentcreator.png","ascent":9,"height":10,"type":"bitmap"},{"chars":["ꐛ"],"file":"required/javatag.png","ascent":7,"height":8,"type":"bitmap"},{"chars":["ꐯ"],"file":"required/genericinterface.png","ascent":13,"height":256,"type":"bitmap"},{"chars":["ꐥ"],"file":"required/bricknetplusplusrank.png","ascent":8,"height":9,"type":"bitmap"},{"chars":["ꑰ"],"file":"required/skychampions-solointerface.png","ascent":13,"height":256,"type":"bitmap"},{"chars":["ꑋ"],"file":"required/null.png","ascent":-32768,"height":-258,"type":"bitmap"},{"chars":["꒏"],"file":"required/cosmeticsitem.png","ascent":12,"height":16,"type":"bitmap"},{"chars":["ꑐ"],"file":"chatemojis/cap.png","ascent":9,"height":10,"type":"bitmap"},{"chars":["ꒃ"],"file":"chatemojis/joy.png","ascent":9,"height":10,"type":"bitmap"},{"chars":["ꑼ"],"file":"chatemojis/point_up.png","ascent":9,"height":10,"type":"bitmap"},{"chars":["ꑾ"],"file":"chatemojis/sad.png","ascent":9,"height":10,"type":"bitmap"},{"chars":["ꑤ"],"file":"required/logo.png","ascent":9,"height":12,"type":"bitmap"},{"chars":["ꐑ"],"file":"default/chat/explorer_tag.png","ascent":9,"height":10,"type":"bitmap"},{"chars":["ꒉ"],"file":"badges/badge_contributor.png","ascent":9,"height":10,"type":"bitmap"},{"chars":["ꐚ"],"file":"required/bedrocktag.png","ascent":7,"height":8,"type":"bitmap"},{"chars":["ꑕ"],"file":"chatemojis/monster.png","ascent":9,"height":10,"type":"bitmap"},{"chars":["ꑊ"],"file":"required/null.png","ascent":-32768,"height":-130,"type":"bitmap"},{"chars":["ꑇ"],"file":"required/null.png","ascent":-32768,"height":-18,"type":"bitmap"},{"chars":["ꐳ"],"file":"required/optionsinterface.png","ascent":13,"height":256,"type":"bitmap"},{"chars":["ꑛ"],"file":"required/confirm-yesinterface.png","ascent":13,"height":256,"type":"bitmap"},{"chars":["ꐕ"],"file":"default/chat/king_tag.png","ascent":9,"height":10,"type":"bitmap"},{"chars":["ꒂ"],"file":"chatemojis/speachless.png","ascent":9,"height":10,"type":"bitmap"},{"chars":["ꐗ"],"file":"default/chat/god_tag.png","ascent":9,"height":10,"type":"bitmap"},{"chars":["ꐮ"],"file":"required/champplusplusplusrank.png","ascent":8,"height":9,"type":"bitmap"},{"chars":["ꑺ"],"file":"required/bsmp.png","ascent":9,"height":10,"type":"bitmap"},{"chars":["ꐖ"],"file":"default/chat/hero_tag.png","ascent":9,"height":10,"type":"bitmap"},{"chars":["ꐐ"],"file":"default/chat/farmer_tag.png","ascent":9,"height":10,"type":"bitmap"},{"chars":["ꑱ"],"file":"required/skychampions-duosinterface.png","ascent":13,"height":256,"type":"bitmap"},{"chars":["ꐒ"],"file":"default/chat/knight_tag.png","ascent":9,"height":10,"type":"bitmap"},{"chars":["ꐣ"],"file":"required/logo.png","ascent":8,"height":30,"type":"bitmap"},{"chars":["ꑣ"],"file":"required/barrelinterface.png","ascent":13,"height":256,"type":"bitmap"},{"chars":["꒐"],"file":"required/bottag.png","ascent":8,"height":9,"type":"bitmap"},{"chars":["ꐵ"],"file":"required/inventoriesinterface.png","ascent":13,"height":256,"type":"bitmap"}]}